ts_ns,syscall,proc_name,tid,evt_cpu,label
1780278280310937479,epoll_wait,node,170295,0,0
1780278280310950385,clock_gettime,node,170295,0,0
1780278280310953918,clock_gettime,node,170295,0,0
1780278280310956823,clock_gettime,node,170295,0,0
1780278280310957530,clock_gettime,node,170295,0,0
1780278280311012765,getrusage,node,170295,0,0
1780278280311022905,getrusage,node,170295,0,0
1780278280311110232,futex,node,170295,0,0
1780278280311119645,futex,node,170295,0,0
1780278280311122013,switch,node,170295,0,0
1780278280311124780,futex,node,170304,0,0
1780278280311136333,futex,node,170304,0,0
1780278280311141985,switch,node,170304,0,0
1780278280311144243,futex,node,170295,0,0
1780278280311146990,futex,node,170295,0,0
1780278280311148224,switch,node,170295,0,0
1780278280311149408,futex,node,170304,0,0
1780278280311161020,open,node,170304,0,0
1780278280311220068,open,node,170304,0,0
1780278280311222734,fcntl,node,170304,0,0
1780278280311227302,fcntl,node,170304,0,0
1780278280311229242,write,node,170304,0,0
1780278280311235998,write,node,170304,0,0
1780278280311238376,futex,node,170304,0,0
1780278280311241451,switch,node,170304,0,0
1780278280311252735,futex,node,170295,0,0
1780278280311266826,futex,node,170295,0,0
1780278280311271851,clock_gettime,node,170295,0,0
1780278280311273204,clock_gettime,node,170295,0,0
1780278280311347132,futex,node,170301,1,0
1780278280311360167,open,node,170301,1,0
1780278280311368859,open,node,170295,0,0
1780278280311394059,open,node,170295,0,0
1780278280311396606,open,node,170301,1,0
1780278280311399990,read,node,170295,0,0
1780278280311399990,fcntl,node,170301,1,0
1780278280311403084,fcntl,node,170301,1,0
1780278280311407900,getdents64,node,170301,1,0
1780278280311422085,read,node,170295,0,0
1780278280311425558,close,node,170295,0,0
1780278280311429986,close,node,170295,0,0
1780278280311433175,getdents64,node,170301,1,0
1780278280311441792,getdents64,node,170301,1,0
1780278280311443245,getdents64,node,170301,1,0
1780278280311444519,close,node,170301,1,0
1780278280311447812,close,node,170301,1,0
1780278280311461197,futex,node,170301,1,0
1780278280311493018,switch,node,170301,1,0
1780278280311501938,clock_gettime,node,170295,0,0
1780278280311504487,clock_gettime,node,170295,0,0
1780278280311507074,epoll_wait,node,170295,0,0
1780278280311511193,epoll_wait,node,170295,0,0
1780278280311512298,clock_gettime,node,170295,0,0
1780278280311513293,clock_gettime,node,170295,0,0
1780278280311514606,read,node,170295,0,0
1780278280311517522,read,node,170295,0,0
1780278280311533811,futex,node,170295,0,0
1780278280311541781,futex,node,170295,0,0
1780278280311544398,switch,node,170295,0,0
1780278280311547174,futex,node,170303,0,0
1780278280311558628,futex,node,170303,0,0
1780278280311562718,switch,node,170303,0,0
1780278280311564807,futex,node,170295,0,0
1780278280311567275,futex,node,170295,0,0
1780278280311568479,switch,node,170295,0,0
1780278280311569653,futex,node,170303,0,0
1780278280311572200,fstat,node,170303,0,0
1780278280311578290,fstat,node,170303,0,0
1780278280311579444,write,node,170303,0,0
1780278280311581285,write,node,170303,0,0
1780278280311582967,futex,node,170303,0,0
1780278280311585265,switch,node,170303,0,0
1780278280311629795,clock_gettime,node,170295,0,0
1780278280311630949,clock_gettime,node,170295,0,0
1780278280311651756,clock_gettime,node,170295,0,0
1780278280311652682,clock_gettime,node,170295,0,0
1780278280311653915,clock_gettime,node,170295,0,0
1780278280311654652,clock_gettime,node,170295,0,0
1780278280311655657,epoll_wait,node,170295,0,0
1780278280311657647,epoll_wait,node,170295,0,0
1780278280311658333,clock_gettime,node,170295,0,0
1780278280311659080,clock_gettime,node,170295,0,0
1780278280311659876,read,node,170295,0,0
1780278280311661527,read,node,170295,0,0
1780278280311700106,futex,node,170295,0,0
1780278280311705002,futex,node,170295,0,0
1780278280311706345,switch,node,170295,0,0
1780278280311708126,futex,node,170302,0,0
1780278280311718803,futex,node,170302,0,0
1780278280311721569,switch,node,170302,0,0
1780278280311723540,futex,node,170295,0,0
1780278280311725818,futex,node,170295,0,0
1780278280311726724,switch,node,170295,0,0
1780278280311727948,futex,node,170302,0,0
1780278280311729798,read,node,170302,0,0
1780278280311758705,read,node,170302,0,0
1780278280311760307,write,node,170302,0,0
1780278280311761710,write,node,170302,0,0
1780278280311762974,futex,node,170302,0,0
1780278280311765153,switch,node,170302,0,0
1780278280311769332,clock_gettime,node,170295,0,0
1780278280311770367,clock_gettime,node,170295,0,0
1780278280311771313,clock_gettime,node,170295,0,0
1780278280311772009,clock_gettime,node,170295,0,0
1780278280311772835,epoll_wait,node,170295,0,0
1780278280311774248,epoll_wait,node,170295,0,0
1780278280311774935,clock_gettime,node,170295,0,0
1780278280311775641,clock_gettime,node,170295,0,0
1780278280311776377,read,node,170295,0,0
1780278280311777571,read,node,170295,0,0
1780278280311800379,futex,node,170295,0,0
1780278280311803215,futex,node,170295,0,0
1780278280311804289,switch,node,170295,0,0
1780278280311805613,futex,node,170304,0,0
1780278280311815752,futex,node,170304,0,0
1780278280311817852,switch,node,170304,0,0
1780278280311819583,futex,node,170295,0,0
1780278280311821762,futex,node,170295,0,0
1780278280311822658,switch,node,170295,0,0
1780278280311823842,futex,node,170304,0,0
1780278280311825235,read,node,170304,0,0
1780278280311826678,read,node,170304,0,0
1780278280311827832,write,node,170304,0,0
1780278280311828927,write,node,170304,0,0
1780278280311830031,futex,node,170304,0,0
1780278280311832051,switch,node,170304,0,0
1780278280311835414,clock_gettime,node,170295,0,0
1780278280311836270,clock_gettime,node,170295,0,0
1780278280311837165,clock_gettime,node,170295,0,0
1780278280311837862,clock_gettime,node,170295,0,0
1780278280311838699,epoll_wait,node,170295,0,0
1780278280311839833,epoll_wait,node,170295,0,0
1780278280311840520,clock_gettime,node,170295,0,0
1780278280311841226,clock_gettime,node,170295,0,0
1780278280311841933,read,node,170295,0,0
1780278280311843057,read,node,170295,0,0
1780278280311848401,futex,node,170295,0,0
1780278280311862202,futex,node,170295,0,0
1780278280311865217,clock_gettime,node,170295,0,0
1780278280311866361,clock_gettime,node,170295,0,0
1780278280311867386,clock_gettime,node,170295,0,0
1780278280311868272,clock_gettime,node,170295,0,0
1780278280311869217,epoll_wait,node,170295,0,0
1780278280311893756,switch,node,170295,0,0
1780278280311926125,futex,node,170301,1,0
1780278280311931429,close,node,170301,1,0
1780278280311935071,close,node,170301,1,0
1780278280311942037,write,node,170301,1,0
1780278280311959340,write,node,170301,1,0
1780278280311962405,futex,node,170301,1,0
1780278280311968067,switch,node,170301,1,0
1780278280312001761,epoll_wait,node,170295,0,0
1780278280312004139,clock_gettime,node,170295,0,0
1780278280312005433,clock_gettime,node,170295,0,0
1780278280312006488,read,node,170295,0,0
1780278280312008667,read,node,170295,0,0
1780278280312248188,clock_gettime,node,170295,0,0
1780278280312250238,clock_gettime,node,170295,0,0
1780278280312251910,clock_gettime,node,170295,0,0
1780278280312252636,clock_gettime,node,170295,0,0
1780278280312253661,epoll_wait,node,170295,0,0
1780278280312261731,switch,node,170295,0,0
1780278290320580423,epoll_wait,node,170295,0,0
1780278290320590353,clock_gettime,node,170295,0,0
1780278290320591607,clock_gettime,node,170295,0,0
1780278290320593886,clock_gettime,node,170295,0,0
1780278290320594572,clock_gettime,node,170295,0,0
1780278290320655729,getrusage,node,170295,0,0
1780278290320664197,getrusage,node,170295,0,0
1780278290320750937,futex,node,170295,0,0
1780278290320756738,futex,node,170295,0,0
1780278290320758718,switch,node,170295,0,0
1780278290320760788,futex,node,170303,0,0
1780278290320771823,futex,node,170303,0,0
1780278290320775197,switch,node,170303,0,0
1780278290320777496,futex,node,170295,0,0
1780278290320779944,futex,node,170295,0,0
1780278290320780969,switch,node,170295,0,0
1780278290320782143,futex,node,170303,0,0
1780278290320794252,open,node,170303,0,0
1780278290320850195,open,node,170303,0,0
1780278290320853011,fcntl,node,170303,0,0
1780278290320857370,fcntl,node,170303,0,0
1780278290320859042,write,node,170303,0,0
1780278290320865490,write,node,170303,0,0
1780278290320867798,futex,node,170303,0,0
1780278290320871400,switch,node,170303,0,0
1780278290320882156,futex,node,170295,0,0
1780278290320885848,futex,node,170295,0,0
1780278290320886933,switch,node,170295,0,0
1780278290320888903,futex,node,170302,0,0
1780278290320899601,futex,node,170302,0,0
1780278290320902108,switch,node,170302,0,0
1780278290320904327,futex,node,170295,0,0
1780278290320906546,futex,node,170295,0,0
1780278290320907471,switch,node,170295,0,0
1780278290320908626,futex,node,170302,0,0
1780278290320911531,open,node,170302,0,0
1780278290320922029,open,node,170302,0,0
1780278290320923571,fcntl,node,170302,0,0
1780278290320924845,fcntl,node,170302,0,0
1780278290320928148,getdents64,node,170302,0,0
1780278290320948488,getdents64,node,170302,0,0
1780278290320955961,getdents64,node,170302,0,0
1780278290320956986,getdents64,node,170302,0,0
1780278290320958817,close,node,170302,0,0
1780278290320962856,close,node,170302,0,0
1780278290320974419,futex,node,170302,0,0
1780278290320976768,switch,node,170302,0,0
1780278290320982410,clock_gettime,node,170295,0,0
1780278290320983704,clock_gettime,node,170295,0,0
1780278290321051586,open,node,170295,0,0
1780278290321062971,open,node,170295,0,0
1780278290321064951,read,node,170295,0,0
1780278290321084324,read,node,170295,0,0
1780278290321086275,close,node,170295,0,0
1780278290321087707,close,node,170295,0,0
1780278290321141651,clock_gettime,node,170295,0,0
1780278290321142885,clock_gettime,node,170295,0,0
1780278290321144765,epoll_wait,node,170295,0,0
1780278290321147452,epoll_wait,node,170295,0,0
1780278290321148278,clock_gettime,node,170295,0,0
1780278290321149024,clock_gettime,node,170295,0,0
1780278290321150109,read,node,170295,0,0
1780278290321152119,read,node,170295,0,0
1780278290321163691,futex,node,170295,0,0
1780278290321168567,futex,node,170295,0,0
1780278290321169980,switch,node,170295,0,0
1780278290321172109,futex,node,170304,0,0
1780278290321182966,futex,node,170304,0,0
1780278290321185802,switch,node,170304,0,0
1780278290321187822,futex,node,170295,0,0
1780278290321190180,futex,node,170295,0,0
1780278290321191105,switch,node,170295,0,0
1780278290321192309,futex,node,170304,0,0
1780278290321194479,fstat,node,170304,0,0
1780278290321199424,fstat,node,170304,0,0
1780278290321200449,write,node,170304,0,0
1780278290321202021,write,node,170304,0,0
1780278290321203334,futex,node,170304,0,0
1780278290321205573,switch,node,170304,0,0
1780278290321244112,clock_gettime,node,170295,0,0
1780278290321245187,clock_gettime,node,170295,0,0
1780278290321264124,clock_gettime,node,170295,0,0
1780278290321265059,clock_gettime,node,170295,0,0
1780278290321266203,clock_gettime,node,170295,0,0
1780278290321266910,clock_gettime,node,170295,0,0
1780278290321267925,epoll_wait,node,170295,0,0
1780278290321269835,epoll_wait,node,170295,0,0
1780278290321270562,clock_gettime,node,170295,0,0
1780278290321271308,clock_gettime,node,170295,0,0
1780278290321272193,read,node,170295,0,0
1780278290321273656,read,node,170295,0,0
1780278290321309608,futex,node,170295,0,0
1780278290321323250,futex,node,170295,0,0
1780278290321326603,clock_gettime,node,170295,0,0
1780278290321327509,clock_gettime,node,170295,0,0
1780278290321328434,clock_gettime,node,170295,0,0
1780278290321329141,clock_gettime,node,170295,0,0
1780278290321329967,epoll_wait,node,170295,0,0
1780278290321338623,switch,node,170295,0,0
1780278290321425974,futex,node,170301,1,0
1780278290321434123,read,node,170301,1,0
1780278290321478603,read,node,170301,1,0
1780278290321482215,write,node,170301,1,0
1780278290321495986,write,node,170301,1,0
1780278290321498742,futex,node,170301,1,0
1780278290321513888,epoll_wait,node,170295,0,0
1780278290321519520,clock_gettime,node,170295,0,0
1780278290321519520,clock_gettime,node,170295,0,0
1780278290321519520,switch,node,170301,1,0
1780278290321522107,read,node,170295,0,0
1780278290321522107,read,node,170295,0,0
1780278290321622816,switch,node,170295,0,0
1780278290321635811,futex,node,170295,0,0
1780278290321640139,futex,node,170295,0,0
1780278290321641642,switch,node,170295,0,0
1780278290321642965,futex,node,170303,0,0
1780278290321653393,futex,node,170303,0,0
1780278290321656528,switch,node,170303,0,0
1780278290321658329,futex,node,170295,0,0
1780278290321660617,futex,node,170295,0,0
1780278290321661533,switch,node,170295,0,0
1780278290321662678,futex,node,170303,0,0
1780278290321665783,read,node,170303,0,0
1780278290321669086,read,node,170303,0,0
1780278290321670917,write,node,170303,0,0
1780278290321674022,write,node,170303,0,0
1780278290321676091,futex,node,170303,0,0
1780278290321678221,switch,node,170303,0,0
1780278290321685455,clock_gettime,node,170295,0,0
1780278290321686490,clock_gettime,node,170295,0,0
1780278290321688291,clock_gettime,node,170295,0,0
1780278290321689007,clock_gettime,node,170295,0,0
1780278290321690181,epoll_wait,node,170295,0,0
1780278290321692102,epoll_wait,node,170295,0,0
1780278290321692818,clock_gettime,node,170295,0,0
1780278290321693524,clock_gettime,node,170295,0,0
1780278290321694271,read,node,170295,0,0
1780278290321695455,read,node,170295,0,0
1780278290321703028,futex,node,170295,0,0
1780278290321705884,futex,node,170295,0,0
1780278290321706879,switch,node,170295,0,0
1780278290321708163,futex,node,170302,0,0
1780278290321718322,futex,node,170302,0,0
1780278290321720591,switch,node,170302,0,0
1780278290321722342,futex,node,170295,0,0
1780278290321724511,futex,node,170295,0,0
1780278290321725427,switch,node,170295,0,0
1780278290321726581,futex,node,170302,0,0
1780278290321728521,close,node,170302,0,0
1780278290321731735,close,node,170302,0,0
1780278290321738173,write,node,170302,0,0
1780278290321739397,write,node,170302,0,0
1780278290321740511,futex,node,170302,0,0
1780278290321742612,switch,node,170302,0,0
1780278290321745955,clock_gettime,node,170295,0,0
1780278290321746970,clock_gettime,node,170295,0,0
1780278290321747935,clock_gettime,node,170295,0,0
1780278290321748632,clock_gettime,node,170295,0,0
1780278290321749398,epoll_wait,node,170295,0,0
1780278290321750562,epoll_wait,node,170295,0,0
1780278290321751269,clock_gettime,node,170295,0,0
1780278290321751975,clock_gettime,node,170295,0,0
1780278290321752692,read,node,170295,0,0
1780278290321753786,read,node,170295,0,0
1780278290322217059,clock_gettime,node,170295,0,0
1780278290322219288,clock_gettime,node,170295,0,0
1780278290322395983,clock_gettime,node,170295,0,0
1780278290322397525,clock_gettime,node,170295,0,0
1780278290322400889,futex,node,170295,0,0
1780278290322408640,futex,node,170295,0,0
1780278290322411088,switch,node,170295,0,0
1780278290322413894,futex,V8 WorkerThread,170297,0,0
1780278290322425178,futex,V8 WorkerThread,170297,0,0
1780278290322429537,switch,V8 WorkerThread,170297,0,0
1780278290322431477,futex,node,170295,0,0
1780278290322433955,futex,node,170295,0,0
1780278290322435149,switch,node,170295,0,0
1780278290322436343,futex,V8 WorkerThread,170297,0,0
1780278290322438423,clock_gettime,V8 WorkerThread,170297,0,0
1780278290322439298,clock_gettime,V8 WorkerThread,170297,0,0
1780278290323422425,switch,V8 WorkerThread,170297,0,0
1780278290325662203,clock_gettime,V8 WorkerThread,170297,1,0
1780278290325663536,clock_gettime,V8 WorkerThread,170297,1,0
1780278290325671049,futex,V8 WorkerThread,170297,1,0
1780278290325675745,switch,V8 WorkerThread,170297,1,0
1780278290325688323,clock_gettime,node,170295,1,0
1780278290325689228,clock_gettime,node,170295,1,0
1780278290325899735,clock_gettime,node,170295,1,0
1780278290325901099,clock_gettime,node,170295,1,0
1780278290325908124,madvise,node,170295,1,0
1780278290325939628,madvise,node,170295,1,0
1780278290326113237,clock_gettime,node,170295,1,0
1780278290326114968,clock_gettime,node,170295,1,0
1780278290326117665,clock_gettime,node,170295,1,0
1780278290326118501,clock_gettime,node,170295,1,0
1780278290326120690,epoll_wait,node,170295,1,0
1780278290326137994,switch,node,170295,1,0
1780278300324876019,epoll_wait,node,170295,1,0
1780278300324891512,clock_gettime,node,170295,1,0
1780278300324893870,clock_gettime,node,170295,1,0
1780278300324897283,clock_gettime,node,170295,1,0
1780278300324898009,clock_gettime,node,170295,1,0
1780278300324975266,getrusage,node,170295,1,0
1780278300324987914,getrusage,node,170295,1,0
1780278300325104963,futex,node,170295,1,0
1780278300325120835,futex,node,170295,1,0
1780278300325133761,futex,node,170295,1,0
1780278300325139870,futex,node,170295,1,0
1780278300325142258,switch,node,170295,1,0
1780278300325145293,futex,node,170301,1,0
1780278300325157026,futex,node,170301,1,0
1780278300325162379,switch,node,170301,1,0
1780278300325164797,futex,node,170295,1,0
1780278300325167494,futex,node,170295,1,0
1780278300325168757,switch,node,170295,1,0
1780278300325170081,futex,node,170301,1,0
1780278300325187489,open,node,170301,1,0
1780278300325219133,futex,node,170304,0,0
1780278300325232696,open,node,170304,0,0
1780278300325273439,open,node,170301,1,0
1780278300325278240,open,node,170304,0,0
1780278300325278240,fcntl,node,170301,1,0
1780278300325280807,fcntl,node,170304,0,0
1780278300325283394,fcntl,node,170301,1,0
1780278300325283982,fcntl,node,170304,0,0
1780278300325283982,write,node,170301,1,0
1780278300325288439,getdents64,node,170304,0,0
1780278300325289778,write,node,170301,1,0
1780278300325292275,futex,node,170301,1,0
1780278300325295270,switch,node,170301,1,0
1780278300325301310,clock_gettime,node,170295,1,0
1780278300325302504,clock_gettime,node,170295,1,0
1780278300325310262,getdents64,node,170304,0,0
1780278300325316700,getdents64,node,170304,0,0
1780278300325317685,getdents64,node,170304,0,0
1780278300325319575,close,node,170304,0,0
1780278300325324252,close,node,170304,0,0
1780278300325336620,futex,node,170304,0,0
1780278300325369507,switch,node,170304,0,0
1780278300325394698,open,node,170295,1,0
1780278300325407395,open,node,170295,1,0
1780278300325409623,read,node,170295,1,0
1780278300325428330,read,node,170295,1,0
1780278300325430788,close,node,170295,1,0
1780278300325433217,close,node,170295,1,0
1780278300325490731,clock_gettime,node,170295,1,0
1780278300325492005,clock_gettime,node,170295,1,0
1780278300325493955,epoll_wait,node,170295,1,0
1780278300325496771,epoll_wait,node,170295,1,0
1780278300325497667,clock_gettime,node,170295,1,0
1780278300325498413,clock_gettime,node,170295,1,0
1780278300325499687,read,node,170295,1,0
1780278300325501528,read,node,170295,1,0
1780278300325514265,futex,node,170295,1,0
1780278300325523405,futex,node,170295,1,0
1780278300325526519,switch,node,170295,1,0
1780278300325529226,futex,node,170303,1,0
1780278300325539012,futex,node,170303,1,0
1780278300325542465,switch,node,170303,1,0
1780278300325544604,futex,node,170295,1,0
1780278300325547191,futex,node,170295,1,0
1780278300325548216,switch,node,170295,1,0
1780278300325549440,futex,node,170303,1,0
1780278300325551579,fstat,node,170303,1,0
1780278300325556486,fstat,node,170303,1,0
1780278300325557541,write,node,170303,1,0
1780278300325559073,write,node,170303,1,0
1780278300325560486,futex,node,170303,1,0
1780278300325562705,switch,node,170303,1,0
1780278300325618958,switch,node,170295,1,0
1780278300325664619,clock_gettime,node,170295,1,0
1780278300325666052,clock_gettime,node,170295,1,0
1780278300325685954,clock_gettime,node,170295,1,0
1780278300325686899,clock_gettime,node,170295,1,0
1780278300325688242,clock_gettime,node,170295,1,0
1780278300325688949,clock_gettime,node,170295,1,0
1780278300325690432,epoll_wait,node,170295,1,0
1780278300325693148,epoll_wait,node,170295,1,0
1780278300325693934,clock_gettime,node,170295,1,0
1780278300325694661,clock_gettime,node,170295,1,0
1780278300325695695,read,node,170295,1,0
1780278300325698511,read,node,170295,1,0
1780278300325740971,futex,node,170295,1,0
1780278300325752165,futex,node,170295,1,0
1780278300325755309,clock_gettime,node,170295,1,0
1780278300325756146,clock_gettime,node,170295,1,0
1780278300325757042,clock_gettime,node,170295,1,0
1780278300325757738,clock_gettime,node,170295,1,0
1780278300325758534,epoll_wait,node,170295,1,0
1780278300325766306,switch,node,170295,1,0
1780278300325829095,futex,node,170302,0,0
1780278300325836419,read,node,170302,0,0
1780278300325871634,read,node,170302,0,0
1780278300325874142,write,node,170302,0,0
1780278300325889397,write,node,170302,0,0
1780278300325891496,futex,node,170302,0,0
1780278300325895420,epoll_wait,node,170295,1,0
1780278300325897815,switch,node,170302,0,0
1780278300325898525,clock_gettime,node,170295,1,0
1780278300325899450,clock_gettime,node,170295,1,0
1780278300325900783,read,node,170295,1,0
1780278300325902764,read,node,170295,1,0
1780278300325942427,futex,node,170295,1,0
1780278300325946745,futex,node,170295,1,0
1780278300325948248,switch,node,170295,1,0
1780278300325949820,futex,node,170301,1,0
1780278300325960339,futex,node,170301,1,0
1780278300325962966,switch,node,170301,1,0
1780278300325964816,futex,node,170295,1,0
1780278300325967125,futex,node,170295,1,0
1780278300325968090,switch,node,170295,1,0
1780278300325969254,futex,node,170301,1,0
1780278300325972210,read,node,170301,1,0
1780278300325975961,read,node,170301,1,0
1780278300325977762,write,node,170301,1,0
1780278300325979802,write,node,170301,1,0
1780278300325981483,futex,node,170301,1,0
1780278300325983662,switch,node,170301,1,0
1780278300325989434,clock_gettime,node,170295,1,0
1780278300325990727,clock_gettime,node,170295,1,0
1780278300325992936,clock_gettime,node,170295,1,0
1780278300325993643,clock_gettime,node,170295,1,0
1780278300325994777,epoll_wait,node,170295,1,0
1780278300325996658,epoll_wait,node,170295,1,0
1780278300325997404,clock_gettime,node,170295,1,0
1780278300325998130,clock_gettime,node,170295,1,0
1780278300325998867,read,node,170295,1,0
1780278300326000082,read,node,170295,1,0
1780278300326006530,futex,node,170295,1,0
1780278300326016888,futex,node,170295,1,0
1780278300326019306,clock_gettime,node,170295,1,0
1780278300326020122,clock_gettime,node,170295,1,0
1780278300326020978,clock_gettime,node,170295,1,0
1780278300326021684,clock_gettime,node,170295,1,0
1780278300326022440,epoll_wait,node,170295,1,0
1780278300326031784,switch,node,170295,1,0
1780278300326052570,futex,node,170304,0,0
1780278300326055715,close,node,170304,0,0
1780278300326059695,close,node,170304,0,0
1780278300326066153,write,node,170304,0,0
1780278300326099834,epoll_wait,node,170295,1,0
1780278300326101078,clock_gettime,node,170295,1,0
1780278300326101993,clock_gettime,node,170295,1,0
1780278300326102819,read,node,170295,1,0
1780278300326104123,write,node,170304,0,0
1780278300326104123,read,node,170295,1,0
1780278300326105687,futex,node,170304,0,0
1780278300326110244,switch,node,170304,0,0
1780278300326280080,clock_gettime,node,170295,1,0
1780278300326281603,clock_gettime,node,170295,1,0
1780278300326282808,clock_gettime,node,170295,1,0
1780278300326283514,clock_gettime,node,170295,1,0
1780278300326284469,epoll_wait,node,170295,1,0
1780278300326289912,switch,node,170295,1,0
1780278310331504574,epoll_wait,node,170295,1,0
1780278310331519700,clock_gettime,node,170295,1,0
1780278310331521481,clock_gettime,node,170295,1,0
1780278310331525262,clock_gettime,node,170295,1,0
1780278310331525938,clock_gettime,node,170295,1,0
1780278310331605325,getrusage,node,170295,1,0
1780278310331618330,getrusage,node,170295,1,0
1780278310331732783,futex,node,170295,1,0
1780278310331739092,futex,node,170295,1,0
1780278310331740972,switch,node,170295,1,0
1780278310331743798,futex,node,170303,1,0
1780278310331755878,futex,node,170303,1,0
1780278310331760337,switch,node,170303,1,0
1780278310331762645,futex,node,170295,1,0
1780278310331765053,futex,node,170295,1,0
1780278310331766108,switch,node,170295,1,0
1780278310331767372,futex,node,170303,1,0
1780278310331779929,open,node,170303,1,0
1780278310331839036,open,node,170303,1,0
1780278310331841873,fcntl,node,170303,1,0
1780278310331846390,fcntl,node,170303,1,0
1780278310331848689,write,node,170303,1,0
1780278310331855196,write,node,170303,1,0
1780278310331857644,futex,node,170303,1,0
1780278310331860370,switch,node,170303,1,0
1780278310331872221,futex,node,170295,1,0
1780278310331887566,futex,node,170295,1,0
1780278310331892223,clock_gettime,node,170295,1,0
1780278310331893427,clock_gettime,node,170295,1,0
1780278310331967392,open,node,170295,1,0
1780278310331978704,open,node,170295,1,0
1780278310331980943,read,node,170295,1,0
1780278310331999064,futex,node,170302,0,0
1780278310332001501,read,node,170295,1,0
1780278310332004357,close,node,170295,1,0
1780278310332011791,close,node,170295,1,0
1780278310332011791,open,node,170302,0,0
1780278310332045723,open,node,170302,0,0
1780278310332048002,fcntl,node,170302,0,0
1780278310332050599,fcntl,node,170302,0,0
1780278310332054768,getdents64,node,170302,0,0
1780278310332074311,getdents64,node,170302,0,0
1780278310332082212,getdents64,node,170302,0,0
1780278310332083248,getdents64,node,170302,0,0
1780278310332084481,close,node,170302,0,0
1780278310332087576,close,node,170302,0,0
1780278310332099039,futex,node,170302,0,0
1780278310332101118,clock_gettime,node,170295,1,0
1780278310332101118,clock_gettime,node,170295,1,0
1780278310332105298,epoll_wait,node,170295,1,0
1780278310332108163,epoll_wait,node,170295,1,0
1780278310332109765,clock_gettime,node,170295,1,0
1780278310332109765,clock_gettime,node,170295,1,0
1780278310332111626,read,node,170295,1,0
1780278310332114770,read,node,170295,1,0
1780278310332129488,futex,node,170295,1,0
1780278310332133956,futex,node,170295,1,0
1780278310332136503,switch,node,170295,1,0
1780278310332136503,futex,node,170301,1,0
1780278310332136503,switch,node,170302,0,0
1780278310332146223,futex,node,170301,1,0
1780278310332152513,switch,node,170301,1,0
1780278310332153180,futex,node,170295,1,0
1780278310332157399,futex,node,170295,1,0
1780278310332157797,switch,node,170295,1,0
1780278310332159698,futex,node,170301,1,0
1780278310332161061,fstat,node,170301,1,0
1780278310332163278,fstat,node,170301,1,0
1780278310332167848,write,node,170301,1,0
1780278310332167848,write,node,170301,1,0
1780278310332169888,futex,node,170301,1,0
1780278310332172147,switch,node,170301,1,0
1780278310332247313,clock_gettime,node,170295,1,0
1780278310332248696,clock_gettime,node,170295,1,0
1780278310332268826,clock_gettime,node,170295,1,0
1780278310332269771,clock_gettime,node,170295,1,0
1780278310332270925,clock_gettime,node,170295,1,0
1780278310332271681,clock_gettime,node,170295,1,0
1780278310332272686,epoll_wait,node,170295,1,0
1780278310332274637,epoll_wait,node,170295,1,0
1780278310332275423,clock_gettime,node,170295,1,0
1780278310332276129,clock_gettime,node,170295,1,0
1780278310332277045,read,node,170295,1,0
1780278310332278716,read,node,170295,1,0
1780278310332316290,futex,node,170295,1,0
1780278310332331326,futex,node,170295,1,0
1780278310332335416,clock_gettime,node,170295,1,0
1780278310332336451,clock_gettime,node,170295,1,0
1780278310332337724,clock_gettime,node,170295,1,0
1780278310332338431,clock_gettime,node,170295,1,0
1780278310332339297,epoll_wait,node,170295,1,0
1780278310332346769,switch,node,170295,1,0
1780278310332374213,futex,node,170304,0,0
1780278310332379079,read,node,170304,0,0
1780278310332411509,read,node,170304,0,0
1780278310332413817,write,node,170304,0,0
1780278310332427817,write,node,170304,0,0
1780278310332429638,futex,node,170304,0,0
1780278310332433549,switch,node,170304,0,0
1780278310332463980,epoll_wait,node,170295,1,0
1780278310332465413,clock_gettime,node,170295,1,0
1780278310332466348,clock_gettime,node,170295,1,0
1780278310332467304,read,node,170295,1,0
1780278310332468816,read,node,170295,1,0
1780278310332494002,futex,node,170295,1,0
1780278310332500877,futex,node,170295,1,0
1780278310332502977,switch,node,170295,1,0
1780278310332505017,futex,node,170303,1,0
1780278310332515783,futex,node,170303,1,0
1780278310332518470,switch,node,170303,1,0
1780278310332520360,futex,node,170295,1,0
1780278310332522649,futex,node,170295,1,0
1780278310332523574,switch,node,170295,1,0
1780278310332524729,futex,node,170303,1,0
1780278310332526440,read,node,170303,1,0
1780278310332528202,read,node,170303,1,0
1780278310332529366,write,node,170303,1,0
1780278310332530789,write,node,170303,1,0
1780278310332532192,futex,node,170303,1,0
1780278310332534282,switch,node,170303,1,0
1780278310332538073,clock_gettime,node,170295,1,0
1780278310332538998,clock_gettime,node,170295,1,0
1780278310332540043,clock_gettime,node,170295,1,0
1780278310332540760,clock_gettime,node,170295,1,0
1780278310332541695,epoll_wait,node,170295,1,0
1780278310332542939,epoll_wait,node,170295,1,0
1780278310332543655,clock_gettime,node,170295,1,0
1780278310332544352,clock_gettime,node,170295,1,0
1780278310332545068,read,node,170295,1,0
1780278310332546272,read,node,170295,1,0
1780278310332551834,futex,node,170295,1,0
1780278310332561805,futex,node,170295,1,0
1780278310332564273,clock_gettime,node,170295,1,0
1780278310332565098,clock_gettime,node,170295,1,0
1780278310332565974,clock_gettime,node,170295,1,0
1780278310332566690,clock_gettime,node,170295,1,0
1780278310332567467,epoll_wait,node,170295,1,0
1780278310332585070,switch,node,170295,1,0
1780278310332634068,futex,node,170302,0,0
1780278310332640835,close,node,170302,0,0
1780278310332645004,close,node,170302,0,0
1780278310332652687,write,node,170302,0,0
1780278310332669264,write,node,170302,0,0
1780278310332671712,futex,node,170302,0,0
1780278310332677364,switch,node,170302,0,0
1780278310332697276,epoll_wait,node,170295,1,0
1780278310332698729,clock_gettime,node,170295,1,0
1780278310332699584,clock_gettime,node,170295,1,0
1780278310332700440,read,node,170295,1,0
1780278310332701744,read,node,170295,1,0
1780278310332863273,clock_gettime,node,170295,1,0
1780278310332864696,clock_gettime,node,170295,1,0
1780278310332865930,clock_gettime,node,170295,1,0
1780278310332866636,clock_gettime,node,170295,1,0
1780278310332867611,epoll_wait,node,170295,1,0
1780278310332872616,switch,node,170295,1,0
1780278316530705989,epoll_wait,node,170295,1,0
1780278316530721462,clock_gettime,node,170295,1,0
1780278316530725214,clock_gettime,node,170295,1,0
1780278316530728467,clock_gettime,node,170295,1,0
1780278316530729184,clock_gettime,node,170295,1,0
1780278316530769842,clock_gettime,node,170295,1,0
1780278316530770698,clock_gettime,node,170295,1,0
1780278316531004678,futex,node,170295,1,0
1780278316531017753,futex,node,170295,1,0
1780278316531021017,switch,node,170295,1,0
1780278316531024699,futex,node,170301,1,0
1780278316531037197,futex,node,170301,1,0
1780278316531043416,switch,node,170301,1,0
1780278316531045596,futex,node,170295,1,0
1780278316531048829,futex,node,170295,1,0
1780278316531050123,switch,node,170295,1,0
1780278316531051526,futex,node,170301,1,0
1780278316531073328,open,node,170301,1,0
1780278316531143878,open,node,170301,1,0
1780278316531146883,fcntl,node,170301,1,0
1780278316531153063,fcntl,node,170301,1,0
1780278316531154805,readv,node,170301,1,0
1780278316531166506,readv,node,170301,1,0
1780278316531174626,readv,node,170301,1,0
1780278316531176218,readv,node,170301,1,0
1780278316531178487,close,node,170301,1,0
1780278316531182964,close,node,170301,1,0
1780278316531190825,open,node,170301,1,0
1780278316531201931,open,node,170301,1,0
1780278316531203652,fcntl,node,170301,1,0
1780278316531204866,fcntl,node,170301,1,0
1780278316531205752,readv,node,170301,1,0
1780278316531208687,readv,node,170301,1,0
1780278316531217404,readv,node,170301,1,0
1780278316531218876,readv,node,170301,1,0
1780278316531221264,readv,node,170301,1,0
1780278316531222677,readv,node,170301,1,0
1780278316531223493,close,node,170301,1,0
1780278316531224538,close,node,170301,1,0
1780278316531227046,clock_gettime,node,170301,1,0
1780278316531228797,clock_gettime,node,170301,1,0
1780278316531233773,socket,node,170301,1,0
1780278316531266450,socket,node,170301,1,0
1780278316531268301,bind,node,170301,1,0
1780278316531281536,bind,node,170301,1,0
1780278316531283347,clock_gettime,node,170301,1,0
1780278316531284183,clock_gettime,node,170301,1,0
1780278316531285238,sendto,node,170301,1,0
1780278316531423243,sendto,node,170301,1,0
1780278316531425343,poll,node,170301,1,0
1780278316531440727,switch,node,170301,1,0
1780278316531540347,clock_gettime,node,170295,1,0
1780278316531540960,clock_gettime,node,170295,1,0
1780278316531543746,epoll_wait,node,170295,1,0
1780278316531545826,epoll_wait,node,170295,1,0
1780278316531546811,clock_gettime,node,170295,1,0
1780278316531547656,clock_gettime,node,170295,1,0
1780278316531552144,clock_gettime,node,170295,1,0
1780278316531558138,epoll_wait,node,170295,1,0
1780278316531558138,clock_gettime,node,170295,1,0
1780278316531558138,clock_gettime,node,170295,1,0
1780278316531558138,clock_gettime,node,170295,1,0
1780278316531562902,switch,node,170295,1,0
1780278316532797162,poll,node,170301,1,0
1780278316532803649,recvfrom,node,170301,1,0
1780278316532812475,recvfrom,node,170301,1,0
1780278316532816048,sendto,node,170301,1,0
1780278316532843757,sendto,node,170301,1,0
1780278316532845080,recvfrom,node,170301,1,0
1780278316532846971,recvfrom,node,170301,1,0
1780278316532849697,clock_gettime,node,170301,1,0
1780278316532849697,poll,node,170301,1,0
1780278316532849697,clock_gettime,node,170301,1,0
1780278316532852975,switch,node,170301,1,0
1780278316533451417,poll,node,170301,1,0
1780278316533452185,recvfrom,node,170301,1,0
1780278316533464970,recvfrom,node,170301,1,0
1780278316533467557,sendto,node,170301,1,0
1780278316533479250,sendto,node,170301,1,0
1780278316533479250,recvfrom,node,170301,1,0
1780278316533479250,recvfrom,node,170301,1,0
1780278316533483309,clock_gettime,node,170301,1,0
1780278316533483309,poll,node,170301,1,0
1780278316533483309,clock_gettime,node,170301,1,0
1780278316533492534,switch,node,170301,1,0
1780278316534391241,poll,node,170301,1,0
1780278316534394865,recvfrom,node,170301,1,0
1780278316534401920,recvfrom,node,170301,1,0
1780278316534404448,recvfrom,node,170301,1,0
1780278316534406308,recvfrom,node,170301,1,0
1780278316534409482,clock_gettime,node,170301,1,0
1780278316534410678,clock_gettime,node,170301,1,0
1780278316534411493,poll,node,170301,1,0
1780278316534420638,switch,node,170301,1,0
1780278319032166034,poll,node,170301,1,0
1780278319032178253,clock_gettime,node,170301,1,0
1780278319032180980,clock_gettime,node,170301,1,0
1780278319032182502,sendto,node,170301,1,0
1780278319032295930,sendto,node,170301,1,0
1780278319032297751,poll,node,170301,1,0
1780278319032309642,switch,node,170301,1,0
1780278319033335133,poll,node,170301,1,0
1780278319033339194,recvfrom,node,170301,1,0
1780278319033345482,recvfrom,node,170301,1,0
1780278319033348258,sendto,node,170301,1,0
1780278319033360577,sendto,node,170301,1,0
1780278319033361920,recvfrom,node,170301,1,0
1780278319033363861,recvfrom,node,170301,1,0
1780278319033366836,clock_gettime,node,170301,1,0
1780278319033367901,clock_gettime,node,170301,1,0
1780278319033368766,poll,node,170301,1,0
1780278319033376448,switch,node,170301,1,0
1780278319034162194,poll,node,170301,1,0
1780278319034166194,recvfrom,node,170301,1,0
1780278319034171935,recvfrom,node,170301,1,0
1780278319034174383,sendto,node,170301,1,0
1780278319034186124,sendto,node,170301,1,0
1780278319034187468,recvfrom,node,170301,1,0
1780278319034197959,recvfrom,node,170301,1,0
1780278319034199661,clock_gettime,node,170301,1,0
1780278319034199661,clock_gettime,node,170301,1,0
1780278319034199661,poll,node,170301,1,0
1780278319034208477,switch,node,170301,1,0
1780278319034885869,poll,node,170301,1,0
1780278319034890278,recvfrom,node,170301,1,0
1780278319034895999,recvfrom,node,170301,1,0
1780278319034897820,recvfrom,node,170301,1,0
1780278319034898592,recvfrom,node,170301,1,0
1780278319034900631,clock_gettime,node,170301,1,0
1780278319034901696,clock_gettime,node,170301,1,0
1780278319034902532,poll,node,170301,1,0
1780278319034908632,switch,node,170301,1,0
1780278320333757322,epoll_wait,node,170295,1,0
1780278320333770746,clock_gettime,node,170295,1,0
1780278320333774199,clock_gettime,node,170295,1,0
1780278320333777054,clock_gettime,node,170295,1,0
1780278320333777781,clock_gettime,node,170295,1,0
1780278320333833822,getrusage,node,170295,1,0
1780278320333843335,getrusage,node,170295,1,0
1780278320333935758,futex,node,170295,1,0
1780278320333950763,futex,node,170295,1,0
1780278320333960285,futex,node,170295,1,0
1780278320333965659,futex,node,170295,1,0
1780278320333967828,switch,node,170295,1,0
1780278320333970136,futex,node,170303,1,0
1780278320333981919,futex,node,170303,1,0
1780278320333986307,switch,node,170303,1,0
1780278320333988158,futex,node,170295,1,0
1780278320333990675,futex,node,170295,1,0
1780278320333991829,switch,node,170295,1,0
1780278320333993013,futex,node,170303,1,0
1780278320334004964,open,node,170303,1,0
1780278320334050440,futex,node,170304,0,0
1780278320334063556,open,node,170303,1,0
1780278320334063556,open,node,170304,0,0
1780278320334063783,fcntl,node,170303,1,0
1780278320334068042,fcntl,node,170303,1,0
1780278320334069833,write,node,170303,1,0
1780278320334075743,write,node,170303,1,0
1780278320334077893,futex,node,170303,1,0
1780278320334080788,switch,node,170303,1,0
1780278320334086350,clock_gettime,node,170295,1,0
1780278320334087574,clock_gettime,node,170295,1,0
1780278320334099548,open,node,170304,0,0
1780278320334101926,fcntl,node,170304,0,0
1780278320334104861,fcntl,node,170304,0,0
1780278320334109249,getdents64,node,170304,0,0
1780278320334131459,getdents64,node,170304,0,0
1780278320334138276,getdents64,node,170304,0,0
1780278320334139231,getdents64,node,170304,0,0
1780278320334141151,close,node,170304,0,0
1780278320334145530,close,node,170304,0,0
1780278320334153936,open,node,170295,1,0
1780278320334158744,futex,node,170304,0,0
1780278320334168973,open,node,170295,1,0
1780278320334170316,read,node,170295,1,0
1780278320334188805,switch,node,170304,0,0
1780278320334189669,read,node,170295,1,0
1780278320334192795,close,node,170295,1,0
1780278320334194734,close,node,170295,1,0
1780278320334249502,clock_gettime,node,170295,1,0
1780278320334250815,clock_gettime,node,170295,1,0
1780278320334252755,epoll_wait,node,170295,1,0
1780278320334255780,epoll_wait,node,170295,1,0
1780278320334256656,clock_gettime,node,170295,1,0
1780278320334257402,clock_gettime,node,170295,1,0
1780278320334258896,read,node,170295,1,0
1780278320334260916,read,node,170295,1,0
1780278320334272339,futex,node,170295,1,0
1780278320334283493,futex,node,170295,1,0
1780278320334326488,clock_gettime,node,170295,1,0
1780278320334326488,futex,node,170302,0,0
1780278320334326488,clock_gettime,node,170295,1,0
1780278320334330995,fstat,node,170302,0,0
1780278320334337443,fstat,node,170302,0,0
1780278320334338786,write,node,170302,0,0
1780278320334342161,write,node,170302,0,0
1780278320334343862,futex,node,170302,0,0
1780278320334347205,clock_gettime,node,170295,1,0
1780278320334347205,switch,node,170302,0,0
1780278320334347205,clock_gettime,node,170295,1,0
1780278320334348967,epoll_wait,node,170295,1,0
1780278320334348967,epoll_wait,node,170295,1,0
1780278320334348967,clock_gettime,node,170295,1,0
1780278320334348967,clock_gettime,node,170295,1,0
1780278320334349477,clock_gettime,node,170295,1,0
1780278320334350273,clock_gettime,node,170295,1,0
1780278320334351109,read,node,170295,1,0
1780278320334352900,read,node,170295,1,0
1780278320334390633,futex,node,170295,1,0
1780278320334401359,futex,node,170295,1,0
1780278320334404822,switch,node,170295,1,0
1780278320334407907,futex,node,170303,1,0
1780278320334418404,futex,node,170303,1,0
1780278320334421560,switch,node,170303,1,0
1780278320334423460,futex,node,170295,1,0
1780278320334425818,futex,node,170295,1,0
1780278320334426853,switch,node,170295,1,0
1780278320334428007,futex,node,170303,1,0
1780278320334430157,read,node,170303,1,0
1780278320334458406,read,node,170303,1,0
1780278320334460028,write,node,170303,1,0
1780278320334461621,write,node,170303,1,0
1780278320334463114,futex,node,170303,1,0
1780278320334465362,switch,node,170303,1,0
1780278320334469611,clock_gettime,node,170295,1,0
1780278320334470596,clock_gettime,node,170295,1,0
1780278320334471571,clock_gettime,node,170295,1,0
1780278320334472328,clock_gettime,node,170295,1,0
1780278320334473134,epoll_wait,node,170295,1,0
1780278320334474477,epoll_wait,node,170295,1,0
1780278320334475193,clock_gettime,node,170295,1,0
1780278320334475890,clock_gettime,node,170295,1,0
1780278320334476606,read,node,170295,1,0
1780278320334477840,read,node,170295,1,0
1780278320334500448,futex,node,170295,1,0
1780278320334509852,futex,node,170295,1,0
1780278320334512568,clock_gettime,node,170295,1,0
1780278320334513424,clock_gettime,node,170295,1,0
1780278320334514300,clock_gettime,node,170295,1,0
1780278320334515006,clock_gettime,node,170295,1,0
1780278320334515782,epoll_wait,node,170295,1,0
1780278320334532270,switch,node,170295,1,0
1780278320334587778,futex,node,170304,0,0
1780278320334594256,read,node,170304,0,0
1780278320334598146,read,node,170304,0,0
1780278320334599878,write,node,170304,0,0
1780278320334616137,write,node,170304,0,0
1780278320334618555,futex,node,170304,0,0
1780278320334624107,switch,node,170304,0,0
1780278320334652677,epoll_wait,node,170295,1,0
1780278320334654488,clock_gettime,node,170295,1,0
1780278320334655473,clock_gettime,node,170295,1,0
1780278320334656438,read,node,170295,1,0
1780278320334658150,read,node,170295,1,0
1780278320334665862,futex,node,170295,1,0
1780278320334675136,futex,node,170295,1,0
1780278320334678071,clock_gettime,node,170295,1,0
1780278320334678907,clock_gettime,node,170295,1,0
1780278320334679842,clock_gettime,node,170295,1,0
1780278320334680569,clock_gettime,node,170295,1,0
1780278320334681385,epoll_wait,node,170295,1,0
1780278320334685365,switch,node,170295,1,0
1780278320334702929,futex,node,170302,0,0
1780278320334705715,close,node,170302,0,0
1780278320334709288,close,node,170302,0,0
1780278320334715746,write,node,170302,0,0
1780278320334725816,write,node,170302,0,0
1780278320334727398,futex,node,170302,0,0
1780278320334730482,switch,node,170302,0,0
1780278320334750994,epoll_wait,node,170295,1,0
1780278320334752128,clock_gettime,node,170295,1,0
1780278320334752944,clock_gettime,node,170295,1,0
1780278320334753720,read,node,170295,1,0
1780278320334755074,read,node,170295,1,0
1780278320334919678,clock_gettime,node,170295,1,0
1780278320334921051,clock_gettime,node,170295,1,0
1780278320334922294,clock_gettime,node,170295,1,0
1780278320334923011,clock_gettime,node,170295,1,0
1780278320334924036,epoll_wait,node,170295,1,0
1780278320334928951,switch,node,170295,1,0
1780278321532992137,poll,node,170301,1,0
1780278321533004923,clock_gettime,node,170301,1,0
1780278321533007351,clock_gettime,node,170301,1,0
1780278321533009461,close,node,170301,1,0
1780278321533017829,close,node,170301,1,0
1780278321533057870,write,node,170301,1,0
1780278321533076469,write,node,170301,1,0
1780278321533080369,futex,node,170301,1,0
1780278321533088877,switch,node,170301,1,0
1780278321533095653,epoll_wait,node,170295,1,0
1780278321533099932,clock_gettime,node,170295,1,0
1780278321533102171,clock_gettime,node,170295,1,0
1780278321533104321,read,node,170295,1,0
1780278321533108102,read,node,170295,1,0
1780278321533346559,clock_gettime,node,170295,1,0
1780278321533348869,clock_gettime,node,170295,1,0
1780278321533472576,epoll_ctl,node,170295,1,0
1780278321533475660,epoll_ctl,node,170295,1,0
1780278321533520926,clock_gettime,node,170295,1,0
1780278321533522587,clock_gettime,node,170295,1,0
1780278321533526597,clock_gettime,node,170295,1,0
1780278321533527573,clock_gettime,node,170295,1,0
1780278321533529354,epoll_wait,node,170295,1,0
1780278321533544090,switch,node,170295,1,0
1780278330343338388,epoll_wait,node,170295,1,0
1780278330343348548,clock_gettime,node,170295,1,0
1780278330343349703,clock_gettime,node,170295,1,0
1780278330343352200,clock_gettime,node,170295,1,0
1780278330343352877,clock_gettime,node,170295,1,0
1780278330343407854,getrusage,node,170295,1,0
1780278330343416103,getrusage,node,170295,1,0
1780278330343502126,futex,node,170295,1,0
1780278330343509977,futex,node,170295,1,0
1780278330343511978,switch,node,170295,1,0
1780278330343513879,futex,node,170303,1,0
1780278330343524944,futex,node,170303,1,0
1780278330343528536,switch,node,170303,1,0
1780278330343530605,futex,node,170295,1,0
1780278330343533093,futex,node,170295,1,0
1780278330343534217,switch,node,170295,1,0
1780278330343535392,futex,node,170303,1,0
1780278330343546904,open,node,170303,1,0
1780278330343605484,open,node,170303,1,0
1780278330343608340,fcntl,node,170303,1,0
1780278330343612718,fcntl,node,170303,1,0
1780278330343614788,write,node,170303,1,0
1780278330343620510,write,node,170303,1,0
1780278330343622649,futex,node,170303,1,0
1780278330343625415,switch,node,170303,1,0
1780278330343636839,futex,node,170295,1,0
1780278330343653267,futex,node,170295,1,0
1780278330343657327,clock_gettime,node,170295,1,0
1780278330343658531,clock_gettime,node,170295,1,0
1780278330343728285,open,node,170295,1,0
1780278330343738266,open,node,170295,1,0
1780278330343743827,read,node,170295,1,0
1780278330343761073,read,node,170295,1,0
1780278330343765490,futex,node,170304,0,0
1780278330343765490,close,node,170295,1,0
1780278330343767372,close,node,170295,1,0
1780278330343777242,open,node,170304,0,0
1780278330343809472,open,node,170304,0,0
1780278330343811731,fcntl,node,170304,0,0
1780278330343814308,fcntl,node,170304,0,0
1780278330343818398,getdents64,node,170304,0,0
1780278330343823284,clock_gettime,node,170295,1,0
1780278330343824618,clock_gettime,node,170295,1,0
1780278330343826548,epoll_wait,node,170295,1,0
1780278330343829424,epoll_wait,node,170295,1,0
1780278330343830250,clock_gettime,node,170295,1,0
1780278330343830986,clock_gettime,node,170295,1,0
1780278330343832091,read,node,170295,1,0
1780278330343834021,read,node,170295,1,0
1780278330343838169,getdents64,node,170304,0,0
1780278330343845653,getdents64,node,170304,0,0
1780278330343846638,getdents64,node,170304,0,0
1780278330343847972,close,node,170304,0,0
1780278330343847972,futex,node,170295,1,0
1780278330343851643,close,node,170304,0,0
1780278330343855803,futex,node,170295,1,0
1780278330343870271,clock_gettime,node,170295,1,0
1780278330343874450,write,node,170304,0,0
1780278330343874450,clock_gettime,node,170295,1,0
1780278330343877813,write,node,170304,0,0
1780278330343880072,fstat,node,170304,0,0
1780278330343885356,fstat,node,170304,0,0
1780278330343886849,futex,node,170304,0,0
1780278330343892351,clock_gettime,node,170295,1,0
1780278330343892351,switch,node,170304,0,0
1780278330343894779,clock_gettime,node,170295,1,0
1780278330343894779,clock_gettime,node,170295,1,0
1780278330343894779,futex,node,170302,0,0
1780278330343894779,clock_gettime,node,170295,1,0
1780278330343897247,epoll_wait,node,170295,1,0
1780278330343897247,futex,node,170302,0,0
1780278330343898352,epoll_wait,node,170295,1,0
1780278330343898352,clock_gettime,node,170295,1,0
1780278330343900163,clock_gettime,node,170295,1,0
1780278330343901148,read,node,170295,1,0
1780278330343902133,read,node,170295,1,0
1780278330343919238,switch,node,170302,0,0
1780278330343964943,futex,node,170295,1,0
1780278330343971679,futex,node,170295,1,0
1780278330343973689,switch,node,170295,1,0
1780278330343976077,futex,node,170301,1,0
1780278330343987003,futex,node,170301,1,0
1780278330343990277,switch,node,170301,1,0
1780278330343992306,futex,node,170295,1,0
1780278330343994625,futex,node,170295,1,0
1780278330343995620,switch,node,170295,1,0
1780278330343996854,futex,node,170301,1,0
1780278330343998665,read,node,170301,1,0
1780278330344027661,read,node,170301,1,0
1780278330344029253,write,node,170301,1,0
1780278330344030895,write,node,170301,1,0
1780278330344032338,futex,node,170301,1,0
1780278330344034527,switch,node,170301,1,0
1780278330344039055,clock_gettime,node,170295,1,0
1780278330344040169,clock_gettime,node,170295,1,0
1780278330344041194,clock_gettime,node,170295,1,0
1780278330344041980,clock_gettime,node,170295,1,0
1780278330344042895,epoll_wait,node,170295,1,0
1780278330344044339,epoll_wait,node,170295,1,0
1780278330344045085,clock_gettime,node,170295,1,0
1780278330344045832,clock_gettime,node,170295,1,0
1780278330344046588,read,node,170295,1,0
1780278330344047832,read,node,170295,1,0
1780278330344074857,futex,node,170295,1,0
1780278330344078847,futex,node,170295,1,0
1780278330344080121,switch,node,170295,1,0
1780278330344081812,futex,node,170303,1,0
1780278330344091993,futex,node,170303,1,0
1780278330344094162,switch,node,170303,1,0
1780278330344095903,futex,node,170295,1,0
1780278330344098122,futex,node,170295,1,0
1780278330344099028,switch,node,170295,1,0
1780278330344100172,futex,node,170303,1,0
1780278330344101615,read,node,170303,1,0
1780278330344102998,read,node,170303,1,0
1780278330344104093,write,node,170303,1,0
1780278330344105177,write,node,170303,1,0
1780278330344106252,futex,node,170303,1,0
1780278330344108311,switch,node,170303,1,0
1780278330344111595,clock_gettime,node,170295,1,0
1780278330344112471,clock_gettime,node,170295,1,0
1780278330344113396,clock_gettime,node,170295,1,0
1780278330344114093,clock_gettime,node,170295,1,0
1780278330344114909,epoll_wait,node,170295,1,0
1780278330344116093,epoll_wait,node,170295,1,0
1780278330344116849,clock_gettime,node,170295,1,0
1780278330344117545,clock_gettime,node,170295,1,0
1780278330344118262,read,node,170295,1,0
1780278330344119406,read,node,170295,1,0
1780278330344124640,futex,node,170295,1,0
1780278330344134681,futex,node,170295,1,0
1780278330344137159,clock_gettime,node,170295,1,0
1780278330344137995,clock_gettime,node,170295,1,0
1780278330344138870,clock_gettime,node,170295,1,0
1780278330344139567,clock_gettime,node,170295,1,0
1780278330344140363,epoll_wait,node,170295,1,0
1780278330344162821,switch,node,170295,1,0
1780278330344213773,futex,node,170304,0,0
1780278330344220550,close,node,170304,0,0
1780278330344224779,close,node,170304,0,0
1780278330344232042,write,node,170304,0,0
1780278330344293817,write,node,170304,0,0
1780278330344296394,futex,node,170304,0,0
1780278330344302155,switch,node,170304,0,0
1780278330344332767,epoll_wait,node,170295,1,0
1780278330344334310,clock_gettime,node,170295,1,0
1780278330344335334,clock_gettime,node,170295,1,0
1780278330344336250,read,node,170295,1,0
1780278330344337742,read,node,170295,1,0
1780278330344499312,clock_gettime,node,170295,1,0
1780278330344500854,clock_gettime,node,170295,1,0
1780278330344502128,clock_gettime,node,170295,1,0
1780278330344502834,clock_gettime,node,170295,1,0
1780278330344503730,epoll_wait,node,170295,1,0
1780278330344509680,switch,node,170295,1,0
1780278340353792965,epoll_wait,node,170295,1,0
1780278340353807494,clock_gettime,node,170295,1,0
1780278340353811424,clock_gettime,node,170295,1,0
1780278340353814340,clock_gettime,node,170295,1,0
1780278340353815056,clock_gettime,node,170295,1,0
1780278340353869615,getrusage,node,170295,1,0
1780278340353879018,getrusage,node,170295,1,0
1780278340353971073,futex,node,170295,1,0
1780278340353981143,futex,node,170295,1,0
1780278340353983322,switch,node,170295,1,0
1780278340353985770,futex,node,170302,1,0
1780278340353997123,futex,node,170302,1,0
1780278340354002058,switch,node,170302,1,0
1780278340354004398,futex,node,170295,1,0
1780278340354007293,futex,node,170295,1,0
1780278340354008607,switch,node,170295,1,0
1780278340354009811,futex,node,170302,1,0
1780278340354020916,open,node,170302,1,0
1780278340354078868,open,node,170302,1,0
1780278340354081385,fcntl,node,170302,1,0
1780278340354085496,fcntl,node,170302,1,0
1780278340354087386,write,node,170302,1,0
1780278340354093297,write,node,170302,1,0
1780278340354095695,futex,node,170302,1,0
1780278340354098909,switch,node,170302,1,0
1780278340354109795,futex,node,170295,1,0
1780278340354113666,futex,node,170295,1,0
1780278340354114700,switch,node,170295,1,0
1780278340354116292,futex,node,170301,1,0
1780278340354126851,futex,node,170301,1,0
1780278340354129199,switch,node,170301,1,0
1780278340354131120,futex,node,170295,1,0
1780278340354133348,futex,node,170295,1,0
1780278340354134304,switch,node,170295,1,0
1780278340354135478,futex,node,170301,1,0
1780278340354138274,open,node,170301,1,0
1780278340354153518,open,node,170301,1,0
1780278340354155279,fcntl,node,170301,1,0
1780278340354156941,fcntl,node,170301,1,0
1780278340354160981,getdents64,node,170301,1,0
1780278340354181659,getdents64,node,170301,1,0
1780278340354188276,getdents64,node,170301,1,0
1780278340354189281,getdents64,node,170301,1,0
1780278340354191211,close,node,170301,1,0
1780278340354195778,close,node,170301,1,0
1780278340354207650,futex,node,170301,1,0
1780278340354210038,switch,node,170301,1,0
1780278340354215521,clock_gettime,node,170295,1,0
1780278340354216934,clock_gettime,node,170295,1,0
1780278340354285334,open,node,170295,1,0
1780278340354296350,open,node,170295,1,0
1780278340354298569,read,node,170295,1,0
1780278340354318202,read,node,170295,1,0
1780278340354320281,close,node,170295,1,0
1780278340354321605,close,node,170295,1,0
1780278340354375160,clock_gettime,node,170295,1,0
1780278340354376384,clock_gettime,node,170295,1,0
1780278340354378225,epoll_wait,node,170295,1,0
1780278340354381240,epoll_wait,node,170295,1,0
1780278340354382036,clock_gettime,node,170295,1,0
1780278340354382792,clock_gettime,node,170295,1,0
1780278340354383896,read,node,170295,1,0
1780278340354385857,read,node,170295,1,0
1780278340354397518,futex,node,170295,1,0
1780278340354402912,futex,node,170295,1,0
1780278340354404464,switch,node,170295,1,0
1780278340354406534,futex,node,170303,1,0
1780278340354417291,futex,node,170303,1,0
1780278340354420196,switch,node,170303,1,0
1780278340354422196,futex,node,170295,1,0
1780278340354424495,futex,node,170295,1,0
1780278340354425470,switch,node,170295,1,0
1780278340354426634,futex,node,170303,1,0
1780278340354428903,fstat,node,170303,1,0
1780278340354434127,fstat,node,170303,1,0
1780278340354435152,write,node,170303,1,0
1780278340354436724,write,node,170303,1,0
1780278340354438127,futex,node,170303,1,0
1780278340354440276,switch,node,170303,1,0
1780278340354478308,clock_gettime,node,170295,1,0
1780278340354479472,clock_gettime,node,170295,1,0
1780278340354498061,clock_gettime,node,170295,1,0
1780278340354499006,clock_gettime,node,170295,1,0
1780278340354500051,clock_gettime,node,170295,1,0
1780278340354500747,clock_gettime,node,170295,1,0
1780278340354501772,epoll_wait,node,170295,1,0
1780278340354503434,epoll_wait,node,170295,1,0
1780278340354504140,clock_gettime,node,170295,1,0
1780278340354504887,clock_gettime,node,170295,1,0
1780278340354505693,read,node,170295,1,0
1780278340354507225,read,node,170295,1,0
1780278340354543814,futex,node,170295,1,0
1780278340354557834,futex,node,170295,1,0
1780278340354561008,clock_gettime,node,170295,1,0
1780278340354561933,clock_gettime,node,170295,1,0
1780278340354562928,clock_gettime,node,170295,1,0
1780278340354563625,clock_gettime,node,170295,1,0
1780278340354564481,epoll_wait,node,170295,1,0
1780278340354588094,switch,node,170295,1,0
1780278340354656753,futex,node,170304,0,0
1780278340354664426,read,node,170304,0,0
1780278340354703234,read,node,170304,0,0
1780278340354705761,write,node,170304,0,0
1780278340354720617,write,node,170304,0,0
1780278340354722518,futex,node,170304,0,0
1780278340354729493,switch,node,170304,0,0
1780278340354758955,epoll_wait,node,170295,1,0
1780278340354760666,clock_gettime,node,170295,1,0
1780278340354761681,clock_gettime,node,170295,1,0
1780278340354762567,read,node,170295,1,0
1780278340354764298,read,node,170295,1,0
1780278340354791573,futex,node,170295,1,0
1780278340354795772,futex,node,170295,1,0
1780278340354797155,switch,node,170295,1,0
1780278340354798688,futex,node,170302,1,0
1780278340354808907,futex,node,170302,1,0
1780278340354811633,switch,node,170302,1,0
1780278340354813494,futex,node,170295,1,0
1780278340354815822,futex,node,170295,1,0
1780278340354816748,switch,node,170295,1,0
1780278340354817912,futex,node,170302,1,0
1780278340354819603,read,node,170302,1,0
1780278340354821425,read,node,170302,1,0
1780278340354822709,write,node,170302,1,0
1780278340354824102,write,node,170302,1,0
1780278340354825485,futex,node,170302,1,0
1780278340354827615,switch,node,170302,1,0
1780278340354831465,clock_gettime,node,170295,1,0
1780278340354832391,clock_gettime,node,170295,1,0
1780278340354833525,clock_gettime,node,170295,1,0
1780278340354834281,clock_gettime,node,170295,1,0
1780278340354835097,epoll_wait,node,170295,1,0
1780278340354836431,epoll_wait,node,170295,1,0
1780278340354837147,clock_gettime,node,170295,1,0
1780278340354837854,clock_gettime,node,170295,1,0
1780278340354838560,read,node,170295,1,0
1780278340354839704,read,node,170295,1,0
1780278340354845436,futex,node,170295,1,0
1780278340354848301,futex,node,170295,1,0
1780278340354849326,switch,node,170295,1,0
1780278340354850590,futex,node,170301,1,0
1780278340354860660,futex,node,170301,1,0
1780278340354862731,switch,node,170301,1,0
1780278340354864462,futex,node,170295,1,0
1780278340354866671,futex,node,170295,1,0
1780278340354867586,switch,node,170295,1,0
1780278340354868721,futex,node,170301,1,0
1780278340354870223,close,node,170301,1,0
1780278340354874572,close,node,170301,1,0
1780278340354883129,write,node,170301,1,0
1780278340354884562,write,node,170301,1,0
1780278340354885736,futex,node,170301,1,0
1780278340354888044,switch,node,170301,1,0
1780278340354891587,clock_gettime,node,170295,1,0
1780278340354892443,clock_gettime,node,170295,1,0
1780278340354893298,clock_gettime,node,170295,1,0
1780278340354894005,clock_gettime,node,170295,1,0
1780278340354894771,epoll_wait,node,170295,1,0
1780278340354895895,epoll_wait,node,170295,1,0
1780278340354896612,clock_gettime,node,170295,1,0
1780278340354897308,clock_gettime,node,170295,1,0
1780278340354898015,read,node,170295,1,0
1780278340354899080,read,node,170295,1,0
1780278340355057952,clock_gettime,node,170295,1,0
1780278340355059415,clock_gettime,node,170295,1,0
1780278340355060698,clock_gettime,node,170295,1,0
1780278340355061405,clock_gettime,node,170295,1,0
1780278340355062320,epoll_wait,node,170295,1,0
1780278340355073754,switch,node,170295,1,0
1780278341971844270,clone3,runc:[2:INIT],170606,0,1
1780278341971859224,rseq,runc:[2:INIT],170606,0,1
1780278341971860885,rseq,runc:[2:INIT],170606,0,1
1780278341971861920,set_robust_list,runc:[2:INIT],170606,0,1
1780278341971862497,set_robust_list,runc:[2:INIT],170606,0,1
1780278341971892581,rt_sigprocmask,runc:[2:INIT],170606,0,1
1780278341971893745,mmap,runc:[2:INIT],170606,0,1
1780278341971893745,rt_sigprocmask,runc:[2:INIT],170606,0,1
1780278341971919687,munmap,runc:[2:INIT],170606,0,1
1780278341971919687,mmap,runc:[2:INIT],170606,0,1
1780278341971936771,switch,runc:[2:INIT],170606,0,1
1780278341971963639,switch,runc:[2:INIT],170606,0,1
1780278341971991967,munmap,runc:[2:INIT],170606,0,1
1780278341971994773,munmap,runc:[2:INIT],170606,0,1
1780278341971997341,mprotect,runc:[2:INIT],170606,0,1
1780278341971997341,munmap,runc:[2:INIT],170606,0,1
1780278341972007212,mprotect,runc:[2:INIT],170606,0,1
1780278341972018447,sigaltstack,runc:[2:INIT],170606,0,1
1780278341972018447,sigaltstack,runc:[2:INIT],170606,0,1
1780278341972026715,sigaltstack,runc:[2:INIT],170606,0,1
1780278341972027770,sigaltstack,runc:[2:INIT],170606,0,1
1780278341972028705,rt_sigprocmask,runc:[2:INIT],170606,0,1
1780278341972028705,nanosleep,runc:[2:INIT],170606,0,1
1780278341972028705,rt_sigprocmask,runc:[2:INIT],170606,0,1
1780278341972028705,gettid,runc:[2:INIT],170606,0,1
1780278341972028705,gettid,runc:[2:INIT],170606,0,1
1780278341972028705,switch,runc:[2:INIT],170606,0,1
1780278341972073503,nanosleep,runc:[2:INIT],170606,0,1
1780278341972096261,clock_gettime,runc:[2:INIT],170606,0,1
1780278341972096848,clock_gettime,runc:[2:INIT],170606,0,1
1780278341972096848,nanosleep,runc:[2:INIT],170606,0,1
1780278341972096848,clock_gettime,runc:[2:INIT],170606,0,1
1780278341972096848,clock_gettime,runc:[2:INIT],170606,0,1
1780278341972112590,switch,runc:[2:INIT],170606,0,1
1780278341972123327,clone3,runc:[2:INIT],170607,0,1
1780278341972123994,mmap,runc:[2:INIT],170607,0,1
1780278341972123994,rt_sigprocmask,runc:[2:INIT],170607,0,1
1780278341972123994,mmap,runc:[2:INIT],170607,0,1
1780278341972123994,rseq,runc:[2:INIT],170607,0,1
1780278341972123994,rseq,runc:[2:INIT],170607,0,1
1780278341972123994,rt_sigprocmask,runc:[2:INIT],170607,0,1
1780278341972123994,set_robust_list,runc:[2:INIT],170607,0,1
1780278341972123994,set_robust_list,runc:[2:INIT],170607,0,1
1780278341972123994,munmap,runc:[2:INIT],170607,0,1
1780278341972152183,munmap,runc:[2:INIT],170607,0,1
1780278341972152183,munmap,runc:[2:INIT],170607,0,1
1780278341972157666,mprotect,runc:[2:INIT],170607,0,1
1780278341972157666,munmap,runc:[2:INIT],170607,0,1
1780278341972160004,mprotect,runc:[2:INIT],170607,0,1
1780278341972166493,sigaltstack,runc:[2:INIT],170607,0,1
1780278341972166493,sigaltstack,runc:[2:INIT],170607,0,1
1780278341972166493,sigaltstack,runc:[2:INIT],170607,0,1
1780278341972166493,rt_sigprocmask,runc:[2:INIT],170607,0,1
1780278341972166493,gettid,runc:[2:INIT],170607,0,1
1780278341972166493,gettid,runc:[2:INIT],170607,0,1
1780278341972166493,rt_sigprocmask,runc:[2:INIT],170607,0,1
1780278341972166493,sigaltstack,runc:[2:INIT],170607,0,1
1780278341972189498,switch,runc:[2:INIT],170607,0,1
1780278341972189498,clone3,runc:[2:INIT],170608,1,1
1780278341972189498,nanosleep,runc:[2:INIT],170606,0,1
1780278341972200205,rseq,runc:[2:INIT],170608,1,1
1780278341972200205,clock_gettime,runc:[2:INIT],170606,0,1
1780278341972201220,clock_gettime,runc:[2:INIT],170606,0,1
1780278341972201220,rseq,runc:[2:INIT],170608,1,1
1780278341972201220,clock_gettime,runc:[2:INIT],170606,0,1
1780278341972202324,set_robust_list,runc:[2:INIT],170608,1,1
1780278341972202324,clock_gettime,runc:[2:INIT],170606,0,1
1780278341972203031,set_robust_list,runc:[2:INIT],170608,1,1
1780278341972203031,nanosleep,runc:[2:INIT],170606,0,1
1780278341972203847,rt_sigprocmask,runc:[2:INIT],170608,1,1
1780278341972204564,rt_sigprocmask,runc:[2:INIT],170608,1,1
1780278341972206017,mmap,runc:[2:INIT],170608,1,1
1780278341972210077,mmap,runc:[2:INIT],170608,1,1
1780278341972210793,clock_gettime,runc:[2:INIT],170607,0,1
1780278341972210793,switch,runc:[2:INIT],170606,0,1
1780278341972210793,clock_gettime,runc:[2:INIT],170607,0,1
1780278341972210793,munmap,runc:[2:INIT],170608,1,1
1780278341972220047,munmap,runc:[2:INIT],170608,1,1
1780278341972220923,mprotect,runc:[2:INIT],170608,1,1
1780278341972223530,mprotect,runc:[2:INIT],170608,1,1
1780278341972223530,mmap,runc:[2:INIT],170607,0,1
1780278341972229520,sigaltstack,runc:[2:INIT],170608,1,1
1780278341972230575,mmap,runc:[2:INIT],170607,0,1
1780278341972230575,sigaltstack,runc:[2:INIT],170608,1,1
1780278341972260666,sigaltstack,runc:[2:INIT],170608,1,1
1780278341972262298,sigaltstack,runc:[2:INIT],170608,1,1
1780278341972264089,rt_sigprocmask,runc:[2:INIT],170608,1,1
1780278341972264964,rt_sigprocmask,runc:[2:INIT],170608,1,1
1780278341972265810,gettid,runc:[2:INIT],170608,1,1
1780278341972266606,gettid,runc:[2:INIT],170608,1,1
1780278341972268736,clock_gettime,runc:[2:INIT],170608,1,1
1780278341972269870,clock_gettime,runc:[2:INIT],170608,1,1
1780278341972273213,clock_gettime,runc:[2:INIT],170608,1,1
1780278341972274198,clock_gettime,runc:[2:INIT],170608,1,1
1780278341972276159,futex,runc:[2:INIT],170608,1,1
1780278341972297633,futex,runc:[2:INIT],170608,1,1
1780278341972300180,nanosleep,runc:[2:INIT],170606,0,1
1780278341972300180,switch,runc:[2:INIT],170607,0,1
1780278341972300180,switch,runc:[2:INIT],170608,1,1
1780278341972302568,clock_gettime,runc:[2:INIT],170606,0,1
1780278341972302568,clock_gettime,runc:[2:INIT],170606,0,1
1780278341972305643,clock_gettime,runc:[2:INIT],170606,0,1
1780278341972305643,clock_gettime,runc:[2:INIT],170606,0,1
1780278341972307195,getpid,runc:[2:INIT],170606,0,1
1780278341972307195,tgkill,runc:[2:INIT],170606,0,1
1780278341972307195,getpid,runc:[2:INIT],170606,0,1
1780278341972307195,nanosleep,runc:[2:INIT],170606,0,1
1780278341972307195,tgkill,runc:[2:INIT],170606,0,1
1780278341972334600,switch,runc:[2:INIT],170606,0,1
1780278341972344480,mprotect,runc:[2:INIT],170607,0,1
1780278341972344480,mmap,runc:[2:INIT],170607,0,1
1780278341972344480,rt_sigprocmask,runc:[2:INIT],170607,0,1
1780278341972344480,rt_sigprocmask,runc:[2:INIT],170607,0,1
1780278341972344480,mmap,runc:[2:INIT],170607,0,1
1780278341972376532,mprotect,runc:[2:INIT],170607,0,1
1780278341972389069,switch,runc:[2:INIT],170608,1,1
1780278341972389069,clone3,runc:[2:INIT],170607,0,1
1780278341972389069,rt_sigprocmask,runc:[2:INIT],170607,0,1
1780278341972389069,rt_sigprocmask,runc:[2:INIT],170607,0,1
1780278341972415250,nanosleep,runc:[2:INIT],170606,0,1
1780278341972415250,clock_gettime,runc:[2:INIT],170606,0,1
1780278341972415250,clock_gettime,runc:[2:INIT],170606,0,1
1780278341972415250,clock_gettime,runc:[2:INIT],170606,0,1
1780278341972415250,nanosleep,runc:[2:INIT],170606,0,1
1780278341972415250,clock_gettime,runc:[2:INIT],170606,0,1
1780278341972415250,switch,runc:[2:INIT],170607,0,1
1780278341972443718,switch,runc:[2:INIT],170606,0,1
1780278341972470834,futex,runc:[2:INIT],170608,1,1
1780278341972473819,clone3,runc:[2:INIT],170607,0,1
1780278341972473819,switch,runc:[2:INIT],170608,1,1
1780278341972480625,futex,runc:[2:INIT],170607,0,1
1780278341972480625,rt_sigprocmask,runc:[2:INIT],170607,0,1
1780278341972480625,rt_sigprocmask,runc:[2:INIT],170607,0,1
1780278341972480625,clone3,runc:[2:INIT],170609,1,1
1780278341972480625,rt_sigprocmask,runc:[2:INIT],170607,0,1
1780278341972480625,rt_sigprocmask,runc:[2:INIT],170607,0,1
1780278341972491501,rseq,runc:[2:INIT],170609,1,1
1780278341972492338,rseq,runc:[2:INIT],170609,1,1
1780278341972493124,set_robust_list,runc:[2:INIT],170609,1,1
1780278341972493771,set_robust_list,runc:[2:INIT],170609,1,1
1780278341972494407,rt_sigprocmask,runc:[2:INIT],170609,1,1
1780278341972494994,futex,runc:[2:INIT],170607,0,1
1780278341972494994,futex,runc:[2:INIT],170607,0,1
1780278341972494994,switch,runc:[2:INIT],170607,0,1
1780278341972494994,rt_sigprocmask,runc:[2:INIT],170609,1,1
1780278341972506229,switch,runc:[2:INIT],170609,1,1
1780278341972514635,clone3,runc:[2:INIT],170610,0,1
1780278341972522883,switch,runc:[2:INIT],170610,0,1
1780278341972524446,nanosleep,runc:[2:INIT],170606,0,1
1780278341972526187,clock_gettime,runc:[2:INIT],170606,0,1
1780278341972527411,clock_gettime,runc:[2:INIT],170606,0,1
1780278341972528177,clock_gettime,runc:[2:INIT],170606,0,1
1780278341972528854,clock_gettime,runc:[2:INIT],170606,0,1
1780278341972529978,nanosleep,runc:[2:INIT],170606,0,1
1780278341972543223,switch,runc:[2:INIT],170606,0,1
1780278341972579615,set_robust_list,runc:[2:INIT],170610,0,1
1780278341972579615,set_robust_list,runc:[2:INIT],170610,0,1
1780278341972579615,rseq,runc:[2:INIT],170610,0,1
1780278341972579615,rseq,runc:[2:INIT],170610,0,1
1780278341972582650,rt_sigprocmask,runc:[2:INIT],170610,0,1
1780278341972582650,rt_sigprocmask,runc:[2:INIT],170610,0,1
1780278341972583476,mmap,runc:[2:INIT],170610,0,1
1780278341972591476,mprotect,runc:[2:INIT],170610,0,1
1780278341972591476,mmap,runc:[2:INIT],170610,0,1
1780278341972606362,switch,runc:[2:INIT],170609,1,1
1780278341972606362,switch,runc:[2:INIT],170610,0,1
1780278341972823494,nanosleep,runc:[2:INIT],170606,0,1
1780278341972828081,clock_gettime,runc:[2:INIT],170606,0,1
1780278341972829663,clock_gettime,runc:[2:INIT],170606,0,1
1780278341972830658,clock_gettime,runc:[2:INIT],170606,0,1
1780278341972831355,clock_gettime,runc:[2:INIT],170606,0,1
1780278341972833554,nanosleep,runc:[2:INIT],170606,0,1
1780278341972866023,switch,runc:[2:INIT],170606,0,1
1780278341972912037,switch,runc:[2:INIT],170610,0,1
1780278341973382641,nanosleep,runc:[2:INIT],170606,0,1
1780278341973385527,clock_gettime,runc:[2:INIT],170606,0,1
1780278341973386482,clock_gettime,runc:[2:INIT],170606,0,1
1780278341973387179,clock_gettime,runc:[2:INIT],170606,0,1
1780278341973387865,clock_gettime,runc:[2:INIT],170606,0,1
1780278341973389447,nanosleep,runc:[2:INIT],170606,0,1
1780278341973402086,switch,runc:[2:INIT],170606,0,1
1780278341973443174,mprotect,runc:[2:INIT],170610,0,1
1780278341973461532,sigaltstack,runc:[2:INIT],170610,0,1
1780278341973461771,switch,runc:[2:INIT],170610,0,1
1780278341973461771,switch,runc:[2:INIT],170609,1,1
1780278341973461771,gettid,runc:[2:INIT],170610,0,1
1780278341973461771,rt_sigprocmask,runc:[2:INIT],170610,0,1
1780278341973461771,rt_sigprocmask,runc:[2:INIT],170610,0,1
1780278341973461771,sigaltstack,runc:[2:INIT],170610,0,1
1780278341973461771,sigaltstack,runc:[2:INIT],170610,0,1
1780278341973461771,sigaltstack,runc:[2:INIT],170610,0,1
1780278341973461771,nanosleep,runc:[2:INIT],170610,0,1
1780278341973461771,gettid,runc:[2:INIT],170610,0,1
1780278341973664367,nanosleep,runc:[2:INIT],170606,0,1
1780278341973679442,clock_gettime,runc:[2:INIT],170606,0,1
1780278341973679442,clock_gettime,runc:[2:INIT],170606,0,1
1780278341973692627,clock_gettime,runc:[2:INIT],170606,0,1
1780278341973692627,nanosleep,runc:[2:INIT],170606,0,1
1780278341973692627,clock_gettime,runc:[2:INIT],170606,0,1
1780278341973699941,clock_gettime,runc:[2:INIT],170610,0,1
1780278341973699941,clock_gettime,runc:[2:INIT],170610,0,1
1780278341973699941,switch,runc:[2:INIT],170606,0,1
1780278341973699941,nanosleep,runc:[2:INIT],170610,0,1
1780278341973699941,futex,runc:[2:INIT],170610,0,1
1780278341973699941,futex,runc:[2:INIT],170610,0,1
1780278341973702586,clock_gettime,runc:[2:INIT],170610,0,1
1780278341973703521,clock_gettime,runc:[2:INIT],170610,0,1
1780278341973705262,futex,runc:[2:INIT],170610,0,1
1780278341973709382,switch,runc:[2:INIT],170610,0,1
1780278341973710745,futex,runc:[2:INIT],170607,0,1
1780278341973734756,clock_gettime,runc:[2:INIT],170607,0,1
1780278341973735791,clock_gettime,runc:[2:INIT],170607,0,1
1780278341973736806,futex,runc:[2:INIT],170607,0,1
1780278341973751184,switch,runc:[2:INIT],170607,0,1
1780278341974184009,nanosleep,runc:[2:INIT],170606,0,1
1780278341974187293,clock_gettime,runc:[2:INIT],170606,0,1
1780278341974188855,clock_gettime,runc:[2:INIT],170606,0,1
1780278341974189571,clock_gettime,runc:[2:INIT],170606,0,1
1780278341974190338,clock_gettime,runc:[2:INIT],170606,0,1
1780278341974192288,nanosleep,runc:[2:INIT],170606,0,1
1780278341974205681,switch,runc:[2:INIT],170606,0,1
1780278341974851958,nanosleep,runc:[2:INIT],170606,0,1
1780278341974855361,clock_gettime,runc:[2:INIT],170606,0,1
1780278341974856903,clock_gettime,runc:[2:INIT],170606,0,1
1780278341974857779,clock_gettime,runc:[2:INIT],170606,0,1
1780278341974858485,clock_gettime,runc:[2:INIT],170606,0,1
1780278341974860764,nanosleep,runc:[2:INIT],170606,0,1
1780278341974875501,switch,runc:[2:INIT],170606,0,1
1780278341974976540,nanosleep,runc:[2:INIT],170606,0,1
1780278341974981008,clock_gettime,runc:[2:INIT],170606,0,1
1780278341974982600,clock_gettime,runc:[2:INIT],170606,0,1
1780278341974983585,clock_gettime,runc:[2:INIT],170606,0,1
1780278341974984301,clock_gettime,runc:[2:INIT],170606,0,1
1780278341974986391,nanosleep,runc:[2:INIT],170606,0,1
1780278341975033081,switch,runc:[2:INIT],170606,0,1
1780278341975039670,futex,runc:[2:INIT],170607,0,1
1780278341975039670,switch,runc:[2:INIT],170607,0,1
1780278341975039670,nanosleep,runc:[2:INIT],170607,0,1
1780278341975087271,nanosleep,runc:[2:INIT],170606,0,1
1780278341975089600,clock_gettime,runc:[2:INIT],170606,0,1
1780278341975090515,clock_gettime,runc:[2:INIT],170606,0,1
1780278341975091242,clock_gettime,runc:[2:INIT],170606,0,1
1780278341975091938,clock_gettime,runc:[2:INIT],170606,0,1
1780278341975093271,nanosleep,runc:[2:INIT],170606,0,1
1780278341975129096,futex,runc:[2:INIT],170607,0,1
1780278341975129096,clock_gettime,runc:[2:INIT],170607,0,1
1780278341975129096,switch,runc:[2:INIT],170606,0,1
1780278341975129096,clock_gettime,runc:[2:INIT],170607,0,1
1780278341975129096,nanosleep,runc:[2:INIT],170607,0,1
1780278341975144758,futex,runc:[2:INIT],170607,0,1
1780278341975144758,clock_gettime,runc:[2:INIT],170607,0,1
1780278341975144758,clock_gettime,runc:[2:INIT],170607,0,1
1780278341975188728,switch,runc:[2:INIT],170607,0,1
1780278341975190648,nanosleep,runc:[2:INIT],170606,0,1
1780278341975192430,clock_gettime,runc:[2:INIT],170606,0,1
1780278341975193405,clock_gettime,runc:[2:INIT],170606,0,1
1780278341975194081,clock_gettime,runc:[2:INIT],170606,0,1
1780278341975194758,clock_gettime,runc:[2:INIT],170606,0,1
1780278341975224811,nanosleep,runc:[2:INIT],170606,0,1
1780278341975236951,switch,runc:[2:INIT],170606,0,1
1780278341975242176,signaldeliver,runc:[2:INIT],170607,0,1
1780278341975261490,rt_sigreturn,runc:[2:INIT],170607,0,1
1780278341975265012,clock_gettime,runc:[2:INIT],170607,0,1
1780278341975265012,futex,runc:[2:INIT],170607,0,1
1780278341975265012,clock_gettime,runc:[2:INIT],170607,0,1
1780278341975271102,futex,runc:[2:INIT],170610,0,1
1780278341975271102,clock_gettime,runc:[2:INIT],170610,0,1
1780278341975271102,switch,runc:[2:INIT],170607,0,1
1780278341975271102,switch,runc:[2:INIT],170610,0,1
1780278341975271102,mmap,runc:[2:INIT],170609,1,1
1780278341975271102,futex,runc:[2:INIT],170610,0,1
1780278341975271102,clock_gettime,runc:[2:INIT],170610,0,1
1780278341975280864,mmap,runc:[2:INIT],170609,1,1
1780278341975282347,munmap,runc:[2:INIT],170609,1,1
1780278341975293690,munmap,runc:[2:INIT],170609,1,1
1780278341975294625,mprotect,runc:[2:INIT],170609,1,1
1780278341975299869,mprotect,runc:[2:INIT],170609,1,1
1780278341975310387,sigaltstack,runc:[2:INIT],170609,1,1
1780278341975311551,sigaltstack,runc:[2:INIT],170609,1,1
1780278341975312427,sigaltstack,runc:[2:INIT],170609,1,1
1780278341975313462,sigaltstack,runc:[2:INIT],170609,1,1
1780278341975315004,rt_sigprocmask,runc:[2:INIT],170609,1,1
1780278341975316168,rt_sigprocmask,runc:[2:INIT],170609,1,1
1780278341975316905,gettid,runc:[2:INIT],170609,1,1
1780278341975317939,gettid,runc:[2:INIT],170609,1,1
1780278341975319581,clock_gettime,runc:[2:INIT],170609,1,1
1780278341975320417,clock_gettime,runc:[2:INIT],170609,1,1
1780278341975321085,futex,runc:[2:INIT],170609,1,1
1780278341975326090,futex,runc:[2:INIT],170609,1,1
1780278341975327652,switch,runc:[2:INIT],170609,1,1
1780278341975547699,nanosleep,runc:[2:INIT],170606,0,1
1780278341975550674,clock_gettime,runc:[2:INIT],170606,0,1
1780278341975551768,clock_gettime,runc:[2:INIT],170606,0,1
1780278341975563699,sched_yield,runc:[2:INIT],170606,0,1
1780278341975566725,switch,runc:[2:INIT],170606,0,1
1780278341975624916,sched_yield,runc:[2:INIT],170606,0,1
1780278341975627443,futex,runc:[2:INIT],170606,0,1
1780278341975632439,switch,runc:[2:INIT],170606,0,1
1780278341975860769,futex,runc:[2:INIT],170609,1,1
1780278341975864222,futex,runc:[2:INIT],170609,1,1
1780278341975865525,switch,runc:[2:INIT],170609,1,1
1780278341976255721,futex,runc:[2:INIT],170606,0,1
1780278341976272588,clock_gettime,runc:[2:INIT],170606,0,1
1780278341976273005,nanosleep,runc:[2:INIT],170606,0,1
1780278341976273005,clock_gettime,runc:[2:INIT],170606,0,1
1780278341976273005,switch,runc:[2:INIT],170606,0,1
1780278341976364124,nanosleep,runc:[2:INIT],170606,0,1
1780278341976364124,clock_gettime,runc:[2:INIT],170606,0,1
1780278341976364124,clock_gettime,runc:[2:INIT],170606,0,1
1780278341976364124,clock_gettime,runc:[2:INIT],170606,0,1
1780278341976364124,nanosleep,runc:[2:INIT],170606,0,1
1780278341976364124,clock_gettime,runc:[2:INIT],170606,0,1
1780278341976366301,switch,runc:[2:INIT],170606,0,1
1780278341976468089,clock_gettime,runc:[2:INIT],170606,0,1
1780278341976468089,clock_gettime,runc:[2:INIT],170606,0,1
1780278341976468089,clock_gettime,runc:[2:INIT],170606,0,1
1780278341976468089,nanosleep,runc:[2:INIT],170606,0,1
1780278341976468089,nanosleep,runc:[2:INIT],170606,0,1
1780278341976468089,clock_gettime,runc:[2:INIT],170606,0,1
1780278341976469529,switch,runc:[2:INIT],170606,0,1
1780278341976554866,nanosleep,runc:[2:INIT],170606,0,1
1780278341976584789,clock_gettime,runc:[2:INIT],170606,0,1
1780278341976584789,switch,runc:[2:INIT],170606,0,1
1780278341976584789,clock_gettime,runc:[2:INIT],170606,0,1
1780278341976584789,clock_gettime,runc:[2:INIT],170606,0,1
1780278341976584789,clock_gettime,runc:[2:INIT],170606,0,1
1780278341976584789,nanosleep,runc:[2:INIT],170606,0,1
1780278341976660572,nanosleep,runc:[2:INIT],170606,0,1
1780278341976663069,clock_gettime,runc:[2:INIT],170606,0,1
1780278341976663935,clock_gettime,runc:[2:INIT],170606,0,1
1780278341976664711,clock_gettime,runc:[2:INIT],170606,0,1
1780278341976665447,clock_gettime,runc:[2:INIT],170606,0,1
1780278341976666582,nanosleep,runc:[2:INIT],170606,0,1
1780278341976678901,switch,runc:[2:INIT],170606,0,1
1780278341976776985,nanosleep,runc:[2:INIT],170606,0,1
1780278341976780457,clock_gettime,runc:[2:INIT],170606,0,1
1780278341976782010,clock_gettime,runc:[2:INIT],170606,0,1
1780278341976782985,clock_gettime,runc:[2:INIT],170606,0,1
1780278341976783671,clock_gettime,runc:[2:INIT],170606,0,1
1780278341976785512,nanosleep,runc:[2:INIT],170606,0,1
1780278341976800300,switch,runc:[2:INIT],170606,0,1
1780278341976885607,nanosleep,runc:[2:INIT],170606,0,1
1780278341976888353,clock_gettime,runc:[2:INIT],170606,0,1
1780278341976889258,clock_gettime,runc:[2:INIT],170606,0,1
1780278341976889995,clock_gettime,runc:[2:INIT],170606,0,1
1780278341976890671,clock_gettime,runc:[2:INIT],170606,0,1
1780278341976891855,nanosleep,runc:[2:INIT],170606,0,1
1780278341976903637,switch,runc:[2:INIT],170606,0,1
1780278341976988914,nanosleep,runc:[2:INIT],170606,0,1
1780278341976991362,clock_gettime,runc:[2:INIT],170606,0,1
1780278341976992208,clock_gettime,runc:[2:INIT],170606,0,1
1780278341976992944,clock_gettime,runc:[2:INIT],170606,0,1
1780278341976993630,clock_gettime,runc:[2:INIT],170606,0,1
1780278341976994815,nanosleep,runc:[2:INIT],170606,0,1
1780278341977006796,switch,runc:[2:INIT],170606,0,1
1780278341977090511,nanosleep,runc:[2:INIT],170606,0,1
1780278341977092869,clock_gettime,runc:[2:INIT],170606,0,1
1780278341977093715,clock_gettime,runc:[2:INIT],170606,0,1
1780278341977094441,clock_gettime,runc:[2:INIT],170606,0,1
1780278341977095118,clock_gettime,runc:[2:INIT],170606,0,1
1780278341977096242,nanosleep,runc:[2:INIT],170606,0,1
1780278341977108063,switch,runc:[2:INIT],170606,0,1
1780278341977192336,nanosleep,runc:[2:INIT],170606,0,1
1780278341977194803,clock_gettime,runc:[2:INIT],170606,0,1
1780278341977195639,clock_gettime,runc:[2:INIT],170606,0,1
1780278341977196356,clock_gettime,runc:[2:INIT],170606,0,1
1780278341977197032,clock_gettime,runc:[2:INIT],170606,0,1
1780278341977198127,nanosleep,runc:[2:INIT],170606,0,1
1780278341977215740,switch,runc:[2:INIT],170606,0,1
1780278341977320470,nanosleep,runc:[2:INIT],170606,0,1
1780278341977324381,clock_gettime,runc:[2:INIT],170606,0,1
1780278341977325843,clock_gettime,runc:[2:INIT],170606,0,1
1780278341977326830,clock_gettime,runc:[2:INIT],170606,0,1
1780278341977327516,clock_gettime,runc:[2:INIT],170606,0,1
1780278341977329367,nanosleep,runc:[2:INIT],170606,0,1
1780278341977350123,switch,runc:[2:INIT],170606,0,1
1780278341977434704,nanosleep,runc:[2:INIT],170606,0,1
1780278341977437450,clock_gettime,runc:[2:INIT],170606,0,1
1780278341977438356,clock_gettime,runc:[2:INIT],170606,0,1
1780278341977439112,clock_gettime,runc:[2:INIT],170606,0,1
1780278341977439789,clock_gettime,runc:[2:INIT],170606,0,1
1780278341977440893,nanosleep,runc:[2:INIT],170606,0,1
1780278341977453064,switch,runc:[2:INIT],170606,0,1
1780278341977537206,nanosleep,runc:[2:INIT],170606,0,1
1780278341977539664,clock_gettime,runc:[2:INIT],170606,0,1
1780278341977540500,clock_gettime,runc:[2:INIT],170606,0,1
1780278341977541217,clock_gettime,runc:[2:INIT],170606,0,1
1780278341977541903,clock_gettime,runc:[2:INIT],170606,0,1
1780278341977543008,nanosleep,runc:[2:INIT],170606,0,1
1780278341977575350,switch,runc:[2:INIT],170606,0,1
1780278341977626842,nanosleep,runc:[2:INIT],170606,0,1
1780278341977629250,clock_gettime,runc:[2:INIT],170606,0,1
1780278341977630325,clock_gettime,runc:[2:INIT],170606,0,1
1780278341977631091,clock_gettime,runc:[2:INIT],170606,0,1
1780278341977631837,clock_gettime,runc:[2:INIT],170606,0,1
1780278341977632872,nanosleep,runc:[2:INIT],170606,0,1
1780278341977645449,switch,runc:[2:INIT],170606,0,1
1780278341977729920,nanosleep,runc:[2:INIT],170606,0,1
1780278341977732388,clock_gettime,runc:[2:INIT],170606,0,1
1780278341977733254,clock_gettime,runc:[2:INIT],170606,0,1
1780278341977733970,clock_gettime,runc:[2:INIT],170606,0,1
1780278341977734657,clock_gettime,runc:[2:INIT],170606,0,1
1780278341977735713,nanosleep,runc:[2:INIT],170606,0,1
1780278341977747633,switch,runc:[2:INIT],170606,0,1
1780278341977831935,nanosleep,runc:[2:INIT],170606,0,1
1780278341977834313,clock_gettime,runc:[2:INIT],170606,0,1
1780278341977835129,clock_gettime,runc:[2:INIT],170606,0,1
1780278341977835836,clock_gettime,runc:[2:INIT],170606,0,1
1780278341977836522,clock_gettime,runc:[2:INIT],170606,0,1
1780278341977837657,nanosleep,runc:[2:INIT],170606,0,1
1780278341977849637,switch,runc:[2:INIT],170606,0,1
1780278341977934287,nanosleep,runc:[2:INIT],170606,0,1
1780278341977936656,clock_gettime,runc:[2:INIT],170606,0,1
1780278341977937521,clock_gettime,runc:[2:INIT],170606,0,1
1780278341977938238,clock_gettime,runc:[2:INIT],170606,0,1
1780278341977938924,clock_gettime,runc:[2:INIT],170606,0,1
1780278341977940050,nanosleep,runc:[2:INIT],170606,0,1
1780278341977952129,switch,runc:[2:INIT],170606,0,1
1780278341978035924,nanosleep,runc:[2:INIT],170606,0,1
1780278341978038282,clock_gettime,runc:[2:INIT],170606,0,1
1780278341978039088,clock_gettime,runc:[2:INIT],170606,0,1
1780278341978039795,clock_gettime,runc:[2:INIT],170606,0,1
1780278341978040471,clock_gettime,runc:[2:INIT],170606,0,1
1780278341978041586,nanosleep,runc:[2:INIT],170606,0,1
1780278341978053337,switch,runc:[2:INIT],170606,0,1
1780278341978137261,nanosleep,runc:[2:INIT],170606,0,1
1780278341978139560,clock_gettime,runc:[2:INIT],170606,0,1
1780278341978140376,clock_gettime,runc:[2:INIT],170606,0,1
1780278341978141092,clock_gettime,runc:[2:INIT],170606,0,1
1780278341978141769,clock_gettime,runc:[2:INIT],170606,0,1
1780278341978142853,nanosleep,runc:[2:INIT],170606,0,1
1780278341978154765,switch,runc:[2:INIT],170606,0,1
1780278341978239425,nanosleep,runc:[2:INIT],170606,0,1
1780278341978241764,clock_gettime,runc:[2:INIT],170606,0,1
1780278341978242589,clock_gettime,runc:[2:INIT],170606,0,1
1780278341978243336,clock_gettime,runc:[2:INIT],170606,0,1
1780278341978244012,clock_gettime,runc:[2:INIT],170606,0,1
1780278341978245127,nanosleep,runc:[2:INIT],170606,0,1
1780278341978256928,switch,runc:[2:INIT],170606,0,1
1780278341978377461,nanosleep,runc:[2:INIT],170606,0,1
1780278341978381779,clock_gettime,runc:[2:INIT],170606,0,1
1780278341978383311,clock_gettime,runc:[2:INIT],170606,0,1
1780278341978384306,clock_gettime,runc:[2:INIT],170606,0,1
1780278341978384993,clock_gettime,runc:[2:INIT],170606,0,1
1780278341978386913,nanosleep,runc:[2:INIT],170606,0,1
1780278341978407293,switch,runc:[2:INIT],170606,0,1
1780278341978491625,nanosleep,runc:[2:INIT],170606,0,1
1780278341978494501,clock_gettime,runc:[2:INIT],170606,0,1
1780278341978495506,clock_gettime,runc:[2:INIT],170606,0,1
1780278341978496242,clock_gettime,runc:[2:INIT],170606,0,1
1780278341978496948,clock_gettime,runc:[2:INIT],170606,0,1
1780278341978498073,nanosleep,runc:[2:INIT],170606,0,1
1780278341978508700,switch,runc:[2:INIT],170606,0,1
1780278341978593858,nanosleep,runc:[2:INIT],170606,0,1
1780278341978596466,clock_gettime,runc:[2:INIT],170606,0,1
1780278341978597411,clock_gettime,runc:[2:INIT],170606,0,1
1780278341978598127,clock_gettime,runc:[2:INIT],170606,0,1
1780278341978598794,clock_gettime,runc:[2:INIT],170606,0,1
1780278341978599829,nanosleep,runc:[2:INIT],170606,0,1
1780278341978610486,switch,runc:[2:INIT],170606,0,1
1780278341978695643,nanosleep,runc:[2:INIT],170606,0,1
1780278341978698231,clock_gettime,runc:[2:INIT],170606,0,1
1780278341978699116,clock_gettime,runc:[2:INIT],170606,0,1
1780278341978699862,clock_gettime,runc:[2:INIT],170606,0,1
1780278341978700559,clock_gettime,runc:[2:INIT],170606,0,1
1780278341978701634,nanosleep,runc:[2:INIT],170606,0,1
1780278341978712868,switch,runc:[2:INIT],170606,0,1
1780278341978797936,nanosleep,runc:[2:INIT],170606,0,1
1780278341978800405,clock_gettime,runc:[2:INIT],170606,0,1
1780278341978801400,clock_gettime,runc:[2:INIT],170606,0,1
1780278341978802196,clock_gettime,runc:[2:INIT],170606,0,1
1780278341978802882,clock_gettime,runc:[2:INIT],170606,0,1
1780278341978803967,nanosleep,runc:[2:INIT],170606,0,1
1780278341978814445,switch,runc:[2:INIT],170606,0,1
1780278341978899752,nanosleep,runc:[2:INIT],170606,0,1
1780278341978902349,clock_gettime,runc:[2:INIT],170606,0,1
1780278341978903284,clock_gettime,runc:[2:INIT],170606,0,1
1780278341978904060,clock_gettime,runc:[2:INIT],170606,0,1
1780278341978904747,clock_gettime,runc:[2:INIT],170606,0,1
1780278341978905752,nanosleep,runc:[2:INIT],170606,0,1
1780278341978916170,switch,runc:[2:INIT],170606,0,1
1780278341979007558,nanosleep,runc:[2:INIT],170606,0,1
1780278341979010165,clock_gettime,runc:[2:INIT],170606,0,1
1780278341979011030,clock_gettime,runc:[2:INIT],170606,0,1
1780278341979011787,clock_gettime,runc:[2:INIT],170606,0,1
1780278341979012463,clock_gettime,runc:[2:INIT],170606,0,1
1780278341979013578,nanosleep,runc:[2:INIT],170606,0,1
1780278341979024384,switch,runc:[2:INIT],170606,0,1
1780278341979111094,nanosleep,runc:[2:INIT],170606,0,1
1780278341979113671,clock_gettime,runc:[2:INIT],170606,0,1
1780278341979114576,clock_gettime,runc:[2:INIT],170606,0,1
1780278341979115323,clock_gettime,runc:[2:INIT],170606,0,1
1780278341979115999,clock_gettime,runc:[2:INIT],170606,0,1
1780278341979117064,nanosleep,runc:[2:INIT],170606,0,1
1780278341979127423,switch,runc:[2:INIT],170606,0,1
1780278341979212800,nanosleep,runc:[2:INIT],170606,0,1
1780278341979215308,clock_gettime,runc:[2:INIT],170606,0,1
1780278341979216203,clock_gettime,runc:[2:INIT],170606,0,1
1780278341979217019,clock_gettime,runc:[2:INIT],170606,0,1
1780278341979217726,clock_gettime,runc:[2:INIT],170606,0,1
1780278341979218880,nanosleep,runc:[2:INIT],170606,0,1
1780278341979229079,switch,runc:[2:INIT],170606,0,1
1780278341979316943,nanosleep,runc:[2:INIT],170606,0,1
1780278341979319471,clock_gettime,runc:[2:INIT],170606,0,1
1780278341979320386,clock_gettime,runc:[2:INIT],170606,0,1
1780278341979321132,clock_gettime,runc:[2:INIT],170606,0,1
1780278341979321819,clock_gettime,runc:[2:INIT],170606,0,1
1780278341979322924,nanosleep,runc:[2:INIT],170606,0,1
1780278341979333303,switch,runc:[2:INIT],170606,0,1
1780278341979418172,nanosleep,runc:[2:INIT],170606,0,1
1780278341979420590,clock_gettime,runc:[2:INIT],170606,0,1
1780278341979421426,clock_gettime,runc:[2:INIT],170606,0,1
1780278341979422152,clock_gettime,runc:[2:INIT],170606,0,1
1780278341979422829,clock_gettime,runc:[2:INIT],170606,0,1
1780278341979423884,nanosleep,runc:[2:INIT],170606,0,1
1780278341979434302,switch,runc:[2:INIT],170606,0,1
1780278341979618923,nanosleep,runc:[2:INIT],170606,0,1
1780278341979618923,clock_gettime,runc:[2:INIT],170606,0,1
1780278341979618923,clock_gettime,runc:[2:INIT],170606,0,1
1780278341979618923,clock_gettime,runc:[2:INIT],170606,0,1
1780278341979628466,clock_gettime,runc:[2:INIT],170606,0,1
1780278341979629481,nanosleep,runc:[2:INIT],170606,0,1
1780278341979636764,switch,runc:[2:INIT],170606,0,1
1780278341979719375,clock_gettime,runc:[2:INIT],170606,0,1
1780278341979719375,nanosleep,runc:[2:INIT],170606,0,1
1780278341979719375,clock_gettime,runc:[2:INIT],170606,0,1
1780278341979719375,nanosleep,runc:[2:INIT],170606,0,1
1780278341979719375,clock_gettime,runc:[2:INIT],170606,0,1
1780278341979719375,switch,runc:[2:INIT],170606,0,1
1780278341979719375,clock_gettime,runc:[2:INIT],170606,0,1
1780278341979822055,clock_gettime,runc:[2:INIT],170606,0,1
1780278341979822055,clock_gettime,runc:[2:INIT],170606,0,1
1780278341979822055,nanosleep,runc:[2:INIT],170606,0,1
1780278341979822055,nanosleep,runc:[2:INIT],170606,0,1
1780278341979822055,clock_gettime,runc:[2:INIT],170606,0,1
1780278341979822055,clock_gettime,runc:[2:INIT],170606,0,1
1780278341979839519,switch,runc:[2:INIT],170606,0,1
1780278341979913632,futex,runc:[2:INIT],170609,1,1
1780278341979919513,switch,runc:[2:INIT],170609,1,1
1780278341979927294,nanosleep,runc:[2:INIT],170606,0,1
1780278341979929005,clock_gettime,runc:[2:INIT],170606,0,1
1780278341979929005,clock_gettime,runc:[2:INIT],170606,0,1
1780278341979929005,clock_gettime,runc:[2:INIT],170606,0,1
1780278341979931802,clock_gettime,runc:[2:INIT],170606,0,1
1780278341979931802,nanosleep,runc:[2:INIT],170606,0,1
1780278341979934647,switch,runc:[2:INIT],170606,0,1
1780278341980013669,nanosleep,runc:[2:INIT],170606,0,1
1780278341980016505,clock_gettime,runc:[2:INIT],170606,0,1
1780278341980017560,clock_gettime,runc:[2:INIT],170606,0,1
1780278341980018396,clock_gettime,runc:[2:INIT],170606,0,1
1780278341980019082,clock_gettime,runc:[2:INIT],170606,0,1
1780278341980020326,nanosleep,runc:[2:INIT],170606,0,1
1780278341980031233,switch,runc:[2:INIT],170606,0,1
1780278341980117077,nanosleep,runc:[2:INIT],170606,0,1
1780278341980119694,clock_gettime,runc:[2:INIT],170606,0,1
1780278341980120580,clock_gettime,runc:[2:INIT],170606,0,1
1780278341980121376,clock_gettime,runc:[2:INIT],170606,0,1
1780278341980122062,clock_gettime,runc:[2:INIT],170606,0,1
1780278341980123127,nanosleep,runc:[2:INIT],170606,0,1
1780278341980132122,switch,runc:[2:INIT],170606,0,1
1780278341980219907,nanosleep,runc:[2:INIT],170606,0,1
1780278341980222584,clock_gettime,runc:[2:INIT],170606,0,1
1780278341980223459,clock_gettime,runc:[2:INIT],170606,0,1
1780278341980224235,clock_gettime,runc:[2:INIT],170606,0,1
1780278341980224912,clock_gettime,runc:[2:INIT],170606,0,1
1780278341980226186,nanosleep,runc:[2:INIT],170606,0,1
1780278341980238207,switch,runc:[2:INIT],170606,0,1
1780278341980342977,nanosleep,runc:[2:INIT],170606,0,1
1780278341980345783,clock_gettime,runc:[2:INIT],170606,0,1
1780278341980346669,clock_gettime,runc:[2:INIT],170606,0,1
1780278341980347465,clock_gettime,runc:[2:INIT],170606,0,1
1780278341980348151,clock_gettime,runc:[2:INIT],170606,0,1
1780278341980349305,nanosleep,runc:[2:INIT],170606,0,1
1780278341980352708,switch,runc:[2:INIT],170606,0,1
1780278341980608133,nanosleep,runc:[2:INIT],170606,0,1
1780278341980612581,clock_gettime,runc:[2:INIT],170606,0,1
1780278341980614213,clock_gettime,runc:[2:INIT],170606,0,1
1780278341980615258,clock_gettime,runc:[2:INIT],170606,0,1
1780278341980615984,clock_gettime,runc:[2:INIT],170606,0,1
1780278341980617944,nanosleep,runc:[2:INIT],170606,0,1
1780278341980638134,switch,runc:[2:INIT],170606,0,1
1780278341980869547,nanosleep,runc:[2:INIT],170606,0,1
1780278341980872721,clock_gettime,runc:[2:INIT],170606,0,1
1780278341980873815,clock_gettime,runc:[2:INIT],170606,0,1
1780278341980874651,clock_gettime,runc:[2:INIT],170606,0,1
1780278341980875378,clock_gettime,runc:[2:INIT],170606,0,1
1780278341980876940,nanosleep,runc:[2:INIT],170606,0,1
1780278341980881219,switch,runc:[2:INIT],170606,0,1
1780278341981288918,nanosleep,runc:[2:INIT],170606,0,1
1780278341981292350,clock_gettime,runc:[2:INIT],170606,0,1
1780278341981293873,clock_gettime,runc:[2:INIT],170606,0,1
1780278341981294788,clock_gettime,runc:[2:INIT],170606,0,1
1780278341981295466,clock_gettime,runc:[2:INIT],170606,0,1
1780278341981297366,nanosleep,runc:[2:INIT],170606,0,1
1780278341981302680,switch,runc:[2:INIT],170606,0,1
1780278341981700643,clone3,runc:[2:INIT],170611,1,1
1780278341981724465,switch,runc:[2:INIT],170611,1,1
1780278341981738943,rseq,runc:[2:INIT],170611,1,1
1780278341981740177,rseq,runc:[2:INIT],170611,1,1
1780278341981741361,set_robust_list,runc:[2:INIT],170611,1,1
1780278341981742057,set_robust_list,runc:[2:INIT],170611,1,1
1780278341981743212,rt_sigprocmask,runc:[2:INIT],170611,1,1
1780278341981744824,rt_sigprocmask,runc:[2:INIT],170611,1,1
1780278341981746377,mmap,runc:[2:INIT],170611,1,1
1780278341981753093,mmap,runc:[2:INIT],170611,1,1
1780278341981754098,mprotect,runc:[2:INIT],170611,1,1
1780278341981762357,mprotect,runc:[2:INIT],170611,1,1
1780278341981770954,sigaltstack,runc:[2:INIT],170611,1,1
1780278341981772328,sigaltstack,runc:[2:INIT],170611,1,1
1780278341981773084,sigaltstack,runc:[2:INIT],170611,1,1
1780278341981774149,sigaltstack,runc:[2:INIT],170611,1,1
1780278341981776188,rt_sigprocmask,runc:[2:INIT],170611,1,1
1780278341981776865,rt_sigprocmask,runc:[2:INIT],170611,1,1
1780278341981777601,gettid,runc:[2:INIT],170611,1,1
1780278341981778397,gettid,runc:[2:INIT],170611,1,1
1780278341981780089,futex,runc:[2:INIT],170611,1,1
1780278341981785671,switch,runc:[2:INIT],170611,1,1
1780278341982048529,nanosleep,runc:[2:INIT],170606,0,1
1780278341982048529,clock_gettime,runc:[2:INIT],170606,0,1
1780278341982048529,clock_gettime,runc:[2:INIT],170606,0,1
1780278341982048529,nanosleep,runc:[2:INIT],170606,0,1
1780278341982048529,epoll_pwait,runc:[2:INIT],170606,0,1
1780278341982048529,epoll_pwait,runc:[2:INIT],170606,0,1
1780278341982048529,switch,runc:[2:INIT],170606,0,1
1780278341982048529,clock_gettime,runc:[2:INIT],170606,0,1
1780278341982048529,clock_gettime,runc:[2:INIT],170606,0,1
1780278341983464185,nanosleep,runc:[2:INIT],170606,0,1
1780278341983467757,clock_gettime,runc:[2:INIT],170606,0,1
1780278341983469260,clock_gettime,runc:[2:INIT],170606,0,1
1780278341983470066,clock_gettime,runc:[2:INIT],170606,0,1
1780278341983470762,clock_gettime,runc:[2:INIT],170606,0,1
1780278341983472772,nanosleep,runc:[2:INIT],170606,0,1
1780278341983477757,switch,runc:[2:INIT],170606,0,1
1780278341986145771,nanosleep,runc:[2:INIT],170606,0,1
1780278341986150338,clock_gettime,runc:[2:INIT],170606,0,1
1780278341986151881,clock_gettime,runc:[2:INIT],170606,0,1
1780278341986152965,clock_gettime,runc:[2:INIT],170606,0,1
1780278341986153721,clock_gettime,runc:[2:INIT],170606,0,1
1780278341986155901,nanosleep,runc:[2:INIT],170606,0,1
1780278341986163911,switch,runc:[2:INIT],170606,0,1
1780278341991375944,nanosleep,runc:[2:INIT],170606,0,1
1780278341991381018,clock_gettime,runc:[2:INIT],170606,0,1
1780278341991383108,clock_gettime,runc:[2:INIT],170606,0,1
1780278341991384113,clock_gettime,runc:[2:INIT],170606,0,1
1780278341991384919,clock_gettime,runc:[2:INIT],170606,0,1
1780278341991388153,futex,runc:[2:INIT],170606,0,1
1780278341991398342,futex,runc:[2:INIT],170606,0,1
1780278341991400531,nanosleep,runc:[2:INIT],170606,0,1
1780278341991512334,switch,runc:[2:INIT],170606,0,1
1780278341991512334,futex,runc:[2:INIT],170609,1,1
1780278341991535191,read,runc:[2:INIT],170609,1,1
1780278341991538046,read,runc:[2:INIT],170609,1,1
1780278341991542524,epoll_pwait,runc:[2:INIT],170609,1,1
1780278341991545569,epoll_pwait,runc:[2:INIT],170609,1,1
1780278341991547838,clock_gettime,runc:[2:INIT],170609,1,1
1780278341991548992,clock_gettime,runc:[2:INIT],170609,1,1
1780278341991550007,epoll_pwait,runc:[2:INIT],170609,1,1
1780278341991553281,clock_gettime,runc:[2:INIT],170606,0,1
1780278341991553281,nanosleep,runc:[2:INIT],170606,0,1
1780278341991553281,clock_gettime,runc:[2:INIT],170606,0,1
1780278341991553281,clock_gettime,runc:[2:INIT],170606,0,1
1780278341991553281,switch,runc:[2:INIT],170606,0,1
1780278341991553281,futex,runc:[2:INIT],170606,0,1
1780278341991553281,clock_gettime,runc:[2:INIT],170606,0,1
1780278341991553281,switch,runc:[2:INIT],170609,1,1
1780278341999385672,epoll_pwait,runc:[2:INIT],170609,1,1
1780278341999386757,read,runc:[2:INIT],170609,1,1
1780278341999386757,futex,runc:[2:INIT],170609,1,1
1780278341999386757,read,runc:[2:INIT],170609,1,1
1780278341999386757,futex,runc:[2:INIT],170609,1,1
1780278341999386757,clock_gettime,runc:[2:INIT],170609,1,1
1780278341999386757,clock_gettime,runc:[2:INIT],170609,1,1
1780278341999422613,futex,runc:[2:INIT],170606,0,1
1780278341999427957,clock_gettime,runc:[2:INIT],170606,0,1
1780278341999428862,clock_gettime,runc:[2:INIT],170606,0,1
1780278341999430544,nanosleep,runc:[2:INIT],170606,0,1
1780278341999441699,switch,runc:[2:INIT],170606,0,1
1780278341999442425,epoll_pwait,runc:[2:INIT],170609,1,1
1780278341999442425,read,runc:[2:INIT],170609,1,1
1780278341999442425,read,runc:[2:INIT],170609,1,1
1780278341999442425,read,runc:[2:INIT],170609,1,1
1780278341999442425,epoll_pwait,runc:[2:INIT],170609,1,1
1780278341999442425,read,runc:[2:INIT],170609,1,1
1780278341999442425,read,runc:[2:INIT],170609,1,1
1780278341999442425,switch,runc:[2:INIT],170609,1,1
1780278341999442425,clock_gettime,runc:[2:INIT],170609,1,1
1780278341999442425,epoll_pwait,runc:[2:INIT],170609,1,1
1780278341999442425,clock_gettime,runc:[2:INIT],170609,1,1
1780278341999442425,read,runc:[2:INIT],170609,1,1
1780278341999442425,read,runc:[2:INIT],170609,1,1
1780278341999442425,read,runc:[2:INIT],170609,1,1
1780278341999442425,read,runc:[2:INIT],170609,1,1
1780278341999442425,read,runc:[2:INIT],170609,1,1
1780278341999442425,read,runc:[2:INIT],170609,1,1
1780278341999442425,read,runc:[2:INIT],170609,1,1
1780278341999544124,epoll_pwait,runc:[2:INIT],170609,1,1
1780278341999544124,clock_gettime,runc:[2:INIT],170609,1,1
1780278341999544124,clock_gettime,runc:[2:INIT],170609,1,1
1780278341999544124,switch,runc:[2:INIT],170609,1,1
1780278341999544124,futex,runc:[2:INIT],170609,1,1
1780278341999556414,read,runc:[2:INIT],170609,1,1
1780278341999556414,futex,runc:[2:INIT],170609,1,1
1780278341999556414,nanosleep,runc:[2:INIT],170606,0,1
1780278341999558792,clock_gettime,runc:[2:INIT],170606,0,1
1780278341999558792,read,runc:[2:INIT],170609,1,1
1780278341999559777,clock_gettime,runc:[2:INIT],170606,0,1
1780278341999560365,clock_gettime,runc:[2:INIT],170606,0,1
1780278341999560723,clock_gettime,runc:[2:INIT],170606,0,1
1780278341999561847,nanosleep,runc:[2:INIT],170606,0,1
1780278341999562703,futex,runc:[2:INIT],170609,1,1
1780278341999563021,futex,runc:[2:INIT],170609,1,1
1780278341999563021,futex,runc:[2:INIT],170609,1,1
1780278341999563021,switch,runc:[2:INIT],170609,1,1
1780278341999571051,switch,runc:[2:INIT],170606,0,1
1780278341999661675,nanosleep,runc:[2:INIT],170606,0,1
1780278341999662978,clock_gettime,runc:[2:INIT],170606,0,1
1780278341999663545,clock_gettime,runc:[2:INIT],170606,0,1
1780278341999663943,clock_gettime,runc:[2:INIT],170606,0,1
1780278341999664302,clock_gettime,runc:[2:INIT],170606,0,1
1780278341999664918,nanosleep,runc:[2:INIT],170606,0,1
1780278341999672830,switch,runc:[2:INIT],170606,0,1
1780278341999763241,nanosleep,runc:[2:INIT],170606,0,1
1780278341999764037,clock_gettime,runc:[2:INIT],170606,0,1
1780278341999764465,clock_gettime,runc:[2:INIT],170606,0,1
1780278341999764793,clock_gettime,runc:[2:INIT],170606,0,1
1780278341999765151,clock_gettime,runc:[2:INIT],170606,0,1
1780278341999765579,nanosleep,runc:[2:INIT],170606,0,1
1780278341999772903,switch,runc:[2:INIT],170606,0,1
1780278341999851871,nanosleep,runc:[2:INIT],170606,0,1
1780278341999852379,clock_gettime,runc:[2:INIT],170606,0,1
1780278341999852856,clock_gettime,runc:[2:INIT],170606,0,1
1780278341999853175,clock_gettime,runc:[2:INIT],170606,0,1
1780278341999853523,clock_gettime,runc:[2:INIT],170606,0,1
1780278341999853921,nanosleep,runc:[2:INIT],170606,0,1
1780278341999860996,switch,runc:[2:INIT],170606,0,1
1780278341999939606,nanosleep,runc:[2:INIT],170606,0,1
1780278341999940114,clock_gettime,runc:[2:INIT],170606,0,1
1780278341999940522,clock_gettime,runc:[2:INIT],170606,0,1
1780278341999940830,clock_gettime,runc:[2:INIT],170606,0,1
1780278341999941178,clock_gettime,runc:[2:INIT],170606,0,1
1780278341999941576,nanosleep,runc:[2:INIT],170606,0,1
1780278341999948661,switch,runc:[2:INIT],170606,0,1
1780278342000754069,nanosleep,runc:[2:INIT],170606,0,1
1780278342000756925,clock_gettime,runc:[2:INIT],170606,0,1
1780278342000757492,clock_gettime,runc:[2:INIT],170606,0,1
1780278342000757770,clock_gettime,runc:[2:INIT],170606,0,1
1780278342000758009,clock_gettime,runc:[2:INIT],170606,0,1
1780278342000759472,nanosleep,runc:[2:INIT],170606,0,1
1780278342000775264,switch,runc:[2:INIT],170606,0,1
1780278342000863905,nanosleep,runc:[2:INIT],170606,0,1
1780278342000864691,clock_gettime,runc:[2:INIT],170606,0,1
1780278342000865059,clock_gettime,runc:[2:INIT],170606,0,1
1780278342000865298,clock_gettime,runc:[2:INIT],170606,0,1
1780278342000865527,clock_gettime,runc:[2:INIT],170606,0,1
1780278342000865885,nanosleep,runc:[2:INIT],170606,0,1
1780278342000872353,switch,runc:[2:INIT],170606,0,1
1780278342000947749,nanosleep,runc:[2:INIT],170606,0,1
1780278342000948147,clock_gettime,runc:[2:INIT],170606,0,1
1780278342000948426,clock_gettime,runc:[2:INIT],170606,0,1
1780278342000948635,clock_gettime,runc:[2:INIT],170606,0,1
1780278342000948873,clock_gettime,runc:[2:INIT],170606,0,1
1780278342000949152,nanosleep,runc:[2:INIT],170606,0,1
1780278342000955232,switch,runc:[2:INIT],170606,0,1
1780278342001030837,nanosleep,runc:[2:INIT],170606,0,1
1780278342001031205,clock_gettime,runc:[2:INIT],170606,0,1
1780278342001031474,clock_gettime,runc:[2:INIT],170606,0,1
1780278342001031693,clock_gettime,runc:[2:INIT],170606,0,1
1780278342001031922,clock_gettime,runc:[2:INIT],170606,0,1
1780278342001032190,nanosleep,runc:[2:INIT],170606,0,1
1780278342001037991,switch,runc:[2:INIT],170606,0,1
1780278342001114005,nanosleep,runc:[2:INIT],170606,0,1
1780278342001114373,clock_gettime,runc:[2:INIT],170606,0,1
1780278342001114642,clock_gettime,runc:[2:INIT],170606,0,1
1780278342001114870,clock_gettime,runc:[2:INIT],170606,0,1
1780278342001115099,clock_gettime,runc:[2:INIT],170606,0,1
1780278342001115378,nanosleep,runc:[2:INIT],170606,0,1
1780278342001121159,switch,runc:[2:INIT],170606,0,1
1780278342001198237,nanosleep,runc:[2:INIT],170606,0,1
1780278342001198575,clock_gettime,runc:[2:INIT],170606,0,1
1780278342001198844,clock_gettime,runc:[2:INIT],170606,0,1
1780278342001199103,clock_gettime,runc:[2:INIT],170606,0,1
1780278342001199371,clock_gettime,runc:[2:INIT],170606,0,1
1780278342001199640,nanosleep,runc:[2:INIT],170606,0,1
1780278342001205391,switch,runc:[2:INIT],170606,0,1
1780278342001282499,nanosleep,runc:[2:INIT],170606,0,1
1780278342001282848,clock_gettime,runc:[2:INIT],170606,0,1
1780278342001283116,clock_gettime,runc:[2:INIT],170606,0,1
1780278342001283335,clock_gettime,runc:[2:INIT],170606,0,1
1780278342001283564,clock_gettime,runc:[2:INIT],170606,0,1
1780278342001283833,nanosleep,runc:[2:INIT],170606,0,1
1780278342001289504,switch,runc:[2:INIT],170606,0,1
1780278342001366095,nanosleep,runc:[2:INIT],170606,0,1
1780278342001366483,clock_gettime,runc:[2:INIT],170606,0,1
1780278342001366762,clock_gettime,runc:[2:INIT],170606,0,1
1780278342001366980,clock_gettime,runc:[2:INIT],170606,0,1
1780278342001367219,clock_gettime,runc:[2:INIT],170606,0,1
1780278342001367478,nanosleep,runc:[2:INIT],170606,0,1
1780278342001373120,switch,runc:[2:INIT],170606,0,1
1780278342001449442,nanosleep,runc:[2:INIT],170606,0,1
1780278342001449790,clock_gettime,runc:[2:INIT],170606,0,1
1780278342001450049,clock_gettime,runc:[2:INIT],170606,0,1
1780278342001450278,clock_gettime,runc:[2:INIT],170606,0,1
1780278342001450576,clock_gettime,runc:[2:INIT],170606,0,1
1780278342001450845,nanosleep,runc:[2:INIT],170606,0,1
1780278342001456576,switch,runc:[2:INIT],170606,0,1
1780278342001533107,nanosleep,runc:[2:INIT],170606,0,1
1780278342001533455,clock_gettime,runc:[2:INIT],170606,0,1
1780278342001533714,clock_gettime,runc:[2:INIT],170606,0,1
1780278342001533933,clock_gettime,runc:[2:INIT],170606,0,1
1780278342001534172,clock_gettime,runc:[2:INIT],170606,0,1
1780278342001534430,nanosleep,runc:[2:INIT],170606,0,1
1780278342001535256,switch,runc:[2:INIT],170606,0,1
1780278342001609090,nanosleep,runc:[2:INIT],170606,0,1
1780278342001609478,clock_gettime,runc:[2:INIT],170606,0,1
1780278342001609757,clock_gettime,runc:[2:INIT],170606,0,1
1780278342001609976,clock_gettime,runc:[2:INIT],170606,0,1
1780278342001611628,clock_gettime,runc:[2:INIT],170606,0,1
1780278342001611896,nanosleep,runc:[2:INIT],170606,0,1
1780278342001617658,switch,runc:[2:INIT],170606,0,1
1780278342001694208,nanosleep,runc:[2:INIT],170606,0,1
1780278342001694567,clock_gettime,runc:[2:INIT],170606,0,1
1780278342001694845,clock_gettime,runc:[2:INIT],170606,0,1
1780278342001695064,clock_gettime,runc:[2:INIT],170606,0,1
1780278342001695293,clock_gettime,runc:[2:INIT],170606,0,1
1780278342001695621,nanosleep,runc:[2:INIT],170606,0,1
1780278342001701333,switch,runc:[2:INIT],170606,0,1
1780278342001777217,nanosleep,runc:[2:INIT],170606,0,1
1780278342001777575,clock_gettime,runc:[2:INIT],170606,0,1
1780278342001777834,clock_gettime,runc:[2:INIT],170606,0,1
1780278342001778063,clock_gettime,runc:[2:INIT],170606,0,1
1780278342001778291,clock_gettime,runc:[2:INIT],170606,0,1
1780278342001778560,nanosleep,runc:[2:INIT],170606,0,1
1780278342001784222,switch,runc:[2:INIT],170606,0,1
1780278342001860802,nanosleep,runc:[2:INIT],170606,0,1
1780278342001861151,clock_gettime,runc:[2:INIT],170606,0,1
1780278342001861399,clock_gettime,runc:[2:INIT],170606,0,1
1780278342001861618,clock_gettime,runc:[2:INIT],170606,0,1
1780278342001861927,clock_gettime,runc:[2:INIT],170606,0,1
1780278342001862205,nanosleep,runc:[2:INIT],170606,0,1
1780278342001867957,switch,runc:[2:INIT],170606,0,1
1780278342001947483,nanosleep,runc:[2:INIT],170606,0,1
1780278342001948438,clock_gettime,runc:[2:INIT],170606,0,1
1780278342001949085,clock_gettime,runc:[2:INIT],170606,0,1
1780278342001949343,clock_gettime,runc:[2:INIT],170606,0,1
1780278342001949582,clock_gettime,runc:[2:INIT],170606,0,1
1780278342001950000,nanosleep,runc:[2:INIT],170606,0,1
1780278342001957224,switch,runc:[2:INIT],170606,0,1
1780278342002032959,nanosleep,runc:[2:INIT],170606,0,1
1780278342002033307,clock_gettime,runc:[2:INIT],170606,0,1
1780278342002033596,clock_gettime,runc:[2:INIT],170606,0,1
1780278342002033824,clock_gettime,runc:[2:INIT],170606,0,1
1780278342002034053,clock_gettime,runc:[2:INIT],170606,0,1
1780278342002034332,nanosleep,runc:[2:INIT],170606,0,1
1780278342002040183,switch,runc:[2:INIT],170606,0,1
1780278342002116186,nanosleep,runc:[2:INIT],170606,0,1
1780278342002116524,clock_gettime,runc:[2:INIT],170606,0,1
1780278342002116803,clock_gettime,runc:[2:INIT],170606,0,1
1780278342002117012,clock_gettime,runc:[2:INIT],170606,0,1
1780278342002117251,clock_gettime,runc:[2:INIT],170606,0,1
1780278342002117529,nanosleep,runc:[2:INIT],170606,0,1
1780278342002123112,switch,runc:[2:INIT],170606,0,1
1780278342002199006,nanosleep,runc:[2:INIT],170606,0,1
1780278342002199334,clock_gettime,runc:[2:INIT],170606,0,1
1780278342002199603,clock_gettime,runc:[2:INIT],170606,0,1
1780278342002199812,clock_gettime,runc:[2:INIT],170606,0,1
1780278342002200040,clock_gettime,runc:[2:INIT],170606,0,1
1780278342002200309,nanosleep,runc:[2:INIT],170606,0,1
1780278342002205911,switch,runc:[2:INIT],170606,0,1
1780278342002283327,nanosleep,runc:[2:INIT],170606,0,1
1780278342002283984,clock_gettime,runc:[2:INIT],170606,0,1
1780278342002284263,clock_gettime,runc:[2:INIT],170606,0,1
1780278342002284502,clock_gettime,runc:[2:INIT],170606,0,1
1780278342002284740,clock_gettime,runc:[2:INIT],170606,0,1
1780278342002285109,nanosleep,runc:[2:INIT],170606,0,1
1780278342002290910,switch,runc:[2:INIT],170606,0,1
1780278342002291259,signaldeliver,runc:[2:INIT],170611,1,1
1780278342002291259,switch,runc:[2:INIT],170609,1,1
1780278342002291259,futex,runc:[2:INIT],170611,1,1
1780278342002291259,futex,runc:[2:INIT],170611,1,1
1780278342002291259,getpid,runc:[2:INIT],170609,1,1
1780278342002291259,signaldeliver,runc:[2:INIT],170609,1,1
1780278342002291259,setgid,runc:[2:INIT],170609,1,1
1780278342002291259,setgid,runc:[2:INIT],170609,1,1
1780278342002291259,futex,runc:[2:INIT],170609,1,1
1780278342002291259,getpid,runc:[2:INIT],170609,1,1
1780278342002291259,futex,runc:[2:INIT],170609,1,1
1780278342002291259,futex,runc:[2:INIT],170609,1,1
1780278342002291259,rt_sigreturn,runc:[2:INIT],170611,1,1
1780278342002291259,futex,runc:[2:INIT],170611,1,1
1780278342002291259,switch,runc:[2:INIT],170611,1,1
1780278342002291259,futex,runc:[2:INIT],170611,1,1
1780278342002291259,setgid,runc:[2:INIT],170611,1,1
1780278342002291259,setgid,runc:[2:INIT],170611,1,1
1780278342002291259,futex,runc:[2:INIT],170609,1,1
1780278342002291259,rt_sigreturn,runc:[2:INIT],170609,1,1
1780278342002291259,getpid,runc:[2:INIT],170611,1,1
1780278342002291259,getpid,runc:[2:INIT],170611,1,1
1780278342002362296,signaldeliver,runc:[2:INIT],170608,1,1
1780278342002362296,futex,runc:[2:INIT],170608,1,1
1780278342002369809,getpid,runc:[2:INIT],170608,1,1
1780278342002369809,getpid,runc:[2:INIT],170608,1,1
1780278342002370256,nanosleep,runc:[2:INIT],170606,0,1
1780278342002370256,setgid,runc:[2:INIT],170608,1,1
1780278342002370664,clock_gettime,runc:[2:INIT],170606,0,1
1780278342002370993,clock_gettime,runc:[2:INIT],170606,0,1
1780278342002371212,clock_gettime,runc:[2:INIT],170606,0,1
1780278342002371212,setgid,runc:[2:INIT],170608,1,1
1780278342002371520,clock_gettime,runc:[2:INIT],170606,0,1
1780278342002371520,futex,runc:[2:INIT],170608,1,1
1780278342002371799,futex,runc:[2:INIT],170608,1,1
1780278342002371799,nanosleep,runc:[2:INIT],170606,0,1
1780278342002372087,futex,runc:[2:INIT],170608,1,1
1780278342002372227,switch,runc:[2:INIT],170608,1,1
1780278342002372227,futex,runc:[2:INIT],170608,1,1
1780278342002372227,rt_sigreturn,runc:[2:INIT],170608,1,1
1780278342002372227,futex,runc:[2:INIT],170608,1,1
1780278342002379949,switch,runc:[2:INIT],170606,0,1
1780278342002384437,switch,runc:[2:INIT],170610,0,1
1780278342002390526,nanosleep,runc:[2:INIT],170606,0,1
1780278342002392745,signaldeliver,runc:[2:INIT],170606,0,1
1780278342002399551,getpid,runc:[2:INIT],170606,0,1
1780278342002400019,getpid,runc:[2:INIT],170606,0,1
1780278342002400318,setgid,runc:[2:INIT],170606,0,1
1780278342002403442,setgid,runc:[2:INIT],170606,0,1
1780278342002403890,futex,runc:[2:INIT],170606,0,1
1780278342002404726,futex,runc:[2:INIT],170606,0,1
1780278342002404994,rt_sigreturn,runc:[2:INIT],170606,0,1
1780278342002405920,clock_gettime,runc:[2:INIT],170606,0,1
1780278342002406248,clock_gettime,runc:[2:INIT],170606,0,1
1780278342002406467,clock_gettime,runc:[2:INIT],170606,0,1
1780278342002406696,clock_gettime,runc:[2:INIT],170606,0,1
1780278342002408029,futex,runc:[2:INIT],170606,0,1
1780278342002412686,futex,runc:[2:INIT],170606,0,1
1780278342002413184,nanosleep,runc:[2:INIT],170606,0,1
1780278342002419165,switch,runc:[2:INIT],170606,0,1
1780278342002420040,futex,runc:[2:INIT],170607,0,1
1780278342002420349,signaldeliver,runc:[2:INIT],170607,0,1
1780278342002422050,getpid,runc:[2:INIT],170607,0,1
1780278342002422269,getpid,runc:[2:INIT],170607,0,1
1780278342002422478,setgid,runc:[2:INIT],170607,0,1
1780278342002423225,setgid,runc:[2:INIT],170607,0,1
1780278342002423583,futex,runc:[2:INIT],170607,0,1
1780278342002424926,futex,runc:[2:INIT],170607,0,1
1780278342002425145,rt_sigreturn,runc:[2:INIT],170607,0,1
1780278342002425782,futex,runc:[2:INIT],170607,0,1
1780278342002427225,switch,runc:[2:INIT],170607,0,1
1780278342002427911,futex,runc:[2:INIT],170610,0,1
1780278342002428130,signaldeliver,runc:[2:INIT],170610,0,1
1780278342002449106,getpid,runc:[2:INIT],170610,0,1
1780278342002449106,setgid,runc:[2:INIT],170610,0,1
1780278342002449106,getpid,runc:[2:INIT],170610,0,1
1780278342002450071,futex,runc:[2:INIT],170610,0,1
1780278342002450071,futex,runc:[2:INIT],170610,0,1
1780278342002450071,futex,runc:[2:INIT],170609,1,1
1780278342002450071,switch,runc:[2:INIT],170610,0,1
1780278342002450071,futex,runc:[2:INIT],170610,0,1
1780278342002450071,futex,runc:[2:INIT],170610,0,1
1780278342002450071,futex,runc:[2:INIT],170610,0,1
1780278342002450071,rt_sigreturn,runc:[2:INIT],170610,0,1
1780278342002450071,setgid,runc:[2:INIT],170610,0,1
1780278342002457186,clock_gettime,runc:[2:INIT],170609,1,1
1780278342002457744,clock_gettime,runc:[2:INIT],170609,1,1
1780278342002458938,futex,runc:[2:INIT],170609,1,1
1780278342002459883,switch,runc:[2:INIT],170609,1,1
1780278342002467276,futex,runc:[2:INIT],170611,1,1
1780278342002467614,signaldeliver,runc:[2:INIT],170611,1,1
1780278342002468679,getpid,runc:[2:INIT],170611,1,1
1780278342002468878,getpid,runc:[2:INIT],170611,1,1
1780278342002469087,setuid,runc:[2:INIT],170611,1,1
1780278342002471605,setuid,runc:[2:INIT],170611,1,1
1780278342002471893,futex,runc:[2:INIT],170611,1,1
1780278342002472172,futex,runc:[2:INIT],170611,1,1
1780278342002472391,rt_sigreturn,runc:[2:INIT],170611,1,1
1780278342002473047,futex,runc:[2:INIT],170611,1,1
1780278342002473794,switch,runc:[2:INIT],170611,1,1
1780278342002476968,futex,runc:[2:INIT],170609,1,1
1780278342002477197,signaldeliver,runc:[2:INIT],170609,1,1
1780278342002478062,getpid,runc:[2:INIT],170609,1,1
1780278342002478261,getpid,runc:[2:INIT],170609,1,1
1780278342002478460,setuid,runc:[2:INIT],170609,1,1
1780278342002479197,setuid,runc:[2:INIT],170609,1,1
1780278342002479416,futex,runc:[2:INIT],170609,1,1
1780278342002479694,futex,runc:[2:INIT],170609,1,1
1780278342002479903,rt_sigreturn,runc:[2:INIT],170609,1,1
1780278342002480490,futex,runc:[2:INIT],170609,1,1
1780278342002481207,switch,runc:[2:INIT],170609,1,1
1780278342002487704,futex,runc:[2:INIT],170608,1,1
1780278342002488013,signaldeliver,runc:[2:INIT],170608,1,1
1780278342002488888,futex,runc:[2:INIT],170610,0,1
1780278342002488888,getpid,runc:[2:INIT],170608,1,1
1780278342002489127,getpid,runc:[2:INIT],170608,1,1
1780278342002489127,signaldeliver,runc:[2:INIT],170610,0,1
1780278342002489376,getpid,runc:[2:INIT],170610,0,1
1780278342002489376,setuid,runc:[2:INIT],170608,1,1
1780278342002490212,getpid,runc:[2:INIT],170610,0,1
1780278342002490212,setuid,runc:[2:INIT],170608,1,1
1780278342002490441,setuid,runc:[2:INIT],170610,0,1
1780278342002490441,futex,runc:[2:INIT],170608,1,1
1780278342002490779,futex,runc:[2:INIT],170608,1,1
1780278342002491058,futex,runc:[2:INIT],170608,1,1
1780278342002491396,futex,runc:[2:INIT],170608,1,1
1780278342002491605,rt_sigreturn,runc:[2:INIT],170608,1,1
1780278342002492202,setuid,runc:[2:INIT],170610,0,1
1780278342002492202,futex,runc:[2:INIT],170608,1,1
1780278342002492431,futex,runc:[2:INIT],170610,0,1
1780278342002492799,futex,runc:[2:INIT],170610,0,1
1780278342002492998,rt_sigreturn,runc:[2:INIT],170610,0,1
1780278342002492998,futex,runc:[2:INIT],170610,0,1
1780278342002492998,switch,runc:[2:INIT],170608,1,1
1780278342002494182,switch,runc:[2:INIT],170610,0,1
1780278342002496132,futex,runc:[2:INIT],170607,0,1
1780278342002499377,signaldeliver,runc:[2:INIT],170607,0,1
1780278342002499377,nanosleep,runc:[2:INIT],170606,0,1
1780278342002499377,getpid,runc:[2:INIT],170607,0,1
1780278342002499377,futex,runc:[2:INIT],170607,0,1
1780278342002499377,rt_sigreturn,runc:[2:INIT],170607,0,1
1780278342002499377,futex,runc:[2:INIT],170607,0,1
1780278342002499377,setuid,runc:[2:INIT],170607,0,1
1780278342002499377,getpid,runc:[2:INIT],170607,0,1
1780278342002499377,futex,runc:[2:INIT],170607,0,1
1780278342002499377,signaldeliver,runc:[2:INIT],170606,0,1
1780278342002499377,setuid,runc:[2:INIT],170607,0,1
1780278342002499377,switch,runc:[2:INIT],170607,0,1
1780278342002499825,getpid,runc:[2:INIT],170606,0,1
1780278342002500044,getpid,runc:[2:INIT],170606,0,1
1780278342002500243,setuid,runc:[2:INIT],170606,0,1
1780278342002501178,setuid,runc:[2:INIT],170606,0,1
1780278342002501417,futex,runc:[2:INIT],170606,0,1
1780278342002501656,futex,runc:[2:INIT],170606,0,1
1780278342002501855,futex,runc:[2:INIT],170606,0,1
1780278342002504263,futex,runc:[2:INIT],170606,0,1
1780278342002504492,rt_sigreturn,runc:[2:INIT],170606,0,1
1780278342002505119,clock_gettime,runc:[2:INIT],170606,0,1
1780278342002505427,clock_gettime,runc:[2:INIT],170606,0,1
1780278342002505666,clock_gettime,runc:[2:INIT],170606,0,1
1780278342002505974,clock_gettime,runc:[2:INIT],170606,0,1
1780278342002506303,nanosleep,runc:[2:INIT],170606,0,1
1780278342002512054,switch,runc:[2:INIT],170606,0,1
1780278342002607726,nanosleep,runc:[2:INIT],170606,0,1
1780278342002607826,clock_gettime,runc:[2:INIT],170606,0,1
1780278342002607826,clock_gettime,runc:[2:INIT],170606,0,1
1780278342002607826,clock_gettime,runc:[2:INIT],170606,0,1
1780278342002608692,clock_gettime,runc:[2:INIT],170606,0,1
1780278342002609030,nanosleep,runc:[2:INIT],170606,0,1
1780278342002613886,switch,runc:[2:INIT],170606,0,1
1780278342002733244,clock_gettime,runc:[2:INIT],170606,0,1
1780278342002733244,clock_gettime,runc:[2:INIT],170606,0,1
1780278342002733244,clock_gettime,runc:[2:INIT],170606,0,1
1780278342002733244,nanosleep,runc:[2:INIT],170606,0,1
1780278342002733244,switch,runc:[2:INIT],170606,0,1
1780278342002733244,nanosleep,runc:[2:INIT],170606,0,1
1780278342002733244,clock_gettime,runc:[2:INIT],170606,0,1
1780278342002785396,clock_gettime,runc:[2:INIT],170606,0,1
1780278342002785396,nanosleep,runc:[2:INIT],170606,0,1
1780278342002785396,nanosleep,runc:[2:INIT],170606,0,1
1780278342002785396,clock_gettime,runc:[2:INIT],170606,0,1
1780278342002785396,clock_gettime,runc:[2:INIT],170606,0,1
1780278342002785396,switch,runc:[2:INIT],170606,0,1
1780278342002785396,clock_gettime,runc:[2:INIT],170606,0,1
1780278342003164049,futex,runc:[2:INIT],170608,1,1
1780278342003164397,signaldeliver,runc:[2:INIT],170608,1,1
1780278342003167840,procexit,runc:[2:INIT],170608,1,1
1780278342003175960,switch,runc:[2:INIT],170609,1,1
1780278342003180218,futex,runc:[2:INIT],170611,1,1
1780278342003180368,signaldeliver,runc:[2:INIT],170611,1,1
1780278342003182477,procexit,runc:[2:INIT],170611,1,1
1780278342003187373,switch,runc:[2:INIT],170609,1,1
1780278342003189632,futex,runc:[2:INIT],170609,1,1
1780278342003189771,signaldeliver,runc:[2:INIT],170609,1,1
1780278342003191771,procexit,runc:[2:INIT],170609,1,1
1780278342003473259,nanosleep,runc:[2:INIT],170606,0,1
1780278342003473567,signaldeliver,runc:[2:INIT],170606,0,1
1780278342003475577,procexit,runc:[2:INIT],170606,0,1
1780278342003483259,switch,runc:[2:INIT],170607,0,1
1780278342003486145,futex,runc:[2:INIT],170607,0,1
1780278342003486374,signaldeliver,runc:[2:INIT],170607,0,1
1780278342003487837,procexit,runc:[2:INIT],170607,0,1
1780278342003492981,switch,runc:[2:INIT],170610,0,1
1780278342003494932,futex,runc:[2:INIT],170610,0,1
1780278342003495081,signaldeliver,runc:[2:INIT],170610,0,1
1780278342003496265,procexit,runc:[2:INIT],170610,0,1
1780278342005114169,execve,sh,170605,1,1
1780278342005123582,switch,sh,170605,1,1
1780278342005163027,switch,sh,170605,1,1
1780278342005173844,switch,sh,170605,1,1
1780278342005216124,switch,sh,170605,1,1
1780278342005236901,switch,sh,170605,1,1
1780278342005266813,switch,sh,170605,1,1
1780278342005290087,arch_prctl,sh,170605,1,1
1780278342005301521,arch_prctl,sh,170605,1,1
1780278342005302187,switch,sh,170605,1,1
1780278342005314556,set_tid_address,sh,170605,1,1
1780278342005315123,set_tid_address,sh,170605,1,1
1780278342005334199,switch,sh,170605,1,1
1780278342005351085,mprotect,sh,170605,1,1
1780278342005353881,mprotect,sh,170605,1,1
1780278342005400858,mprotect,sh,170605,1,1
1780278342005402629,mprotect,sh,170605,1,1
1780278342005411425,getuid,sh,170605,1,1
1780278342005412201,getuid,sh,170605,1,1
1780278342005413594,getgid,sh,170605,1,1
1780278342005413903,getgid,sh,170605,1,1
1780278342005417944,rt_sigprocmask,sh,170605,1,1
1780278342005418750,rt_sigprocmask,sh,170605,1,1
1780278342005419018,rt_sigprocmask,sh,170605,1,1
1780278342005419237,rt_sigprocmask,sh,170605,1,1
1780278342005419585,setgid,sh,170605,1,1
1780278342005424123,setgid,sh,170605,1,1
1780278342005424690,futex,sh,170605,1,1
1780278342005425586,futex,sh,170605,1,1
1780278342005425844,rt_sigprocmask,sh,170605,1,1
1780278342005426093,rt_sigprocmask,sh,170605,1,1
1780278342005426431,rt_sigprocmask,sh,170605,1,1
1780278342005426680,rt_sigprocmask,sh,170605,1,1
1780278342005426909,rt_sigprocmask,sh,170605,1,1
1780278342005427118,rt_sigprocmask,sh,170605,1,1
1780278342005427347,setuid,sh,170605,1,1
1780278342005429586,setuid,sh,170605,1,1
1780278342005429924,futex,sh,170605,1,1
1780278342005430153,futex,sh,170605,1,1
1780278342005430402,rt_sigprocmask,sh,170605,1,1
1780278342005430620,rt_sigprocmask,sh,170605,1,1
1780278342005435835,brk,sh,170605,1,1
1780278342005436233,brk,sh,170605,1,1
1780278342005436730,brk,sh,170605,1,1
1780278342005437636,brk,sh,170605,1,1
1780278342005440521,getpid,sh,170605,1,1
1780278342005440949,getpid,sh,170605,1,1
1780278342005441347,rt_sigaction,sh,170605,1,1
1780278342005442312,rt_sigaction,sh,170605,1,1
1780278342005442611,rt_sigaction,sh,170605,1,1
1780278342005442840,rt_sigaction,sh,170605,1,1
1780278342005447974,getppid,sh,170605,1,1
1780278342005448422,getppid,sh,170605,1,1
1780278342005450312,getcwd,sh,170605,1,1
1780278342005453377,getcwd,sh,170605,1,1
1780278342005455407,rt_sigaction,sh,170605,1,1
1780278342005455725,rt_sigaction,sh,170605,1,1
1780278342005456243,rt_sigprocmask,sh,170605,1,1
1780278342005456472,rt_sigprocmask,sh,170605,1,1
1780278342005456701,rt_sigaction,sh,170605,1,1
1780278342005456959,rt_sigaction,sh,170605,1,1
1780278342005457298,rt_sigaction,sh,170605,1,1
1780278342005457557,rt_sigaction,sh,170605,1,1
1780278342005457816,rt_sigaction,sh,170605,1,1
1780278342005458045,rt_sigaction,sh,170605,1,1
1780278342005458284,rt_sigaction,sh,170605,1,1
1780278342005458562,rt_sigaction,sh,170605,1,1
1780278342005458811,rt_sigaction,sh,170605,1,1
1780278342005459030,rt_sigaction,sh,170605,1,1
1780278342005464562,rt_sigprocmask,sh,170605,1,1
1780278342005464841,rt_sigprocmask,sh,170605,1,1
1780278342005465070,fork,sh,170605,1,1
1780278342005489438,switch,sh,170605,1,1
1780278342005607891,switch,sh,170605,1,1
1780278342005662899,fork,sh,170605,1,1
1780278342005667437,switch,sh,170605,1,1
1780278342005693955,fork,sh,170612,0,1
1780278342005707876,rt_sigprocmask,sh,170612,0,1
1780278342005707876,gettid,sh,170612,0,1
1780278342005707876,rt_sigprocmask,sh,170612,0,1
1780278342005707876,gettid,sh,170612,0,1
1780278342005725001,close,sh,170612,0,1
1780278342005725001,close,sh,170612,0,1
1780278342005725001,open,sh,170612,0,1
1780278342005725001,rt_sigaction,sh,170612,0,1
1780278342005725001,rt_sigaction,sh,170612,0,1
1780278342005764406,open,sh,170612,0,1
1780278342005773749,stat,sh,170612,0,1
1780278342005774824,stat,sh,170612,0,1
1780278342005774824,stat,sh,170612,0,1
1780278342005780048,stat,sh,170612,0,1
1780278342005785441,rt_sigprocmask,sh,170605,1,1
1780278342005785860,execve,sh,170612,0,1
1780278342005785860,rt_sigprocmask,sh,170605,1,1
1780278342005797432,exit_group,sh,170605,1,1
1780278342005797432,switch,sh,170612,0,1
1780278342005824507,procexit,sh,170605,1,1
1780278342006103126,switch,sh,170612,1,1
1780278342006137207,switch,sh,170612,1,1
1780278342006165030,execve,node,170612,1,1
1780278342006190095,switch,node,170612,1,1
1780278342006214485,arch_prctl,node,170612,1,1
1780278342006214992,arch_prctl,node,170612,1,1
1780278342006215221,set_tid_address,node,170612,1,1
1780278342006215559,set_tid_address,node,170612,1,1
1780278342006234813,open,node,170612,1,1
1780278342006240158,open,node,170612,1,1
1780278342006242705,open,node,170612,1,1
1780278342006244456,open,node,170612,1,1
1780278342006245929,open,node,170612,1,1
1780278342006249073,open,node,170612,1,1
1780278342006250456,open,node,170612,1,1
1780278342006260128,open,node,170612,1,1
1780278342006260765,fcntl,node,170612,1,1
1780278342006262506,fcntl,node,170612,1,1
1780278342006263044,fstat,node,170612,1,1
1780278342006265611,fstat,node,170612,1,1
1780278342006266049,read,node,170612,1,1
1780278342006267899,read,node,170612,1,1
1780278342006270606,mmap,node,170612,1,1
1780278342006273253,mmap,node,170612,1,1
1780278342006273919,mmap,node,170612,1,1
1780278342006277294,mmap,node,170612,1,1
1780278342006280209,mmap,node,170612,1,1
1780278342006282219,mmap,node,170612,1,1
1780278342006288846,close,node,170612,1,1
1780278342006290130,close,node,170612,1,1
1780278342006292528,open,node,170612,1,1
1780278342006294448,open,node,170612,1,1
1780278342006295742,open,node,170612,1,1
1780278342006297642,open,node,170612,1,1
1780278342006298966,open,node,170612,1,1
1780278342006303095,open,node,170612,1,1
1780278342006303652,fcntl,node,170612,1,1
1780278342006304120,fcntl,node,170612,1,1
1780278342006304399,fstat,node,170612,1,1
1780278342006305443,fstat,node,170612,1,1
1780278342006305732,read,node,170612,1,1
1780278342006306996,read,node,170612,1,1
1780278342006307463,mmap,node,170612,1,1
1780278342006309065,mmap,node,170612,1,1
1780278342006309463,mmap,node,170612,1,1
1780278342006311473,mmap,node,170612,1,1
1780278342006317942,close,node,170612,1,1
1780278342006318450,close,node,170612,1,1
1780278342007175580,mprotect,node,170612,1,1
1780278342007182048,mprotect,node,170612,1,1
1780278342007191670,mprotect,node,170612,1,1
1780278342007193820,mprotect,node,170612,1,1
1780278342007200357,mprotect,node,170612,1,1
1780278342007202307,mprotect,node,170612,1,1
1780278342009596071,switch,node,170612,1,1
1780278342009682861,switch,node,170612,1,1
1780278342009819424,switch,node,170612,1,1
1780278342009842181,switch,node,170612,1,1
1780278342009906383,switch,node,170612,1,1
1780278342009938285,switch,node,170612,1,1
1780278342010063912,switch,node,170612,1,1
1780278342011039715,switch,node,170612,1,1
1780278342011128862,switch,node,170612,1,1
1780278342011211921,switch,node,170612,1,1
1780278342011295616,switch,node,170612,1,1
1780278342011352823,switch,node,170612,1,1
1780278342011436349,switch,node,170612,1,1
1780278342011995695,mprotect,node,170612,1,1
1780278342012009547,mprotect,node,170612,1,1
1780278342012028154,brk,node,170612,1,1
1780278342012029269,brk,node,170612,1,1
1780278342012029746,brk,node,170612,1,1
1780278342012031946,brk,node,170612,1,1
1780278342012119780,rt_sigprocmask,node,170612,1,1
1780278342012121004,rt_sigprocmask,node,170612,1,1
1780278342012121481,fstat,node,170612,1,1
1780278342012129194,fstat,node,170612,1,1
1780278342012129572,fstat,node,170612,1,1
1780278342012130547,fstat,node,170612,1,1
1780278342012130836,fstat,node,170612,1,1
1780278342012131861,fstat,node,170612,1,1
1780278342012132378,rt_sigaction,node,170612,1,1
1780278342012133085,rt_sigaction,node,170612,1,1
1780278342012133383,rt_sigaction,node,170612,1,1
1780278342012133602,rt_sigaction,node,170612,1,1
1780278342012133831,rt_sigaction,node,170612,1,1
1780278342012134090,rt_sigaction,node,170612,1,1
1780278342012134319,rt_sigaction,node,170612,1,1
1780278342012134518,rt_sigaction,node,170612,1,1
1780278342012134746,rt_sigaction,node,170612,1,1
1780278342012134945,rt_sigaction,node,170612,1,1
1780278342012135164,rt_sigaction,node,170612,1,1
1780278342012135363,rt_sigaction,node,170612,1,1
1780278342012135592,rt_sigaction,node,170612,1,1
1780278342012135791,rt_sigaction,node,170612,1,1
1780278342012136020,rt_sigaction,node,170612,1,1
1780278342012136219,rt_sigaction,node,170612,1,1
1780278342012136448,rt_sigaction,node,170612,1,1
1780278342012136737,rt_sigaction,node,170612,1,1
1780278342012137005,rt_sigaction,node,170612,1,1
1780278342012137204,rt_sigaction,node,170612,1,1
1780278342012137433,rt_sigaction,node,170612,1,1
1780278342012137632,rt_sigaction,node,170612,1,1
1780278342012137851,rt_sigaction,node,170612,1,1
1780278342012138219,rt_sigaction,node,170612,1,1
1780278342012138448,rt_sigaction,node,170612,1,1
1780278342012138667,rt_sigaction,node,170612,1,1
1780278342012138886,rt_sigaction,node,170612,1,1
1780278342012139085,rt_sigaction,node,170612,1,1
1780278342012139314,rt_sigaction,node,170612,1,1
1780278342012139513,rt_sigaction,node,170612,1,1
1780278342012139742,rt_sigaction,node,170612,1,1
1780278342012139960,rt_sigaction,node,170612,1,1
1780278342012140179,rt_sigaction,node,170612,1,1
1780278342012140388,rt_sigaction,node,170612,1,1
1780278342012140627,rt_sigaction,node,170612,1,1
1780278342012140836,rt_sigaction,node,170612,1,1
1780278342012141075,rt_sigaction,node,170612,1,1
1780278342012141274,rt_sigaction,node,170612,1,1
1780278342012141493,rt_sigaction,node,170612,1,1
1780278342012141692,rt_sigaction,node,170612,1,1
1780278342012141960,rt_sigaction,node,170612,1,1
1780278342012142179,rt_sigaction,node,170612,1,1
1780278342012142408,rt_sigaction,node,170612,1,1
1780278342012142607,rt_sigaction,node,170612,1,1
1780278342012142826,rt_sigaction,node,170612,1,1
1780278342012143065,rt_sigaction,node,170612,1,1
1780278342012143294,rt_sigaction,node,170612,1,1
1780278342012143493,rt_sigaction,node,170612,1,1
1780278342012143722,rt_sigaction,node,170612,1,1
1780278342012143921,rt_sigaction,node,170612,1,1
1780278342012144140,rt_sigaction,node,170612,1,1
1780278342012144359,rt_sigaction,node,170612,1,1
1780278342012144587,rt_sigaction,node,170612,1,1
1780278342012144786,rt_sigaction,node,170612,1,1
1780278342012145015,rt_sigaction,node,170612,1,1
1780278342012145214,rt_sigaction,node,170612,1,1
1780278342012145433,rt_sigaction,node,170612,1,1
1780278342012145632,rt_sigaction,node,170612,1,1
1780278342012146010,rt_sigprocmask,node,170612,1,1
1780278342012146229,rt_sigprocmask,node,170612,1,1
1780278342012146458,rt_sigaction,node,170612,1,1
1780278342012146677,rt_sigaction,node,170612,1,1
1780278342012146995,rt_sigaction,node,170612,1,1
1780278342012147194,rt_sigaction,node,170612,1,1
1780278342012150349,prlimit,node,170612,1,1
1780278342012157782,prlimit,node,170612,1,1
1780278342012159603,rt_sigprocmask,node,170612,1,1
1780278342012160249,rt_sigprocmask,node,170612,1,1
1780278342012160518,rt_sigprocmask,node,170612,1,1
1780278342012160737,rt_sigprocmask,node,170612,1,1
1780278342012161234,prlimit,node,170612,1,1
1780278342012163225,prlimit,node,170612,1,1
1780278342012164220,futex,node,170612,1,1
1780278342012165185,futex,node,170612,1,1
1780278342012165493,rt_sigprocmask,node,170612,1,1
1780278342012165722,rt_sigprocmask,node,170612,1,1
1780278342012170778,pipe2,node,170612,1,1
1780278342012184987,pipe2,node,170612,1,1
1780278342012185883,write,node,170612,1,1
1780278342012188271,write,node,170612,1,1
1780278342012189226,clock_getres,node,170612,1,1
1780278342012189972,clock_getres,node,170612,1,1
1780278342012202828,clock_gettime,node,170612,1,1
1780278342012203196,clock_gettime,node,170612,1,1
1780278342012203764,epoll_create1,node,170612,1,1
1780278342012226432,epoll_create1,node,170612,1,1
1780278342012226989,pipe2,node,170612,1,1
1780278342012230730,pipe2,node,170612,1,1
1780278342012232551,eventfd2,node,170612,1,1
1780278342012236472,eventfd2,node,170612,1,1
1780278342012237347,ioctl,node,170612,1,1
1780278342012238790,ioctl,node,170612,1,1
1780278342012239158,ioctl,node,170612,1,1
1780278342012239397,ioctl,node,170612,1,1
1780278342012239646,ioctl,node,170612,1,1
1780278342012239885,ioctl,node,170612,1,1
1780278342012240123,ioctl,node,170612,1,1
1780278342012240362,ioctl,node,170612,1,1
1780278342012240611,ioctl,node,170612,1,1
1780278342012240860,ioctl,node,170612,1,1
1780278342012241128,ioctl,node,170612,1,1
1780278342012241387,ioctl,node,170612,1,1
1780278342012241666,ioctl,node,170612,1,1
1780278342012242004,ioctl,node,170612,1,1
1780278342012242273,ioctl,node,170612,1,1
1780278342012242531,ioctl,node,170612,1,1
1780278342012242830,ioctl,node,170612,1,1
1780278342012243248,ioctl,node,170612,1,1
1780278342012243576,ioctl,node,170612,1,1
1780278342012243825,ioctl,node,170612,1,1
1780278342012244153,ioctl,node,170612,1,1
1780278342012244362,ioctl,node,170612,1,1
1780278342012244631,ioctl,node,170612,1,1
1780278342012244850,ioctl,node,170612,1,1
1780278342012245109,ioctl,node,170612,1,1
1780278342012245337,ioctl,node,170612,1,1
1780278342012245636,ioctl,node,170612,1,1
1780278342012245855,ioctl,node,170612,1,1
1780278342012246124,ioctl,node,170612,1,1
1780278342012246323,ioctl,node,170612,1,1
1780278342012246591,ioctl,node,170612,1,1
1780278342012246830,ioctl,node,170612,1,1
1780278342012247099,ioctl,node,170612,1,1
1780278342012247318,ioctl,node,170612,1,1
1780278342012267239,rt_sigprocmask,node,170612,1,1
1780278342012267637,rt_sigprocmask,node,170612,1,1
1780278342012268304,rt_sigprocmask,node,170612,1,1
1780278342012268533,rt_sigprocmask,node,170612,1,1
1780278342012272304,mmap,node,170612,1,1
1780278342012275190,mmap,node,170612,1,1
1780278342012275747,mprotect,node,170612,1,1
1780278342012277220,mprotect,node,170612,1,1
1780278342012280663,clone,node,170612,1,1
1780278342012324306,clone,node,170612,1,1
1780278342012330246,rt_sigprocmask,node,170612,1,1
1780278342012330565,rt_sigprocmask,node,170612,1,1
1780278342012330953,rt_sigaction,node,170612,1,1
1780278342012331242,rt_sigaction,node,170612,1,1
1780278342012331520,rt_sigprocmask,node,170612,1,1
1780278342012331749,rt_sigprocmask,node,170612,1,1
1780278342012332247,getuid,node,170612,1,1
1780278342012332924,getuid,node,170612,1,1
1780278342012333521,geteuid,node,170612,1,1
1780278342012333760,geteuid,node,170612,1,1
1780278342012334178,getgid,node,170612,1,1
1780278342012334377,getgid,node,170612,1,1
1780278342012334715,getegid,node,170612,1,1
1780278342012334934,getegid,node,170612,1,1
1780278342012347979,mmap,node,170612,1,1
1780278342012349243,mmap,node,170612,1,1
1780278342012349502,mprotect,node,170612,1,1
1780278342012351054,mprotect,node,170612,1,1
1780278342012352905,clone,node,170612,1,1
1780278342012362696,clone,node,170612,1,1
1780278342012365621,mmap,node,170612,1,1
1780278342012366258,mmap,node,170612,1,1
1780278342012366517,mprotect,node,170612,1,1
1780278342012368268,mprotect,node,170612,1,1
1780278342012370149,clone,node,170612,1,1
1780278342012389434,clone,node,170612,1,1
1780278342012392270,mmap,node,170612,1,1
1780278342012392936,mmap,node,170612,1,1
1780278342012393195,mprotect,node,170612,1,1
1780278342012394717,mprotect,node,170612,1,1
1780278342012398618,clone,node,170612,1,1
1780278342012411414,clone,node,170612,1,1
1780278342012414001,mmap,node,170612,1,1
1780278342012414598,mmap,node,170612,1,1
1780278342012414858,mprotect,node,170612,1,1
1780278342012417365,mprotect,node,170612,1,1
1780278342012419485,clone,node,170612,1,1
1780278342012430600,clone,node,170612,1,1
1780278342012521867,getpid,node,170612,1,1
1780278342012523598,getpid,node,170612,1,1
1780278342012529141,open,node,170612,1,1
1780278342012548664,open,node,170612,1,1
1780278342012549888,fstat,node,170612,1,1
1780278342012551162,fstat,node,170612,1,1
1780278342012551610,poll,node,170612,1,1
1780278342012553729,poll,node,170612,1,1
1780278342012554316,read,node,170612,1,1
1780278342012557252,read,node,170612,1,1
1780278342012558187,close,node,170612,1,1
1780278342012559948,close,node,170612,1,1
1780278342012571172,getuid,node,170612,1,1
1780278342012571451,getuid,node,170612,1,1
1780278342012572376,clock_gettime,node,170612,1,1
1780278342012573162,clock_gettime,node,170612,1,1
1780278342012573998,getpid,node,170612,1,1
1780278342012574207,getpid,node,170612,1,1
1780278342012596796,mmap,node,170612,1,1
1780278342012598388,mmap,node,170612,1,1
1780278342012612318,mprotect,node,170612,1,1
1780278342012613274,mprotect,node,170612,1,1
1780278342012631245,brk,node,170612,1,1
1780278342012632499,brk,node,170612,1,1
1780278342012644390,clock_gettime,node,170612,1,1
1780278342012644797,clock_gettime,node,170612,1,1
1780278342012663237,brk,node,170612,1,1
1780278342012663864,brk,node,170612,1,1
1780278342012684113,brk,node,170612,1,1
1780278342012684620,brk,node,170612,1,1
1780278342012687207,brk,node,170612,1,1
1780278342012687625,brk,node,170612,1,1
1780278342012692660,brk,node,170612,1,1
1780278342012693088,brk,node,170612,1,1
1780278342012706452,brk,node,170612,1,1
1780278342012707049,brk,node,170612,1,1
1780278342012731189,mmap,node,170612,1,1
1780278342012732204,mmap,node,170612,1,1
1780278342012732513,munmap,node,170612,1,1
1780278342012738214,munmap,node,170612,1,1
1780278342012738741,munmap,node,170612,1,1
1780278342012739647,munmap,node,170612,1,1
1780278342012740055,brk,node,170612,1,1
1780278342012740523,brk,node,170612,1,1
1780278342012742005,brk,node,170612,1,1
1780278342012742464,brk,node,170612,1,1
1780278342012744454,mmap,node,170612,1,1
1780278342012746156,mmap,node,170612,1,1
1780278342012754305,mmap,node,170612,1,1
1780278342012755071,mmap,node,170612,1,1
1780278342012756086,brk,node,170612,1,1
1780278342012756633,brk,node,170612,1,1
1780278342012764922,getpid,node,170612,1,1
1780278342012765231,getpid,node,170612,1,1
1780278342012766594,mmap,node,170612,1,1
1780278342012767469,mmap,node,170612,1,1
1780278342012767798,mmap,node,170612,1,1
1780278342012768365,mmap,node,170612,1,1
1780278342012768634,mmap,node,170612,1,1
1780278342012770554,mmap,node,170612,1,1
1780278342012770833,mmap,node,170612,1,1
1780278342012772325,mmap,node,170612,1,1
1780278342012772663,brk,node,170612,1,1
1780278342012773131,brk,node,170612,1,1
1780278342012776574,brk,node,170612,1,1
1780278342012777062,brk,node,170612,1,1
1780278342012796217,mmap,node,170612,1,1
1780278342012796993,mmap,node,170612,1,1
1780278342012797272,mmap,node,170612,1,1
1780278342012798605,mmap,node,170612,1,1
1780278342012801819,mmap,node,170612,1,1
1780278342012804008,mmap,node,170612,1,1
1780278342012804307,mprotect,node,170612,1,1
1780278342012804645,mprotect,node,170612,1,1
1780278342012804904,mmap,node,170612,1,1
1780278342012806586,mmap,node,170612,1,1
1780278342012806874,mprotect,node,170612,1,1
1780278342012807123,mprotect,node,170612,1,1
1780278342012814755,mmap,node,170612,1,1
1780278342012817790,mmap,node,170612,1,1
1780278342012818078,mprotect,node,170612,1,1
1780278342012818357,mprotect,node,170612,1,1
1780278342012818596,mmap,node,170612,1,1
1780278342012820098,mmap,node,170612,1,1
1780278342012820367,mprotect,node,170612,1,1
1780278342012820645,mprotect,node,170612,1,1
1780278342012827323,mmap,node,170612,1,1
1780278342012829821,mmap,node,170612,1,1
1780278342012830089,mprotect,node,170612,1,1
1780278342012830368,mprotect,node,170612,1,1
1780278342012830597,mmap,node,170612,1,1
1780278342012832079,mmap,node,170612,1,1
1780278342012832348,mprotect,node,170612,1,1
1780278342012832617,mprotect,node,170612,1,1
1780278342012853284,brk,node,170612,1,1
1780278342012853891,brk,node,170612,1,1
1780278342012857911,brk,node,170612,1,1
1780278342012858408,brk,node,170612,1,1
1780278342012873076,mmap,node,170612,1,1
1780278342012873982,mmap,node,170612,1,1
1780278342012874260,munmap,node,170612,1,1
1780278342012876151,munmap,node,170612,1,1
1780278342012876420,munmap,node,170612,1,1
1780278342012877245,munmap,node,170612,1,1
1780278342012877524,mmap,node,170612,1,1
1780278342012878788,mmap,node,170612,1,1
1780278342012887883,mmap,node,170612,1,1
1780278342012889873,mmap,node,170612,1,1
1780278342012890181,mprotect,node,170612,1,1
1780278342012890470,mprotect,node,170612,1,1
1780278342012890708,mmap,node,170612,1,1
1780278342012892012,mmap,node,170612,1,1
1780278342012892281,mprotect,node,170612,1,1
1780278342012892549,mprotect,node,170612,1,1
1780278342012903405,mmap,node,170612,1,1
1780278342012904619,mmap,node,170612,1,1
1780278342012904908,munmap,node,170612,1,1
1780278342012906381,munmap,node,170612,1,1
1780278342012906700,munmap,node,170612,1,1
1780278342012907546,munmap,node,170612,1,1
1780278342012907814,mmap,node,170612,1,1
1780278342012908949,mmap,node,170612,1,1
1780278342013430711,brk,node,170612,1,1
1780278342013432134,brk,node,170612,1,1
1780278342013621486,switch,node,170612,1,1
1780278342013655338,clock_gettime,node,170612,1,1
1780278342013656144,clock_gettime,node,170612,1,1
1780278342013657687,brk,node,170612,1,1
1780278342013658682,brk,node,170612,1,1
1780278342014028787,brk,node,170612,1,1
1780278342014030687,brk,node,170612,1,1
1780278342014068410,brk,node,170612,1,1
1780278342014069037,brk,node,170612,1,1
1780278342014083645,brk,node,170612,1,1
1780278342014084162,brk,node,170612,1,1
1780278342014151230,clock_gettime,node,170612,1,1
1780278342014151897,clock_gettime,node,170612,1,1
1780278342014173658,clock_gettime,node,170612,1,1
1780278342014174106,clock_gettime,node,170612,1,1
1780278342014198038,clock_gettime,node,170612,1,1
1780278342014198406,clock_gettime,node,170612,1,1
1780278342014238248,clock_gettime,node,170612,1,1
1780278342014238696,clock_gettime,node,170612,1,1
1780278342014246995,clock_gettime,node,170612,1,1
1780278342014247353,clock_gettime,node,170612,1,1
1780278342014277126,clock_gettime,node,170612,1,1
1780278342014277504,clock_gettime,node,170612,1,1
1780278342014298848,clock_gettime,node,170612,1,1
1780278342014299217,clock_gettime,node,170612,1,1
1780278342014332789,clock_gettime,node,170612,1,1
1780278342014333138,clock_gettime,node,170612,1,1
1780278342014340492,clock_gettime,node,170612,1,1
1780278342014340870,clock_gettime,node,170612,1,1
1780278342014360214,clock_gettime,node,170612,1,1
1780278342014360602,clock_gettime,node,170612,1,1
1780278342014381280,clock_gettime,node,170612,1,1
1780278342014381668,clock_gettime,node,170612,1,1
1780278342014410673,clock_gettime,node,170612,1,1
1780278342014411022,clock_gettime,node,170612,1,1
1780278342014411678,clock_gettime,node,170612,1,1
1780278342014411927,clock_gettime,node,170612,1,1
1780278342014419918,clock_gettime,node,170612,1,1
1780278342014420227,clock_gettime,node,170612,1,1
1780278342014422187,clock_gettime,node,170612,1,1
1780278342014422466,clock_gettime,node,170612,1,1
1780278342014433909,clock_gettime,node,170612,1,1
1780278342014434297,clock_gettime,node,170612,1,1
1780278342014589189,getpid,node,170612,1,1
1780278342014590294,getpid,node,170612,1,1
1780278342014606901,readlink,node,170612,1,1
1780278342014629350,readlink,node,170612,1,1
1780278342014869907,brk,node,170612,1,1
1780278342014873659,brk,node,170612,1,1
1780278342014936955,brk,node,170612,1,1
1780278342014938019,brk,node,170612,1,1
1780278342015035258,brk,node,170612,1,1
1780278342015036084,brk,node,170612,1,1
1780278342015137351,brk,node,170612,1,1
1780278342015138257,brk,node,170612,1,1
1780278342015256769,mmap,node,170612,1,1
1780278342015263078,mmap,node,170612,1,1
1780278342015791996,brk,node,170612,1,1
1780278342015794563,brk,node,170612,1,1
1780278342015876298,munmap,node,170612,1,1
1780278342015896628,munmap,node,170612,1,1
1780278342015899205,madvise,node,170612,1,1
1780278342015909553,madvise,node,170612,1,1
1780278342015911404,madvise,node,170612,1,1
1780278342015918310,madvise,node,170612,1,1
1780278342015986422,clock_gettime,node,170612,1,1
1780278342015987457,clock_gettime,node,170612,1,1
1780278342016065282,clock_gettime,node,170612,1,1
1780278342016065958,clock_gettime,node,170612,1,1
1780278342016607682,clock_gettime,node,170612,1,1
1780278342016609981,clock_gettime,node,170612,1,1
1780278342016683656,clock_gettime,node,170612,1,1
1780278342016684094,clock_gettime,node,170612,1,1
1780278342016706134,clock_gettime,node,170612,1,1
1780278342016706452,clock_gettime,node,170612,1,1
1780278342016732941,clock_gettime,node,170612,1,1
1780278342016733300,clock_gettime,node,170612,1,1
1780278342016737708,clock_gettime,node,170612,1,1
1780278342016737996,clock_gettime,node,170612,1,1
1780278342016756903,clock_gettime,node,170612,1,1
1780278342016757222,clock_gettime,node,170612,1,1
1780278342016759868,clock_gettime,node,170612,1,1
1780278342016760127,clock_gettime,node,170612,1,1
1780278342016823522,clock_gettime,node,170612,1,1
1780278342016823970,clock_gettime,node,170612,1,1
1780278342016881903,clock_gettime,node,170612,1,1
1780278342016882351,clock_gettime,node,170612,1,1
1780278342017110579,madvise,node,170612,1,1
1780278342017124013,madvise,node,170612,1,1
1780278342017126869,clock_gettime,node,170612,1,1
1780278342017128143,clock_gettime,node,170612,1,1
1780278342017136511,clock_gettime,node,170612,1,1
1780278342017136999,clock_gettime,node,170612,1,1
1780278342017181189,clock_gettime,node,170612,1,1
1780278342017181587,clock_gettime,node,170612,1,1
1780278342017183548,clock_gettime,node,170612,1,1
1780278342017183866,clock_gettime,node,170612,1,1
1780278342017194016,clock_gettime,node,170612,1,1
1780278342017194374,clock_gettime,node,170612,1,1
1780278342017281820,madvise,node,170612,1,1
1780278342017284727,madvise,node,170612,1,1
1780278342017293632,clock_gettime,node,170612,1,1
1780278342017294070,clock_gettime,node,170612,1,1
1780278342017306787,clock_gettime,node,170612,1,1
1780278342017307175,clock_gettime,node,170612,1,1
1780278342017309046,clock_gettime,node,170612,1,1
1780278342017309364,clock_gettime,node,170612,1,1
1780278342017341783,clock_gettime,node,170612,1,1
1780278342017342142,clock_gettime,node,170612,1,1
1780278342017343992,clock_gettime,node,170612,1,1
1780278342017344311,clock_gettime,node,170612,1,1
1780278342017355555,clock_gettime,node,170612,1,1
1780278342017355913,clock_gettime,node,170612,1,1
1780278342017356580,clock_gettime,node,170612,1,1
1780278342017356908,clock_gettime,node,170612,1,1
1780278342017379815,clock_gettime,node,170612,1,1
1780278342017380183,clock_gettime,node,170612,1,1
1780278342017397477,clock_gettime,node,170612,1,1
1780278342017397855,clock_gettime,node,170612,1,1
1780278342017415866,clock_gettime,node,170612,1,1
1780278342017416215,clock_gettime,node,170612,1,1
1780278342017432056,clock_gettime,node,170612,1,1
1780278342017432424,clock_gettime,node,170612,1,1
1780278342017442514,clock_gettime,node,170612,1,1
1780278342017442822,clock_gettime,node,170612,1,1
1780278342017447061,clock_gettime,node,170612,1,1
1780278342017447369,clock_gettime,node,170612,1,1
1780278342017478028,clock_gettime,node,170612,1,1
1780278342017478436,clock_gettime,node,170612,1,1
1780278342017479839,clock_gettime,node,170612,1,1
1780278342017480127,clock_gettime,node,170612,1,1
1780278342017488834,clock_gettime,node,170612,1,1
1780278342017489133,clock_gettime,node,170612,1,1
1780278342017490745,clock_gettime,node,170612,1,1
1780278342017491004,clock_gettime,node,170612,1,1
1780278342017502576,clock_gettime,node,170612,1,1
1780278342017502875,clock_gettime,node,170612,1,1
1780278342017520537,clock_gettime,node,170612,1,1
1780278342017520875,clock_gettime,node,170612,1,1
1780278342017534807,clock_gettime,node,170612,1,1
1780278342017535125,clock_gettime,node,170612,1,1
1780278342017609098,switch,node,170612,1,1
1780278342017634761,clone,node,170617,1,1
1780278342017643239,prctl,node,170617,1,1
1780278342017646473,prctl,node,170617,1,1
1780278342017652593,futex,node,170617,1,1
1780278342017655976,switch,node,170617,1,1
1780278342017659548,clone,node,170616,1,1
1780278342017662882,prctl,node,170616,1,1
1780278342017663449,prctl,node,170616,1,1
1780278342017664096,futex,node,170616,1,1
1780278342017665628,switch,node,170616,1,1
1780278342017668494,clone,node,170615,1,1
1780278342017671887,prctl,node,170615,1,1
1780278342017672693,prctl,node,170615,1,1
1780278342017673171,futex,node,170615,1,1
1780278342017674275,switch,node,170615,1,1
1780278342017677310,clone,node,170614,1,1
1780278342017681081,prctl,node,170614,1,1
1780278342017681668,prctl,node,170614,1,1
1780278342017682166,futex,node,170614,1,1
1780278342017683410,switch,node,170614,1,1
1780278342018116035,brk,node,170612,1,1
1780278342018120384,brk,node,170612,1,1
1780278342018220487,madvise,node,170612,1,1
1780278342018231762,madvise,node,170612,1,1
1780278342018233642,madvise,node,170612,1,1
1780278342018237623,madvise,node,170612,1,1
1780278342018331945,clock_gettime,node,170612,1,1
1780278342018333059,clock_gettime,node,170612,1,1
1780278342018378583,clock_gettime,node,170612,1,1
1780278342018379051,clock_gettime,node,170612,1,1
1780278342018382404,clock_gettime,node,170612,1,1
1780278342018382723,clock_gettime,node,170612,1,1
1780278342018428735,clock_gettime,node,170612,1,1
1780278342018429162,clock_gettime,node,170612,1,1
1780278342018429809,clock_gettime,node,170612,1,1
1780278342018430099,clock_gettime,node,170612,1,1
1780278342018473583,clock_gettime,node,170612,1,1
1780278342018474230,clock_gettime,node,170612,1,1
1780278342018554741,clock_gettime,node,170612,1,1
1780278342018555388,clock_gettime,node,170612,1,1
1780278342018616225,clock_gettime,node,170612,1,1
1780278342018616693,clock_gettime,node,170612,1,1
1780278342018617718,clock_gettime,node,170612,1,1
1780278342018618007,clock_gettime,node,170612,1,1
1780278342018638814,clock_gettime,node,170612,1,1
1780278342018639162,clock_gettime,node,170612,1,1
1780278342018654993,clock_gettime,node,170612,1,1
1780278342018655312,clock_gettime,node,170612,1,1
1780278342018688229,clock_gettime,node,170612,1,1
1780278342018688577,clock_gettime,node,170612,1,1
1780278342018700159,clock_gettime,node,170612,1,1
1780278342018700518,clock_gettime,node,170612,1,1
1780278342018711065,clock_gettime,node,170612,1,1
1780278342018711423,clock_gettime,node,170612,1,1
1780278342018713951,clock_gettime,node,170612,1,1
1780278342018714239,clock_gettime,node,170612,1,1
1780278342018723822,clock_gettime,node,170612,1,1
1780278342018724161,clock_gettime,node,170612,1,1
1780278342018724658,clock_gettime,node,170612,1,1
1780278342018724947,clock_gettime,node,170612,1,1
1780278342018737793,clock_gettime,node,170612,1,1
1780278342018738141,clock_gettime,node,170612,1,1
1780278342018739345,clock_gettime,node,170612,1,1
1780278342018739703,clock_gettime,node,170612,1,1
1780278342018746878,clock_gettime,node,170612,1,1
1780278342018747216,clock_gettime,node,170612,1,1
1780278342018749236,clock_gettime,node,170612,1,1
1780278342018749594,clock_gettime,node,170612,1,1
1780278342018755256,clock_gettime,node,170612,1,1
1780278342018755634,clock_gettime,node,170612,1,1
1780278342018764959,clock_gettime,node,170612,1,1
1780278342018765297,clock_gettime,node,170612,1,1
1780278342018790601,clock_gettime,node,170612,1,1
1780278342018791029,clock_gettime,node,170612,1,1
1780278342018791457,clock_gettime,node,170612,1,1
1780278342018791795,clock_gettime,node,170612,1,1
1780278342018967763,madvise,node,170612,1,1
1780278342018975853,madvise,node,170612,1,1
1780278342018977545,clock_gettime,node,170612,1,1
1780278342018977952,clock_gettime,node,170612,1,1
1780278342018980629,clock_gettime,node,170612,1,1
1780278342018980977,clock_gettime,node,170612,1,1
1780278342019007815,clock_gettime,node,170612,1,1
1780278342019008203,clock_gettime,node,170612,1,1
1780278342019010272,clock_gettime,node,170612,1,1
1780278342019010601,clock_gettime,node,170612,1,1
1780278342019018193,clock_gettime,node,170612,1,1
1780278342019018531,clock_gettime,node,170612,1,1
1780278342019020253,clock_gettime,node,170612,1,1
1780278342019020601,clock_gettime,node,170612,1,1
1780278342019038074,clock_gettime,node,170612,1,1
1780278342019038422,clock_gettime,node,170612,1,1
1780278342019040343,clock_gettime,node,170612,1,1
1780278342019040701,clock_gettime,node,170612,1,1
1780278342019049130,clock_gettime,node,170612,1,1
1780278342019049488,clock_gettime,node,170612,1,1
1780278342019051050,clock_gettime,node,170612,1,1
1780278342019051339,clock_gettime,node,170612,1,1
1780278342019062434,clock_gettime,node,170612,1,1
1780278342019062782,clock_gettime,node,170612,1,1
1780278342019063787,clock_gettime,node,170612,1,1
1780278342019064056,clock_gettime,node,170612,1,1
1780278342019070026,clock_gettime,node,170612,1,1
1780278342019070364,clock_gettime,node,170612,1,1
1780278342019071996,clock_gettime,node,170612,1,1
1780278342019072304,clock_gettime,node,170612,1,1
1780278342019079449,clock_gettime,node,170612,1,1
1780278342019079847,clock_gettime,node,170612,1,1
1780278342019083260,clock_gettime,node,170612,1,1
1780278342019083578,clock_gettime,node,170612,1,1
1780278342019089480,clock_gettime,node,170612,1,1
1780278342019089808,clock_gettime,node,170612,1,1
1780278342019095490,clock_gettime,node,170612,1,1
1780278342019095878,clock_gettime,node,170612,1,1
1780278342019117361,clock_gettime,node,170612,1,1
1780278342019117749,clock_gettime,node,170612,1,1
1780278342019128089,clock_gettime,node,170612,1,1
1780278342019128427,clock_gettime,node,170612,1,1
1780278342019138278,clock_gettime,node,170612,1,1
1780278342019138636,clock_gettime,node,170612,1,1
1780278342019140328,clock_gettime,node,170612,1,1
1780278342019140676,clock_gettime,node,170612,1,1
1780278342019179454,clock_gettime,node,170612,1,1
1780278342019180090,clock_gettime,node,170612,1,1
1780278342019186827,clock_gettime,node,170612,1,1
1780278342019187155,clock_gettime,node,170612,1,1
1780278342019199971,clock_gettime,node,170612,1,1
1780278342019200320,clock_gettime,node,170612,1,1
1780278342019214908,clock_gettime,node,170612,1,1
1780278342019215207,clock_gettime,node,170612,1,1
1780278342019247874,clock_gettime,node,170612,1,1
1780278342019248232,clock_gettime,node,170612,1,1
1780278342019250840,clock_gettime,node,170612,1,1
1780278342019251168,clock_gettime,node,170612,1,1
1780278342019270005,clock_gettime,node,170612,1,1
1780278342019270373,clock_gettime,node,170612,1,1
1780278342019549877,mmap,node,170612,1,1
1780278342019556355,mmap,node,170612,1,1
1780278342019557539,munmap,node,170612,1,1
1780278342019564355,munmap,node,170612,1,1
1780278342019564883,munmap,node,170612,1,1
1780278342019565748,munmap,node,170612,1,1
1780278342019566116,mmap,node,170612,1,1
1780278342019568743,mmap,node,170612,1,1
1780278342019683932,clock_gettime,node,170612,1,1
1780278342019684987,clock_gettime,node,170612,1,1
1780278342019688510,clock_gettime,node,170612,1,1
1780278342019688858,clock_gettime,node,170612,1,1
1780278342019689574,clock_gettime,node,170612,1,1
1780278342019689843,clock_gettime,node,170612,1,1
1780278342019690261,mmap,node,170612,1,1
1780278342019696072,mmap,node,170612,1,1
1780278342020064177,switch,node,170612,1,1
1780278342020095950,clone,node,170613,1,1
1780278342020110389,futex,node,170613,1,1
1780278342020112100,switch,node,170613,1,1
1780278342020325293,clock_gettime,node,170612,1,1
1780278342020325871,clock_gettime,node,170612,1,1
1780278342020328627,clock_gettime,node,170612,1,1
1780278342020328876,clock_gettime,node,170612,1,1
1780278342020331214,clock_gettime,node,170612,1,1
1780278342020331493,clock_gettime,node,170612,1,1
1780278342020331990,clock_gettime,node,170612,1,1
1780278342020332269,clock_gettime,node,170612,1,1
1780278342020337353,clock_gettime,node,170612,1,1
1780278342020338030,clock_gettime,node,170612,1,1
1780278342020338607,clock_gettime,node,170612,1,1
1780278342020338896,clock_gettime,node,170612,1,1
1780278342020339891,clock_gettime,node,170612,1,1
1780278342020340129,clock_gettime,node,170612,1,1
1780278342020783780,mmap,node,170612,1,1
1780278342020792308,mmap,node,170612,1,1
1780278342021204266,mmap,node,170612,1,1
1780278342021207450,mmap,node,170612,1,1
1780278342021415906,brk,node,170612,1,1
1780278342021417957,brk,node,170612,1,1
1780278342021483959,brk,node,170612,1,1
1780278342021484735,brk,node,170612,1,1
1780278342021606144,switch,node,170612,1,1
1780278342021686197,munmap,node,170612,1,1
1780278342021700346,munmap,node,170612,1,1
1780278342021701948,munmap,node,170612,1,1
1780278342021718288,munmap,node,170612,1,1
1780278342021719910,madvise,node,170612,1,1
1780278342021730089,madvise,node,170612,1,1
1780278342021731432,madvise,node,170612,1,1
1780278342021737910,madvise,node,170612,1,1
1780278342022086095,clock_gettime,node,170612,1,1
1780278342022087876,clock_gettime,node,170612,1,1
1780278342022091338,clock_gettime,node,170612,1,1
1780278342022091677,clock_gettime,node,170612,1,1
1780278342022092154,clock_gettime,node,170612,1,1
1780278342022092393,clock_gettime,node,170612,1,1
1780278342022554054,clock_gettime,node,170612,1,1
1780278342022555617,clock_gettime,node,170612,1,1
1780278342022557517,clock_gettime,node,170612,1,1
1780278342022557796,clock_gettime,node,170612,1,1
1780278342022559049,clock_gettime,node,170612,1,1
1780278342022559288,clock_gettime,node,170612,1,1
1780278342022559746,clock_gettime,node,170612,1,1
1780278342022559975,clock_gettime,node,170612,1,1
1780278342022563389,clock_gettime,node,170612,1,1
1780278342022564195,clock_gettime,node,170612,1,1
1780278342022564603,clock_gettime,node,170612,1,1
1780278342022564842,clock_gettime,node,170612,1,1
1780278342022565687,clock_gettime,node,170612,1,1
1780278342022565926,clock_gettime,node,170612,1,1
1780278342022697892,mmap,node,170612,1,1
1780278342022705056,mmap,node,170612,1,1
1780278342022706061,munmap,node,170612,1,1
1780278342022714668,munmap,node,170612,1,1
1780278342022715146,munmap,node,170612,1,1
1780278342022716111,munmap,node,170612,1,1
1780278342022716529,mmap,node,170612,1,1
1780278342022720808,mmap,node,170612,1,1
1780278342022795060,clock_gettime,node,170612,1,1
1780278342022796065,clock_gettime,node,170612,1,1
1780278342022850774,clock_gettime,node,170612,1,1
1780278342022851192,clock_gettime,node,170612,1,1
1780278342022853093,clock_gettime,node,170612,1,1
1780278342022853391,clock_gettime,node,170612,1,1
1780278342022889143,clock_gettime,node,170612,1,1
1780278342022889491,clock_gettime,node,170612,1,1
1780278342022952798,mmap,node,170612,1,1
1780278342022959982,mmap,node,170612,1,1
1780278342022960450,mprotect,node,170612,1,1
1780278342022961743,mprotect,node,170612,1,1
1780278342022962102,mmap,node,170612,1,1
1780278342022964291,mmap,node,170612,1,1
1780278342022964599,mprotect,node,170612,1,1
1780278342022964878,mprotect,node,170612,1,1
1780278342022985725,clock_gettime,node,170612,1,1
1780278342022986252,clock_gettime,node,170612,1,1
1780278342023058654,clock_gettime,node,170612,1,1
1780278342023059191,clock_gettime,node,170612,1,1
1780278342023070704,clock_gettime,node,170612,1,1
1780278342023071092,clock_gettime,node,170612,1,1
1780278342023103093,clock_gettime,node,170612,1,1
1780278342023103491,clock_gettime,node,170612,1,1
1780278342023105322,clock_gettime,node,170612,1,1
1780278342023105700,clock_gettime,node,170612,1,1
1780278342023124258,clock_gettime,node,170612,1,1
1780278342023124636,clock_gettime,node,170612,1,1
1780278342023131084,clock_gettime,node,170612,1,1
1780278342023131412,clock_gettime,node,170612,1,1
1780278342023153135,clock_gettime,node,170612,1,1
1780278342023153613,clock_gettime,node,170612,1,1
1780278342023156120,clock_gettime,node,170612,1,1
1780278342023156379,clock_gettime,node,170612,1,1
1780278342023172260,clock_gettime,node,170612,1,1
1780278342023172608,clock_gettime,node,170612,1,1
1780278342023239845,clock_gettime,node,170612,1,1
1780278342023240541,clock_gettime,node,170612,1,1
1780278342023293817,clock_gettime,node,170612,1,1
1780278342023294275,clock_gettime,node,170612,1,1
1780278342023481955,clock_gettime,node,170612,1,1
1780278342023482651,clock_gettime,node,170612,1,1
1780278342023514145,clock_gettime,node,170612,1,1
1780278342023514543,clock_gettime,node,170612,1,1
1780278342023515887,clock_gettime,node,170612,1,1
1780278342023516185,clock_gettime,node,170612,1,1
1780278342023527320,clock_gettime,node,170612,1,1
1780278342023527678,clock_gettime,node,170612,1,1
1780278342023532484,clock_gettime,node,170612,1,1
1780278342023533021,clock_gettime,node,170612,1,1
1780278342023541559,mmap,node,170612,1,1
1780278342023545540,mmap,node,170612,1,1
1780278342023546167,munmap,node,170612,1,1
1780278342023551689,munmap,node,170612,1,1
1780278342023552127,munmap,node,170612,1,1
1780278342023553291,munmap,node,170612,1,1
1780278342023553650,mmap,node,170612,1,1
1780278342023556356,mmap,node,170612,1,1
1780278342023571839,clock_gettime,node,170612,1,1
1780278342023572376,clock_gettime,node,170612,1,1
1780278342023670690,clock_gettime,node,170612,1,1
1780278342023671306,clock_gettime,node,170612,1,1
1780278342023683993,clock_gettime,node,170612,1,1
1780278342023684342,clock_gettime,node,170612,1,1
1780278342023734791,clock_gettime,node,170612,1,1
1780278342023735229,clock_gettime,node,170612,1,1
1780278342023756743,clock_gettime,node,170612,1,1
1780278342023757151,clock_gettime,node,170612,1,1
1780278342023760265,clock_gettime,node,170612,1,1
1780278342023760554,clock_gettime,node,170612,1,1
1780278342023772654,clock_gettime,node,170612,1,1
1780278342023773042,clock_gettime,node,170612,1,1
1780278342023968911,clock_gettime,node,170612,1,1
1780278342023969787,clock_gettime,node,170612,1,1
1780278342023999519,clock_gettime,node,170612,1,1
1780278342023999957,clock_gettime,node,170612,1,1
1780278342024013241,clock_gettime,node,170612,1,1
1780278342024013589,clock_gettime,node,170612,1,1
1780278342024051094,clock_gettime,node,170612,1,1
1780278342024051531,clock_gettime,node,170612,1,1
1780278342024361967,clock_gettime,node,170612,1,1
1780278342024362853,clock_gettime,node,170612,1,1
1780278342024397143,clock_gettime,node,170612,1,1
1780278342024397521,clock_gettime,node,170612,1,1
1780278342024822147,mmap,node,170612,1,1
1780278342024828993,mmap,node,170612,1,1
1780278342025094446,munmap,node,170612,1,1
1780278342025104437,munmap,node,170612,1,1
1780278342025105522,madvise,node,170612,1,1
1780278342025114776,madvise,node,170612,1,1
1780278342025116477,madvise,node,170612,1,1
1780278342025120736,madvise,node,170612,1,1
1780278342025757818,switch,node,170612,1,1
1780278342026072567,brk,node,170612,1,1
1780278342026077602,brk,node,170612,1,1
1780278342026122082,brk,node,170612,1,1
1780278342026122729,brk,node,170612,1,1
1780278342026210126,madvise,node,170612,1,1
1780278342026220057,madvise,node,170612,1,1
1780278342026221012,madvise,node,170612,1,1
1780278342026225818,madvise,node,170612,1,1
1780278342026677807,mmap,node,170612,1,1
1780278342026689638,mmap,node,170612,1,1
1780278342027027782,mmap,node,170612,1,1
1780278342027030390,mmap,node,170612,1,1
1780278342027397011,munmap,node,170612,1,1
1780278342027410515,munmap,node,170612,1,1
1780278342027411431,munmap,node,170612,1,1
1780278342027421809,munmap,node,170612,1,1
1780278342027423928,madvise,node,170612,1,1
1780278342027432207,madvise,node,170612,1,1
1780278342027708149,clock_gettime,node,170612,1,1
1780278342027710080,clock_gettime,node,170612,1,1
1780278342027768818,clock_gettime,node,170612,1,1
1780278342027769266,clock_gettime,node,170612,1,1
1780278342027809676,clock_gettime,node,170612,1,1
1780278342027810143,clock_gettime,node,170612,1,1
1780278342027826373,clock_gettime,node,170612,1,1
1780278342027826722,clock_gettime,node,170612,1,1
1780278342027871758,clock_gettime,node,170612,1,1
1780278342027872256,clock_gettime,node,170612,1,1
1780278342027885440,clock_gettime,node,170612,1,1
1780278342027885788,clock_gettime,node,170612,1,1
1780278342027893291,clock_gettime,node,170612,1,1
1780278342027893611,clock_gettime,node,170612,1,1
1780278342027904606,clock_gettime,node,170612,1,1
1780278342027904964,clock_gettime,node,170612,1,1
1780278342027909850,clock_gettime,node,170612,1,1
1780278342027910158,clock_gettime,node,170612,1,1
1780278342027917830,clock_gettime,node,170612,1,1
1780278342027918148,clock_gettime,node,170612,1,1
1780278342027942946,clock_gettime,node,170612,1,1
1780278342027943324,clock_gettime,node,170612,1,1
1780278342027995784,clock_gettime,node,170612,1,1
1780278342027996221,clock_gettime,node,170612,1,1
1780278342028003366,clock_gettime,node,170612,1,1
1780278342028003814,clock_gettime,node,170612,1,1
1780278342028028681,clock_gettime,node,170612,1,1
1780278342028029108,clock_gettime,node,170612,1,1
1780278342028046044,clock_gettime,node,170612,1,1
1780278342028046442,clock_gettime,node,170612,1,1
1780278342028067001,clock_gettime,node,170612,1,1
1780278342028067359,clock_gettime,node,170612,1,1
1780278342028068235,clock_gettime,node,170612,1,1
1780278342028068483,clock_gettime,node,170612,1,1
1780278342028104973,clock_gettime,node,170612,1,1
1780278342028105371,clock_gettime,node,170612,1,1
1780278342028113321,clock_gettime,node,170612,1,1
1780278342028113629,clock_gettime,node,170612,1,1
1780278342028204260,clock_gettime,node,170612,1,1
1780278342028204807,clock_gettime,node,170612,1,1
1780278342028313459,clock_gettime,node,170612,1,1
1780278342028314225,clock_gettime,node,170612,1,1
1780278342028331569,clock_gettime,node,170612,1,1
1780278342028331977,clock_gettime,node,170612,1,1
1780278342028357899,clock_gettime,node,170612,1,1
1780278342028358277,clock_gettime,node,170612,1,1
1780278342028377581,clock_gettime,node,170612,1,1
1780278342028377949,clock_gettime,node,170612,1,1
1780278342028379292,clock_gettime,node,170612,1,1
1780278342028379551,clock_gettime,node,170612,1,1
1780278342028419791,clock_gettime,node,170612,1,1
1780278342028420209,clock_gettime,node,170612,1,1
1780278342028539846,clock_gettime,node,170612,1,1
1780278342028540592,clock_gettime,node,170612,1,1
1780278342028563728,clock_gettime,node,170612,1,1
1780278342028564116,clock_gettime,node,170612,1,1
1780278342028567330,clock_gettime,node,170612,1,1
1780278342028567619,clock_gettime,node,170612,1,1
1780278342028616188,clock_gettime,node,170612,1,1
1780278342028616596,clock_gettime,node,170612,1,1
1780278342028618596,clock_gettime,node,170612,1,1
1780278342028618894,clock_gettime,node,170612,1,1
1780278342028631312,clock_gettime,node,170612,1,1
1780278342028631661,clock_gettime,node,170612,1,1
1780278342028640916,clock_gettime,node,170612,1,1
1780278342028641234,clock_gettime,node,170612,1,1
1780278342028698629,clock_gettime,node,170612,1,1
1780278342028699077,clock_gettime,node,170612,1,1
1780278342028722949,clock_gettime,node,170612,1,1
1780278342028723307,clock_gettime,node,170612,1,1
1780278342028748313,clock_gettime,node,170612,1,1
1780278342028748691,clock_gettime,node,170612,1,1
1780278342028754731,clock_gettime,node,170612,1,1
1780278342028755029,clock_gettime,node,170612,1,1
1780278342028792295,clock_gettime,node,170612,1,1
1780278342028792683,clock_gettime,node,170612,1,1
1780278342028793827,clock_gettime,node,170612,1,1
1780278342028794135,clock_gettime,node,170612,1,1
1780278342028895215,clock_gettime,node,170612,1,1
1780278342028895762,clock_gettime,node,170612,1,1
1780278342028898857,clock_gettime,node,170612,1,1
1780278342028899125,clock_gettime,node,170612,1,1
1780278342028923833,clock_gettime,node,170612,1,1
1780278342028924172,clock_gettime,node,170612,1,1
1780278342028940610,clock_gettime,node,170612,1,1
1780278342028940958,clock_gettime,node,170612,1,1
1780278342028959028,clock_gettime,node,170612,1,1
1780278342028959366,clock_gettime,node,170612,1,1
1780278342028967885,clock_gettime,node,170612,1,1
1780278342028968213,clock_gettime,node,170612,1,1
1780278342029078914,clock_gettime,node,170612,1,1
1780278342029079421,clock_gettime,node,170612,1,1
1780278342029170013,clock_gettime,node,170612,1,1
1780278342029170809,clock_gettime,node,170612,1,1
1780278342029201207,clock_gettime,node,170612,1,1
1780278342029201635,clock_gettime,node,170612,1,1
1780278342029280285,clock_gettime,node,170612,1,1
1780278342029280713,clock_gettime,node,170612,1,1
1780278342029330387,clock_gettime,node,170612,1,1
1780278342029330855,clock_gettime,node,170612,1,1
1780278342029340647,clock_gettime,node,170612,1,1
1780278342029340965,clock_gettime,node,170612,1,1
1780278342029378897,clock_gettime,node,170612,1,1
1780278342029379275,clock_gettime,node,170612,1,1
1780278342029638231,switch,node,170612,1,1
1780278342030510845,clock_gettime,node,170612,1,1
1780278342030512188,clock_gettime,node,170612,1,1
1780278342030776648,clock_gettime,node,170612,1,1
1780278342030777723,clock_gettime,node,170612,1,1
1780278342030841725,clock_gettime,node,170612,1,1
1780278342030842173,clock_gettime,node,170612,1,1
1780278342030887776,clock_gettime,node,170612,1,1
1780278342030888264,clock_gettime,node,170612,1,1
1780278342030891897,clock_gettime,node,170612,1,1
1780278342030892215,clock_gettime,node,170612,1,1
1780278342030986209,clock_gettime,node,170612,1,1
1780278342030986697,clock_gettime,node,170612,1,1
1780278342031047853,clock_gettime,node,170612,1,1
1780278342031048490,clock_gettime,node,170612,1,1
1780278342031097557,clock_gettime,node,170612,1,1
1780278342031098035,clock_gettime,node,170612,1,1
1780278342031100692,clock_gettime,node,170612,1,1
1780278342031100980,clock_gettime,node,170612,1,1
1780278342031153947,clock_gettime,node,170612,1,1
1780278342031154435,clock_gettime,node,170612,1,1
1780278342031157748,clock_gettime,node,170612,1,1
1780278342031158037,clock_gettime,node,170612,1,1
1780278342031230289,clock_gettime,node,170612,1,1
1780278342031230797,clock_gettime,node,170612,1,1
1780278342031248140,clock_gettime,node,170612,1,1
1780278342031248478,clock_gettime,node,170612,1,1
1780278342031351837,clock_gettime,node,170612,1,1
1780278342031352424,clock_gettime,node,170612,1,1
1780278342031430815,clock_gettime,node,170612,1,1
1780278342031431402,clock_gettime,node,170612,1,1
1780278342031463682,clock_gettime,node,170612,1,1
1780278342031464090,clock_gettime,node,170612,1,1
1780278342031465921,clock_gettime,node,170612,1,1
1780278342031466190,clock_gettime,node,170612,1,1
1780278342031506868,clock_gettime,node,170612,1,1
1780278342031507286,clock_gettime,node,170612,1,1
1780278342031507903,clock_gettime,node,170612,1,1
1780278342031508152,clock_gettime,node,170612,1,1
1780278342031523306,clock_gettime,node,170612,1,1
1780278342031523665,clock_gettime,node,170612,1,1
1780278342031526341,clock_gettime,node,170612,1,1
1780278342031526630,clock_gettime,node,170612,1,1
1780278342031580861,clock_gettime,node,170612,1,1
1780278342031581279,clock_gettime,node,170612,1,1
1780278342031612335,clock_gettime,node,170612,1,1
1780278342031612763,clock_gettime,node,170612,1,1
1780278342031658605,clock_gettime,node,170612,1,1
1780278342031659013,clock_gettime,node,170612,1,1
1780278342031661760,clock_gettime,node,170612,1,1
1780278342031662108,clock_gettime,node,170612,1,1
1780278342031705801,clock_gettime,node,170612,1,1
1780278342031706239,clock_gettime,node,170612,1,1
1780278342031708817,clock_gettime,node,170612,1,1
1780278342031709096,clock_gettime,node,170612,1,1
1780278342031736649,clock_gettime,node,170612,1,1
1780278342031737017,clock_gettime,node,170612,1,1
1780278342031797298,clock_gettime,node,170612,1,1
1780278342031797925,clock_gettime,node,170612,1,1
1780278342031831668,clock_gettime,node,170612,1,1
1780278342031832076,clock_gettime,node,170612,1,1
1780278342031840255,clock_gettime,node,170612,1,1
1780278342031840614,clock_gettime,node,170612,1,1
1780278342031863430,clock_gettime,node,170612,1,1
1780278342031863808,clock_gettime,node,170612,1,1
1780278342032454580,mmap,node,170612,1,1
1780278342032464570,mmap,node,170612,1,1
1780278342032690222,munmap,node,170612,1,1
1780278342032703217,munmap,node,170612,1,1
1780278342032704581,madvise,node,170612,1,1
1780278342032711994,madvise,node,170612,1,1
1780278342032823611,clock_gettime,node,170612,1,1
1780278342032824546,clock_gettime,node,170612,1,1
1780278342032898181,clock_gettime,node,170612,1,1
1780278342032898679,clock_gettime,node,170612,1,1
1780278342032905067,clock_gettime,node,170612,1,1
1780278342032905435,clock_gettime,node,170612,1,1
1780278342032925923,clock_gettime,node,170612,1,1
1780278342032926251,clock_gettime,node,170612,1,1
1780278342033035003,clock_gettime,node,170612,1,1
1780278342033036157,clock_gettime,node,170612,1,1
1780278342033079999,clock_gettime,node,170612,1,1
1780278342033080477,clock_gettime,node,170612,1,1
1780278342033603027,switch,node,170612,1,1
1780278342033617246,mmap,node,170612,1,1
1780278342033625087,mmap,node,170612,1,1
1780278342033800637,munmap,node,170612,1,1
1780278342033809961,munmap,node,170612,1,1
1780278342033810757,madvise,node,170612,1,1
1780278342033818498,madvise,node,170612,1,1
1780278342034621886,mmap,node,170612,1,1
1780278342034629976,mmap,node,170612,1,1
1780278342035022640,mmap,node,170612,1,1
1780278342035027625,mmap,node,170612,1,1
1780278342035813200,mmap,node,170612,1,1
1780278342035818484,mmap,node,170612,1,1
1780278342035953116,switch,node,170612,1,1
1780278342036657753,munmap,node,170612,1,1
1780278342036673734,munmap,node,170612,1,1
1780278342036675585,munmap,node,170612,1,1
1780278342036706462,munmap,node,170612,1,1
1780278342036707179,munmap,node,170612,1,1
1780278342036720821,munmap,node,170612,1,1
1780278342036721866,madvise,node,170612,1,1
1780278342036731746,madvise,node,170612,1,1
1780278342037612252,switch,node,170612,1,1
1780278342038187102,mmap,node,170612,1,1
1780278342038193898,mmap,node,170612,1,1
1780278342038585776,munmap,node,170612,1,1
1780278342038599965,munmap,node,170612,1,1
1780278342038602244,madvise,node,170612,1,1
1780278342038609926,madvise,node,170612,1,1
1780278342039264680,madvise,node,170612,1,1
1780278342039277228,madvise,node,170612,1,1
1780278342039675862,clock_gettime,node,170612,1,1
1780278342039677175,clock_gettime,node,170612,1,1
1780278342039717714,clock_gettime,node,170612,1,1
1780278342039718152,clock_gettime,node,170612,1,1
1780278342040335034,clock_gettime,node,170612,1,1
1780278342040336974,clock_gettime,node,170612,1,1
1780278342040380966,clock_gettime,node,170612,1,1
1780278342040381493,clock_gettime,node,170612,1,1
1780278342040387743,clock_gettime,node,170612,1,1
1780278342040388032,clock_gettime,node,170612,1,1
1780278342040448840,clock_gettime,node,170612,1,1
1780278342040449298,clock_gettime,node,170612,1,1
1780278342040455566,clock_gettime,node,170612,1,1
1780278342040455865,clock_gettime,node,170612,1,1
1780278342040476244,clock_gettime,node,170612,1,1
1780278342040476593,clock_gettime,node,170612,1,1
1780278342040752356,clock_gettime,node,170612,1,1
1780278342040753321,clock_gettime,node,170612,1,1
1780278342040806925,clock_gettime,node,170612,1,1
1780278342040807403,clock_gettime,node,170612,1,1
1780278342041001451,clock_gettime,node,170612,1,1
1780278342041002257,clock_gettime,node,170612,1,1
1780278342041088270,clock_gettime,node,170612,1,1
1780278342041089007,clock_gettime,node,170612,1,1
1780278342041156790,clock_gettime,node,170612,1,1
1780278342041157387,clock_gettime,node,170612,1,1
1780278342041176453,clock_gettime,node,170612,1,1
1780278342041176851,clock_gettime,node,170612,1,1
1780278342041180443,clock_gettime,node,170612,1,1
1780278342041180742,clock_gettime,node,170612,1,1
1780278342041193886,clock_gettime,node,170612,1,1
1780278342041194225,clock_gettime,node,170612,1,1
1780278342041196662,clock_gettime,node,170612,1,1
1780278342041196951,clock_gettime,node,170612,1,1
1780278342041248805,clock_gettime,node,170612,1,1
1780278342041249203,clock_gettime,node,170612,1,1
1780278342041251004,clock_gettime,node,170612,1,1
1780278342041251282,clock_gettime,node,170612,1,1
1780278342041284607,clock_gettime,node,170612,1,1
1780278342041284966,clock_gettime,node,170612,1,1
1780278342041286060,clock_gettime,node,170612,1,1
1780278342041286319,clock_gettime,node,170612,1,1
1780278342041298836,clock_gettime,node,170612,1,1
1780278342041299205,clock_gettime,node,170612,1,1
1780278342041302976,clock_gettime,node,170612,1,1
1780278342041303264,clock_gettime,node,170612,1,1
1780278342041385129,clock_gettime,node,170612,1,1
1780278342041385656,clock_gettime,node,170612,1,1
1780278342041389397,clock_gettime,node,170612,1,1
1780278342041389706,clock_gettime,node,170612,1,1
1780278342041440693,clock_gettime,node,170612,1,1
1780278342041441121,clock_gettime,node,170612,1,1
1780278342041460993,clock_gettime,node,170612,1,1
1780278342041461391,clock_gettime,node,170612,1,1
1780278342041474724,clock_gettime,node,170612,1,1
1780278342041475043,clock_gettime,node,170612,1,1
1780278342041475958,clock_gettime,node,170612,1,1
1780278342041476267,clock_gettime,node,170612,1,1
1780278342041605695,clock_gettime,node,170612,1,1
1780278342041606332,clock_gettime,node,170612,1,1
1780278342041608043,clock_gettime,node,170612,1,1
1780278342041608322,clock_gettime,node,170612,1,1
1780278342041623457,clock_gettime,node,170612,1,1
1780278342041623835,clock_gettime,node,170612,1,1
1780278342041642015,clock_gettime,node,170612,1,1
1780278342041642492,clock_gettime,node,170612,1,1
1780278342041726307,clock_gettime,node,170612,1,1
1780278342041726834,clock_gettime,node,170612,1,1
1780278342041761124,clock_gettime,node,170612,1,1
1780278342041761602,clock_gettime,node,170612,1,1
1780278342041771881,clock_gettime,node,170612,1,1
1780278342041772219,clock_gettime,node,170612,1,1
1780278342041777156,stat,node,170612,1,1
1780278342041800698,stat,node,170612,1,1
1780278342041803872,clock_gettime,node,170612,1,1
1780278342041804181,clock_gettime,node,170612,1,1
1780278342041815884,clock_gettime,node,170612,1,1
1780278342041816222,clock_gettime,node,170612,1,1
1780278342041818670,clock_gettime,node,170612,1,1
1780278342041818948,clock_gettime,node,170612,1,1
1780278342041934724,clock_gettime,node,170612,1,1
1780278342041935331,clock_gettime,node,170612,1,1
1780278342041947511,clock_gettime,node,170612,1,1
1780278342041947869,clock_gettime,node,170612,1,1
1780278342041977730,clock_gettime,node,170612,1,1
1780278342041978118,clock_gettime,node,170612,1,1
1780278342041979522,clock_gettime,node,170612,1,1
1780278342041979801,clock_gettime,node,170612,1,1
1780278342042192586,clock_gettime,node,170612,1,1
1780278342042193511,clock_gettime,node,170612,1,1
1780278342042325089,clock_gettime,node,170612,1,1
1780278342042325955,clock_gettime,node,170612,1,1
1780278342042352135,clock_gettime,node,170612,1,1
1780278342042352533,clock_gettime,node,170612,1,1
1780278342042353319,clock_gettime,node,170612,1,1
1780278342042353568,clock_gettime,node,170612,1,1
1780278342042383310,clock_gettime,node,170612,1,1
1780278342042383688,clock_gettime,node,170612,1,1
1780278342042387688,clock_gettime,node,170612,1,1
1780278342042387978,clock_gettime,node,170612,1,1
1780278342042432785,clock_gettime,node,170612,1,1
1780278342042433273,clock_gettime,node,170612,1,1
1780278342042442975,lstat,node,170612,1,1
1780278342042453651,lstat,node,170612,1,1
1780278342042458059,clock_gettime,node,170612,1,1
1780278342042458398,clock_gettime,node,170612,1,1
1780278342042494987,clock_gettime,node,170612,1,1
1780278342042495335,clock_gettime,node,170612,1,1
1780278342042508808,clock_gettime,node,170612,1,1
1780278342042509126,clock_gettime,node,170612,1,1
1780278342042603738,clock_gettime,node,170612,1,1
1780278342042604265,clock_gettime,node,170612,1,1
1780278342042622554,clock_gettime,node,170612,1,1
1780278342042622942,clock_gettime,node,170612,1,1
1780278342042637262,clock_gettime,node,170612,1,1
1780278342042637600,clock_gettime,node,170612,1,1
1780278342042639491,clock_gettime,node,170612,1,1
1780278342042639819,clock_gettime,node,170612,1,1
1780278342042651222,clock_gettime,node,170612,1,1
1780278342042651541,clock_gettime,node,170612,1,1
1780278342042653799,clock_gettime,node,170612,1,1
1780278342042654098,clock_gettime,node,170612,1,1
1780278342042679880,clock_gettime,node,170612,1,1
1780278342042680229,clock_gettime,node,170612,1,1
1780278342042743694,lstat,node,170612,1,1
1780278342042749276,lstat,node,170612,1,1
1780278342043015516,lstat,node,170612,1,1
1780278342043021029,lstat,node,170612,1,1
1780278342043040353,clock_gettime,node,170612,1,1
1780278342043041089,clock_gettime,node,170612,1,1
1780278342043075946,clock_gettime,node,170612,1,1
1780278342043076384,clock_gettime,node,170612,1,1
1780278342043107411,clock_gettime,node,170612,1,1
1780278342043107779,clock_gettime,node,170612,1,1
1780278342043141193,clock_gettime,node,170612,1,1
1780278342043141621,clock_gettime,node,170612,1,1
1780278342043143761,clock_gettime,node,170612,1,1
1780278342043144039,clock_gettime,node,170612,1,1
1780278342043159890,clock_gettime,node,170612,1,1
1780278342043160219,clock_gettime,node,170612,1,1
1780278342043162169,clock_gettime,node,170612,1,1
1780278342043162467,clock_gettime,node,170612,1,1
1780278342043186658,clock_gettime,node,170612,1,1
1780278342043187026,clock_gettime,node,170612,1,1
1780278342043187603,clock_gettime,node,170612,1,1
1780278342043187892,clock_gettime,node,170612,1,1
1780278342043202559,clock_gettime,node,170612,1,1
1780278342043202887,clock_gettime,node,170612,1,1
1780278342043257119,clock_gettime,node,170612,1,1
1780278342043257676,clock_gettime,node,170612,1,1
1780278342043315768,clock_gettime,node,170612,1,1
1780278342043316275,clock_gettime,node,170612,1,1
1780278342043327997,clock_gettime,node,170612,1,1
1780278342043328345,clock_gettime,node,170612,1,1
1780278342043369133,clock_gettime,node,170612,1,1
1780278342043369561,clock_gettime,node,170612,1,1
1780278342043389333,clock_gettime,node,170612,1,1
1780278342043389691,clock_gettime,node,170612,1,1
1780278342043465317,clock_gettime,node,170612,1,1
1780278342043465824,clock_gettime,node,170612,1,1
1780278342043467366,clock_gettime,node,170612,1,1
1780278342043467675,clock_gettime,node,170612,1,1
1780278342043483407,clock_gettime,node,170612,1,1
1780278342043483755,clock_gettime,node,170612,1,1
1780278342043589003,clock_gettime,node,170612,1,1
1780278342043589720,clock_gettime,node,170612,1,1
1780278342043632239,clock_gettime,node,170612,1,1
1780278342043632717,clock_gettime,node,170612,1,1
1780278342043699665,clock_gettime,node,170612,1,1
1780278342043700312,clock_gettime,node,170612,1,1
1780278342043715347,clock_gettime,node,170612,1,1
1780278342043715725,clock_gettime,node,170612,1,1
1780278342043726452,clock_gettime,node,170612,1,1
1780278342043726770,clock_gettime,node,170612,1,1
1780278342043750861,clock_gettime,node,170612,1,1
1780278342043751209,clock_gettime,node,170612,1,1
1780278342043753647,clock_gettime,node,170612,1,1
1780278342043753906,clock_gettime,node,170612,1,1
1780278342043859223,clock_gettime,node,170612,1,1
1780278342043859761,clock_gettime,node,170612,1,1
1780278342043868996,clock_gettime,node,170612,1,1
1780278342043869324,clock_gettime,node,170612,1,1
1780278342043885493,clock_gettime,node,170612,1,1
1780278342043885832,clock_gettime,node,170612,1,1
1780278342043888439,clock_gettime,node,170612,1,1
1780278342043888717,clock_gettime,node,170612,1,1
1780278342043918331,clock_gettime,node,170612,1,1
1780278342043918719,clock_gettime,node,170612,1,1
1780278342043922102,clock_gettime,node,170612,1,1
1780278342043922411,clock_gettime,node,170612,1,1
1780278342043939684,clock_gettime,node,170612,1,1
1780278342043940043,clock_gettime,node,170612,1,1
1780278342043940679,clock_gettime,node,170612,1,1
1780278342043940928,clock_gettime,node,170612,1,1
1780278342043957706,clock_gettime,node,170612,1,1
1780278342043958114,clock_gettime,node,170612,1,1
1780278342043962760,clock_gettime,node,170612,1,1
1780278342043963049,clock_gettime,node,170612,1,1
1780278342044017529,clock_gettime,node,170612,1,1
1780278342044017917,clock_gettime,node,170612,1,1
1780278342044030804,open,node,170612,1,1
1780278342044051510,open,node,170612,1,1
1780278342044052784,fcntl,node,170612,1,1
1780278342044055222,fcntl,node,170612,1,1
1780278342044056933,clock_gettime,node,170612,1,1
1780278342044057262,clock_gettime,node,170612,1,1
1780278342044068427,clock_gettime,node,170612,1,1
1780278342044068746,clock_gettime,node,170612,1,1
1780278342044071004,fstat,node,170612,1,1
1780278342044074049,fstat,node,170612,1,1
1780278342044080756,clock_gettime,node,170612,1,1
1780278342044081054,clock_gettime,node,170612,1,1
1780278342044090577,clock_gettime,node,170612,1,1
1780278342044090895,clock_gettime,node,170612,1,1
1780278342044094726,clock_gettime,node,170612,1,1
1780278342044095005,clock_gettime,node,170612,1,1
1780278342044115563,clock_gettime,node,170612,1,1
1780278342044115921,clock_gettime,node,170612,1,1
1780278342044117981,clock_gettime,node,170612,1,1
1780278342044118260,clock_gettime,node,170612,1,1
1780278342044176302,clock_gettime,node,170612,1,1
1780278342044176939,clock_gettime,node,170612,1,1
1780278342044187347,clock_gettime,node,170612,1,1
1780278342044188093,clock_gettime,node,170612,1,1
1780278342044210861,clock_gettime,node,170612,1,1
1780278342044211249,clock_gettime,node,170612,1,1
1780278342044214094,clock_gettime,node,170612,1,1
1780278342044214363,clock_gettime,node,170612,1,1
1780278342044273033,clock_gettime,node,170612,1,1
1780278342044273530,clock_gettime,node,170612,1,1
1780278342044275849,clock_gettime,node,170612,1,1
1780278342044276127,clock_gettime,node,170612,1,1
1780278342044324995,clock_gettime,node,170612,1,1
1780278342044325413,clock_gettime,node,170612,1,1
1780278342044331144,clock_gettime,node,170612,1,1
1780278342044331423,clock_gettime,node,170612,1,1
1780278342044382609,clock_gettime,node,170612,1,1
1780278342044383057,clock_gettime,node,170612,1,1
1780278342044387654,clock_gettime,node,170612,1,1
1780278342044387972,clock_gettime,node,170612,1,1
1780278342044407178,clock_gettime,node,170612,1,1
1780278342044407566,clock_gettime,node,170612,1,1
1780278342044498375,clock_gettime,node,170612,1,1
1780278342044498863,clock_gettime,node,170612,1,1
1780278342044516715,clock_gettime,node,170612,1,1
1780278342044517083,clock_gettime,node,170612,1,1
1780278342044523680,clock_gettime,node,170612,1,1
1780278342044524009,clock_gettime,node,170612,1,1
1780278342044568189,clock_gettime,node,170612,1,1
1780278342044568627,clock_gettime,node,170612,1,1
1780278342044574229,read,node,170612,1,1
1780278342044578010,read,node,170612,1,1
1780278342044582767,clock_gettime,node,170612,1,1
1780278342044583095,clock_gettime,node,170612,1,1
1780278342044592528,clock_gettime,node,170612,1,1
1780278342044592847,clock_gettime,node,170612,1,1
1780278342044595374,close,node,170612,1,1
1780278342044598997,close,node,170612,1,1
1780278342044604878,clock_gettime,node,170612,1,1
1780278342044605186,clock_gettime,node,170612,1,1
1780278342044628251,clock_gettime,node,170612,1,1
1780278342044628599,clock_gettime,node,170612,1,1
1780278342044631167,clock_gettime,node,170612,1,1
1780278342044631465,clock_gettime,node,170612,1,1
1780278342044672681,clock_gettime,node,170612,1,1
1780278342044673168,clock_gettime,node,170612,1,1
1780278342044681846,clock_gettime,node,170612,1,1
1780278342044682165,clock_gettime,node,170612,1,1
1780278342044695170,clock_gettime,node,170612,1,1
1780278342044695518,clock_gettime,node,170612,1,1
1780278342044712503,clock_gettime,node,170612,1,1
1780278342044712822,clock_gettime,node,170612,1,1
1780278342044770128,clock_gettime,node,170612,1,1
1780278342044770546,clock_gettime,node,170612,1,1
1780278342044773303,clock_gettime,node,170612,1,1
1780278342044773621,clock_gettime,node,170612,1,1
1780278342044801164,clock_gettime,node,170612,1,1
1780278342044801522,clock_gettime,node,170612,1,1
1780278342044805812,clock_gettime,node,170612,1,1
1780278342044806110,clock_gettime,node,170612,1,1
1780278342044820170,clock_gettime,node,170612,1,1
1780278342044820518,clock_gettime,node,170612,1,1
1780278342044831981,clock_gettime,node,170612,1,1
1780278342044832320,clock_gettime,node,170612,1,1
1780278342044846978,clock_gettime,node,170612,1,1
1780278342044847296,clock_gettime,node,170612,1,1
1780278342044849137,clock_gettime,node,170612,1,1
1780278342044849455,clock_gettime,node,170612,1,1
1780278342044880331,clock_gettime,node,170612,1,1
1780278342044880680,clock_gettime,node,170612,1,1
1780278342044882829,clock_gettime,node,170612,1,1
1780278342044883157,clock_gettime,node,170612,1,1
1780278342044966595,clock_gettime,node,170612,1,1
1780278342044967092,clock_gettime,node,170612,1,1
1780278342045007452,clock_gettime,node,170612,1,1
1780278342045007930,clock_gettime,node,170612,1,1
1780278342045024348,clock_gettime,node,170612,1,1
1780278342045024696,clock_gettime,node,170612,1,1
1780278342045096540,clock_gettime,node,170612,1,1
1780278342045097137,clock_gettime,node,170612,1,1
1780278342045128272,clock_gettime,node,170612,1,1
1780278342045128670,clock_gettime,node,170612,1,1
1780278342045196743,clock_gettime,node,170612,1,1
1780278342045197380,clock_gettime,node,170612,1,1
1780278342045210614,clock_gettime,node,170612,1,1
1780278342045210972,clock_gettime,node,170612,1,1
1780278342045211988,clock_gettime,node,170612,1,1
1780278342045212257,clock_gettime,node,170612,1,1
1780278342045229222,clock_gettime,node,170612,1,1
1780278342045229581,clock_gettime,node,170612,1,1
1780278342045317584,clock_gettime,node,170612,1,1
1780278342045318121,clock_gettime,node,170612,1,1
1780278342045331525,clock_gettime,node,170612,1,1
1780278342045331873,clock_gettime,node,170612,1,1
1780278342045333087,clock_gettime,node,170612,1,1
1780278342045333385,clock_gettime,node,170612,1,1
1780278342045384393,clock_gettime,node,170612,1,1
1780278342045384841,clock_gettime,node,170612,1,1
1780278342045388742,clock_gettime,node,170612,1,1
1780278342045389040,clock_gettime,node,170612,1,1
1780278342045442246,clock_gettime,node,170612,1,1
1780278342045442724,clock_gettime,node,170612,1,1
1780278342045605258,switch,node,170612,1,1
1780278342045909172,mmap,node,170612,1,1
1780278342045917530,mmap,node,170612,1,1
1780278342046036053,switch,node,170612,1,1
1780278342046380356,mmap,node,170612,1,1
1780278342046383231,mmap,node,170612,1,1
1780278342047132736,munmap,node,170612,1,1
1780278342047151334,munmap,node,170612,1,1
1780278342047152578,munmap,node,170612,1,1
1780278342047163354,munmap,node,170612,1,1
1780278342047164349,madvise,node,170612,1,1
1780278342047172896,madvise,node,170612,1,1
1780278342047289449,clock_gettime,node,170612,1,1
1780278342047291210,clock_gettime,node,170612,1,1
1780278342047304047,open,node,170612,1,1
1780278342047329182,open,node,170612,1,1
1780278342047331371,readv,node,170612,1,1
1780278342047335839,readv,node,170612,1,1
1780278342047342725,readv,node,170612,1,1
1780278342047343233,readv,node,170612,1,1
1780278342047344228,close,node,170612,1,1
1780278342047346228,close,node,170612,1,1
1780278342047348606,open,node,170612,1,1
1780278342047350945,open,node,170612,1,1
1780278342047352049,open,node,170612,1,1
1780278342047353611,open,node,170612,1,1
1780278342047354437,open,node,170612,1,1
1780278342047356168,open,node,170612,1,1
1780278342047358855,open,node,170612,1,1
1780278342047368179,open,node,170612,1,1
1780278342047369084,readv,node,170612,1,1
1780278342047373821,readv,node,170612,1,1
1780278342047374617,lseek,node,170612,1,1
1780278342047375641,lseek,node,170612,1,1
1780278342047376059,close,node,170612,1,1
1780278342047376477,close,node,170612,1,1
1780278342047713487,clock_gettime,node,170612,1,1
1780278342047714562,clock_gettime,node,170612,1,1
1780278342047755071,clock_gettime,node,170612,1,1
1780278342047755469,clock_gettime,node,170612,1,1
1780278342047829332,clock_gettime,node,170612,1,1
1780278342047829850,clock_gettime,node,170612,1,1
1780278342047852388,clock_gettime,node,170612,1,1
1780278342047852777,clock_gettime,node,170612,1,1
1780278342048398501,mmap,node,170612,1,1
1780278342048406462,mmap,node,170612,1,1
1780278342048811759,munmap,node,170612,1,1
1780278342048811759,madvise,node,170612,1,1
1780278342048811759,munmap,node,170612,1,1
1780278342048827800,madvise,node,170612,1,1
1780278342048835512,madvise,node,170612,1,1
1780278342048836965,madvise,node,170612,1,1
1780278342049335533,mmap,node,170612,1,1
1780278342049345763,mmap,node,170612,1,1
1780278342049740458,madvise,node,170612,1,1
1780278342049740458,brk,node,170612,1,1
1780278342049740458,brk,node,170612,1,1
1780278342049740458,madvise,node,170612,1,1
1780278342049740458,madvise,node,170612,1,1
1780278342049740458,madvise,node,170612,1,1
1780278342049740458,munmap,node,170612,1,1
1780278342049740458,munmap,node,170612,1,1
1780278342049945572,madvise,node,170612,1,1
1780278342049950686,madvise,node,170612,1,1
1780278342050455915,madvise,node,170612,1,1
1780278342050455915,madvise,node,170612,1,1
1780278342050455915,madvise,node,170612,1,1
1780278342050455915,madvise,node,170612,1,1
1780278342050727804,madvise,node,170612,1,1
1780278342050731585,madvise,node,170612,1,1
1780278342050829988,clock_gettime,node,170612,1,1
1780278342050831799,clock_gettime,node,170612,1,1
1780278342050938897,clock_gettime,node,170612,1,1
1780278342050939425,clock_gettime,node,170612,1,1
1780278342050950431,clock_gettime,node,170612,1,1
1780278342050950739,clock_gettime,node,170612,1,1
1780278342050981307,clock_gettime,node,170612,1,1
1780278342050981705,clock_gettime,node,170612,1,1
1780278342050983178,clock_gettime,node,170612,1,1
1780278342050983456,clock_gettime,node,170612,1,1
1780278342051183426,clock_gettime,node,170612,1,1
1780278342051183426,clock_gettime,node,170612,1,1
1780278342051183426,clock_gettime,node,170612,1,1
1780278342051183426,clock_gettime,node,170612,1,1
1780278342051195945,clock_gettime,node,170612,1,1
1780278342051195945,clock_gettime,node,170612,1,1
1780278342051263917,clock_gettime,node,170612,1,1
1780278342051263917,clock_gettime,node,170612,1,1
1780278342051283988,clock_gettime,node,170612,1,1
1780278342051283988,clock_gettime,node,170612,1,1
1780278342051343941,clock_gettime,node,170612,1,1
1780278342051343941,clock_gettime,node,170612,1,1
1780278342051343941,clock_gettime,node,170612,1,1
1780278342051343941,clock_gettime,node,170612,1,1
1780278342051343941,clock_gettime,node,170612,1,1
1780278342051343941,clock_gettime,node,170612,1,1
1780278342051423258,clock_gettime,node,170612,1,1
1780278342051423258,clock_gettime,node,170612,1,1
1780278342051423258,clock_gettime,node,170612,1,1
1780278342051423258,clock_gettime,node,170612,1,1
1780278342051492365,clock_gettime,node,170612,1,1
1780278342051494077,clock_gettime,node,170612,1,1
1780278342051516614,clock_gettime,node,170612,1,1
1780278342051516614,clock_gettime,node,170612,1,1
1780278342051544686,clock_gettime,node,170612,1,1
1780278342051544686,clock_gettime,node,170612,1,1
1780278342051652163,clock_gettime,node,170612,1,1
1780278342051652163,clock_gettime,node,170612,1,1
1780278342051703439,clock_gettime,node,170612,1,1
1780278342051703439,clock_gettime,node,170612,1,1
1780278342051703439,clock_gettime,node,170612,1,1
1780278342051703439,clock_gettime,node,170612,1,1
1780278342051703439,clock_gettime,node,170612,1,1
1780278342051703439,clock_gettime,node,170612,1,1
1780278342051703439,clock_gettime,node,170612,1,1
1780278342051703439,clock_gettime,node,170612,1,1
1780278342051703439,clock_gettime,node,170612,1,1
1780278342051703439,clock_gettime,node,170612,1,1
1780278342051708502,clock_gettime,node,170612,1,1
1780278342051708910,clock_gettime,node,170612,1,1
1780278342051791173,clock_gettime,node,170612,1,1
1780278342051791650,clock_gettime,node,170612,1,1
1780278342051820418,clock_gettime,node,170612,1,1
1780278342051820836,clock_gettime,node,170612,1,1
1780278342051862161,clock_gettime,node,170612,1,1
1780278342051862629,clock_gettime,node,170612,1,1
1780278342051866987,clock_gettime,node,170612,1,1
1780278342051867265,clock_gettime,node,170612,1,1
1780278342051879674,clock_gettime,node,170612,1,1
1780278342051880002,clock_gettime,node,170612,1,1
1780278342051926949,open,node,170612,1,1
1780278342051953826,open,node,170612,1,1
1780278342051955110,fcntl,node,170612,1,1
1780278342051957279,fcntl,node,170612,1,1
1780278342052063791,clock_gettime,node,170612,1,1
1780278342052064657,clock_gettime,node,170612,1,1
1780278342052119425,clock_gettime,node,170612,1,1
1780278342052120400,clock_gettime,node,170612,1,1
1780278342052123485,clock_gettime,node,170612,1,1
1780278342052123883,clock_gettime,node,170612,1,1
1780278342052185259,clock_gettime,node,170612,1,1
1780278342052185727,clock_gettime,node,170612,1,1
1780278342052190075,clock_gettime,node,170612,1,1
1780278342052190374,clock_gettime,node,170612,1,1
1780278342052301612,clock_gettime,node,170612,1,1
1780278342052302109,clock_gettime,node,170612,1,1
1780278342052791045,madvise,node,170612,1,1
1780278342052801882,madvise,node,170612,1,1
1780278342052803873,madvise,node,170612,1,1
1780278342052807763,madvise,node,170612,1,1
1780278342052850143,clock_gettime,node,170612,1,1
1780278342052850879,clock_gettime,node,170612,1,1
1780278342052894981,clock_gettime,node,170612,1,1
1780278342052895409,clock_gettime,node,170612,1,1
1780278342052959500,clock_gettime,node,170612,1,1
1780278342052959918,clock_gettime,node,170612,1,1
1780278342052983959,clock_gettime,node,170612,1,1
1780278342052984367,clock_gettime,node,170612,1,1
1780278342052997054,clock_gettime,node,170612,1,1
1780278342052997353,clock_gettime,node,170612,1,1
1780278342053227189,clock_gettime,node,170612,1,1
1780278342053227189,clock_gettime,node,170612,1,1
1780278342053229646,clock_gettime,node,170612,1,1
1780278342053229646,clock_gettime,node,170612,1,1
1780278342053238632,clock_gettime,node,170612,1,1
1780278342053238632,clock_gettime,node,170612,1,1
1780278342053238632,clock_gettime,node,170612,1,1
1780278342053238632,clock_gettime,node,170612,1,1
1780278342053238632,clock_gettime,node,170612,1,1
1780278342053238632,clock_gettime,node,170612,1,1
1780278342053238632,clock_gettime,node,170612,1,1
1780278342053238632,clock_gettime,node,170612,1,1
1780278342053238632,clock_gettime,node,170612,1,1
1780278342053238632,clock_gettime,node,170612,1,1
1780278342053238632,clock_gettime,node,170612,1,1
1780278342053238632,clock_gettime,node,170612,1,1
1780278342053238632,clock_gettime,node,170612,1,1
1780278342053238632,clock_gettime,node,170612,1,1
1780278342053238632,clock_gettime,node,170612,1,1
1780278342053238632,clock_gettime,node,170612,1,1
1780278342053319058,clock_gettime,node,170612,1,1
1780278342053319506,clock_gettime,node,170612,1,1
1780278342053338084,socket,node,170612,1,1
1780278342053361110,socket,node,170612,1,1
1780278342053365766,connect,node,170612,1,1
1780278342053802007,connect,node,170612,1,1
1780278342053802007,switch,node,170612,1,1
1780278342053846834,clock_gettime,node,170612,1,1
1780278342053847810,clock_gettime,node,170612,1,1
1780278342053904856,clock_gettime,node,170612,1,1
1780278342053904856,clock_gettime,node,170612,1,1
1780278342053940112,clock_gettime,node,170612,1,1
1780278342053940112,clock_gettime,node,170612,1,1
1780278342053982352,clock_gettime,node,170612,1,1
1780278342053982352,clock_gettime,node,170612,1,1
1780278342053992553,clock_gettime,node,170612,1,1
1780278342053992553,clock_gettime,node,170612,1,1
1780278342053993319,clock_gettime,node,170612,1,1
1780278342053993319,epoll_ctl,node,170612,1,1
1780278342053993319,epoll_ctl,node,170612,1,1
1780278342053993319,epoll_ctl,node,170612,1,1
1780278342053993319,epoll_wait,node,170612,1,1
1780278342053993319,epoll_wait,node,170612,1,1
1780278342053993319,epoll_ctl,node,170612,1,1
1780278342053993319,epoll_ctl,node,170612,1,1
1780278342053993319,epoll_ctl,node,170612,1,1
1780278342053993319,clock_gettime,node,170612,1,1
1780278342053993319,getsockopt,node,170612,1,1
1780278342054005110,getsockopt,node,170612,1,1
1780278342054010563,clock_gettime,node,170612,1,1
1780278342054010563,clock_gettime,node,170612,1,1
1780278342054074665,clock_gettime,node,170612,1,1
1780278342054074665,clock_gettime,node,170612,1,1
1780278342054103970,clock_gettime,node,170612,1,1
1780278342054103970,clock_gettime,node,170612,1,1
1780278342054121404,switch,node,170612,1,1
1780278342054156022,clock_gettime,node,170612,1,1
1780278342054156022,clock_gettime,node,170612,1,1
1780278342054156022,clock_gettime,node,170612,1,1
1780278342054156022,clock_gettime,node,170612,1,1
1780278342054220950,switch,node,170612,1,1
1780278342054235359,clock_gettime,node,170612,1,1
1780278342054236573,clock_gettime,node,170612,1,1
1780278342054239687,clock_gettime,node,170612,1,1
1780278342054239687,clock_gettime,node,170612,1,1
1780278342054307998,switch,node,170612,1,1
1780278342054315700,clock_gettime,node,170612,1,1
1780278342054315700,clock_gettime,node,170612,1,1
1780278342054315700,clock_gettime,node,170612,1,1
1780278342054315700,clock_gettime,node,170612,1,1
1780278342054315700,clock_gettime,node,170612,1,1
1780278342054315700,clock_gettime,node,170612,1,1
1780278342054315700,clock_gettime,node,170612,1,1
1780278342054315700,clock_gettime,node,170612,1,1
1780278342054476682,clock_gettime,node,170612,1,1
1780278342054476682,clock_gettime,node,170612,1,1
1780278342054476682,clock_gettime,node,170612,1,1
1780278342054476682,clock_gettime,node,170612,1,1
1780278342054570000,clock_gettime,node,170612,1,1
1780278342054570000,clock_gettime,node,170612,1,1
1780278342054570000,clock_gettime,node,170612,1,1
1780278342054570000,clock_gettime,node,170612,1,1
1780278342054570000,clock_gettime,node,170612,1,1
1780278342054570000,clock_gettime,node,170612,1,1
1780278342054570000,clock_gettime,node,170612,1,1
1780278342054570000,clock_gettime,node,170612,1,1
1780278342054570000,clock_gettime,node,170612,1,1
1780278342054570000,clock_gettime,node,170612,1,1
1780278342054570000,clock_gettime,node,170612,1,1
1780278342054570000,clock_gettime,node,170612,1,1
1780278342054570000,clock_gettime,node,170612,1,1
1780278342054570000,clock_gettime,node,170612,1,1
1780278342054570000,clock_gettime,node,170612,1,1
1780278342054570000,clock_gettime,node,170612,1,1
1780278342054570000,clock_gettime,node,170612,1,1
1780278342054570000,clock_gettime,node,170612,1,1
1780278342054631691,clock_gettime,node,170612,1,1
1780278342054632218,clock_gettime,node,170612,1,1
1780278342054649324,clock_gettime,node,170612,1,1
1780278342054649712,clock_gettime,node,170612,1,1
1780278342054664867,clock_gettime,node,170612,1,1
1780278342054665215,clock_gettime,node,170612,1,1
1780278342054725137,clock_gettime,node,170612,1,1
1780278342054725576,clock_gettime,node,170612,1,1
1780278342054794484,clock_gettime,node,170612,1,1
1780278342054795001,clock_gettime,node,170612,1,1
1780278342055115917,clock_gettime,node,170612,1,1
1780278342055115917,clock_gettime,node,170612,1,1
1780278342055115917,clock_gettime,node,170612,1,1
1780278342055115917,clock_gettime,node,170612,1,1
1780278342055115917,madvise,node,170612,1,1
1780278342055115917,madvise,node,170612,1,1
1780278342055115917,clock_gettime,node,170612,1,1
1780278342055115917,clock_gettime,node,170612,1,1
1780278342055115917,clock_gettime,node,170612,1,1
1780278342055115917,clock_gettime,node,170612,1,1
1780278342055115917,clock_gettime,node,170612,1,1
1780278342055115917,clock_gettime,node,170612,1,1
1780278342055115917,clock_gettime,node,170612,1,1
1780278342055115917,clock_gettime,node,170612,1,1
1780278342055141882,clock_gettime,node,170612,1,1
1780278342055142380,clock_gettime,node,170612,1,1
1780278342055147116,clock_gettime,node,170612,1,1
1780278342055147415,clock_gettime,node,170612,1,1
1780278342055249339,clock_gettime,node,170612,1,1
1780278342055249876,clock_gettime,node,170612,1,1
1780278342055301013,clock_gettime,node,170612,1,1
1780278342055301491,clock_gettime,node,170612,1,1
1780278342055382758,clock_gettime,node,170612,1,1
1780278342055383256,clock_gettime,node,170612,1,1
1780278342055387763,socketpair,node,170612,1,1
1780278342055408580,socketpair,node,170612,1,1
1780278342055409585,socketpair,node,170612,1,1
1780278342055413873,socketpair,node,170612,1,1
1780278342055414251,socketpair,node,170612,1,1
1780278342055418640,socketpair,node,170612,1,1
1780278342055419296,pipe2,node,170612,1,1
1780278342055428342,pipe2,node,170612,1,1
1780278342055429496,rt_sigprocmask,node,170612,1,1
1780278342055430641,rt_sigprocmask,node,170612,1,1
1780278342055431258,read,node,170612,1,1
1780278342055434392,read,node,170612,1,1
1780278342055435497,rt_sigaction,node,170612,1,1
1780278342055436233,rt_sigaction,node,170612,1,1
1780278342055436531,write,node,170612,1,1
1780278342055438263,write,node,170612,1,1
1780278342055438720,rt_sigprocmask,node,170612,1,1
1780278342055439019,rt_sigprocmask,node,170612,1,1
1780278342055440193,rt_sigprocmask,node,170612,1,1
1780278342055440740,rt_sigprocmask,node,170612,1,1
1780278342055440949,fork,node,170612,1,1
1780278342055712668,switch,node,170612,1,1
1780278342056032014,fork,node,170612,1,1
1780278342056038114,rt_sigprocmask,node,170612,1,1
1780278342056041935,rt_sigprocmask,node,170612,1,1
1780278342056043119,close,node,170612,1,1
1780278342056048114,close,node,170612,1,1
1780278342056048114,read,node,170612,1,1
1780278342056051935,switch,node,170612,1,1
1780278342056053100,fork,node,170618,1,1
1780278342056063000,gettid,node,170618,1,1
1780278342056066791,gettid,node,170618,1,1
1780278342056072990,rt_sigprocmask,node,170618,1,1
1780278342056072990,rt_sigprocmask,node,170618,1,1
1780278342056082872,dup2,node,170618,1,1
1780278342056082872,dup2,node,170618,1,1
1780278342056087897,dup2,node,170618,1,1
1780278342056087897,dup2,node,170618,1,1
1780278342056087897,ioctl,node,170618,1,1
1780278342056087897,close,node,170618,1,1
1780278342056087897,close,node,170618,1,1
1780278342056087897,ioctl,node,170618,1,1
1780278342056087897,close,node,170618,1,1
1780278342056087897,ioctl,node,170618,1,1
1780278342056087897,ioctl,node,170618,1,1
1780278342056091698,close,node,170618,1,1
1780278342056091698,dup2,node,170618,1,1
1780278342056091698,dup2,node,170618,1,1
1780278342056091698,ioctl,node,170618,1,1
1780278342056092882,close,node,170618,1,1
1780278342056092882,ioctl,node,170618,1,1
1780278342056092882,close,node,170618,1,1
1780278342056092882,close,node,170618,1,1
1780278342056092882,close,node,170618,1,1
1780278342056092882,close,node,170618,1,1
1780278342056092882,close,node,170618,1,1
1780278342056092882,close,node,170618,1,1
1780278342056092882,close,node,170618,1,1
1780278342056097868,execve,node,170618,1,1
1780278342056123600,switch,node,170618,1,1
1780278342056360684,execve,sh,170618,1,1
1780278342056360684,close,node,170612,1,1
1780278342056360684,ioctl,node,170612,1,1
1780278342056360684,ioctl,node,170612,1,1
1780278342056360684,ioctl,node,170612,1,1
1780278342056360684,ioctl,node,170612,1,1
1780278342056360684,close,node,170612,1,1
1780278342056360684,close,node,170612,1,1
1780278342056360684,close,node,170612,1,1
1780278342056360684,read,node,170612,1,1
1780278342056360684,switch,sh,170618,1,1
1780278342056360684,ioctl,node,170612,1,1
1780278342056360684,close,node,170612,1,1
1780278342056360684,close,node,170612,1,1
1780278342056360684,ioctl,node,170612,1,1
1780278342056360684,close,node,170612,1,1
1780278342056360684,close,node,170612,1,1
1780278342056457694,clock_gettime,node,170612,1,1
1780278342056457694,clock_gettime,node,170612,1,1
1780278342056562623,clock_gettime,node,170612,1,1
1780278342056562623,clock_gettime,node,170612,1,1
1780278342056575510,clock_gettime,node,170612,1,1
1780278342056575510,clock_gettime,node,170612,1,1
1780278342056604635,clock_gettime,node,170612,1,1
1780278342056604635,clock_gettime,node,170612,1,1
1780278342057274017,clock_gettime,node,170612,1,1
1780278342057276634,clock_gettime,node,170612,1,1
1780278342057308735,clock_gettime,node,170612,1,1
1780278342057308735,clock_gettime,node,170612,1,1
1780278342057308735,clock_gettime,node,170612,1,1
1780278342057308735,clock_gettime,node,170612,1,1
1780278342057308735,clock_gettime,node,170612,1,1
1780278342057308735,clock_gettime,node,170612,1,1
1780278342057308735,clock_gettime,node,170612,1,1
1780278342057308735,clock_gettime,node,170612,1,1
1780278342057308735,clock_gettime,node,170612,1,1
1780278342057308735,clock_gettime,node,170612,1,1
1780278342057308735,clock_gettime,node,170612,1,1
1780278342057308735,clock_gettime,node,170612,1,1
1780278342057478434,clock_gettime,node,170612,1,1
1780278342057478434,clock_gettime,node,170612,1,1
1780278342057480573,clock_gettime,node,170612,1,1
1780278342057480573,clock_gettime,node,170612,1,1
1780278342057500454,clock_gettime,node,170612,1,1
1780278342057500454,clock_gettime,node,170612,1,1
1780278342057500454,clock_gettime,node,170612,1,1
1780278342057500454,clock_gettime,node,170612,1,1
1780278342057500454,clock_gettime,node,170612,1,1
1780278342057500454,clock_gettime,node,170612,1,1
1780278342057637565,switch,node,170612,1,1
1780278342057965917,clock_gettime,node,170612,1,1
1780278342057965917,clock_gettime,node,170612,1,1
1780278342058032726,clock_gettime,node,170612,1,1
1780278342058032726,clock_gettime,node,170612,1,1
1780278342058042697,clock_gettime,node,170612,1,1
1780278342058042697,clock_gettime,node,170612,1,1
1780278342058115097,clock_gettime,node,170612,1,1
1780278342058115097,clock_gettime,node,170612,1,1
1780278342058116252,clock_gettime,node,170612,1,1
1780278342058116252,clock_gettime,node,170612,1,1
1780278342058135109,clock_gettime,node,170612,1,1
1780278342058135109,clock_gettime,node,170612,1,1
1780278342058155049,clock_gettime,node,170612,1,1
1780278342058155049,clock_gettime,node,170612,1,1
1780278342058370790,madvise,node,170612,1,1
1780278342058380771,clock_gettime,node,170612,1,1
1780278342058380771,madvise,node,170612,1,1
1780278342058380771,clock_gettime,node,170612,1,1
1780278342058393955,clock_gettime,node,170612,1,1
1780278342058393955,clock_gettime,node,170612,1,1
1780278342058432892,clock_gettime,node,170612,1,1
1780278342058434036,clock_gettime,node,170612,1,1
1780278342058434036,clock_gettime,node,170612,1,1
1780278342058434036,clock_gettime,node,170612,1,1
1780278342058483730,clock_gettime,node,170612,1,1
1780278342058483730,clock_gettime,node,170612,1,1
1780278342058488824,ioctl,node,170612,1,1
1780278342058488824,ioctl,node,170612,1,1
1780278342058488824,fstat,node,170612,1,1
1780278342058505174,fstat,node,170612,1,1
1780278342058549484,clock_gettime,node,170612,1,1
1780278342058549484,clock_gettime,node,170612,1,1
1780278342058574381,clock_gettime,node,170612,1,1
1780278342058574381,clock_gettime,node,170612,1,1
1780278342058578192,ioctl,node,170612,1,1
1780278342058579366,fstat,node,170612,1,1
1780278342058579366,fstat,node,170612,1,1
1780278342058579366,ioctl,node,170612,1,1
1780278342058589357,ioctl,node,170612,1,1
1780278342058589357,ioctl,node,170612,1,1
1780278342058619199,clock_gettime,node,170612,1,1
1780278342058619199,clock_gettime,node,170612,1,1
1780278342058650404,clock_gettime,node,170612,1,1
1780278342058650404,clock_gettime,node,170612,1,1
1780278342058657857,fstat,node,170612,1,1
1780278342058657857,ioctl,node,170612,1,1
1780278342058657857,ioctl,node,170612,1,1
1780278342058659091,fstat,node,170612,1,1
1780278342058672037,ioctl,node,170612,1,1
1780278342058672037,ioctl,node,170612,1,1
1780278342058672037,fstat,node,170612,1,1
1780278342058675957,fstat,node,170612,1,1
1780278342058681400,ioctl,node,170612,1,1
1780278342058681400,ioctl,node,170612,1,1
1780278342058755105,clock_gettime,node,170612,1,1
1780278342058755105,clock_gettime,node,170612,1,1
1780278342058755105,clock_gettime,node,170612,1,1
1780278342058755105,clock_gettime,node,170612,1,1
1780278342058841934,clock_gettime,node,170612,1,1
1780278342058841934,clock_gettime,node,170612,1,1
1780278342058856353,clock_gettime,node,170612,1,1
1780278342058856353,clock_gettime,node,170612,1,1
1780278342058873349,clock_gettime,node,170612,1,1
1780278342058873349,clock_gettime,node,170612,1,1
1780278342058878503,clock_gettime,node,170612,1,1
1780278342058878503,clock_gettime,node,170612,1,1
1780278342058878503,clock_gettime,node,170612,1,1
1780278342058878503,clock_gettime,node,170612,1,1
1780278342058911659,clock_gettime,node,170612,1,1
1780278342058911659,clock_gettime,node,170612,1,1
1780278342059128862,clock_gettime,node,170612,1,1
1780278342059128862,clock_gettime,node,170612,1,1
1780278342059128862,clock_gettime,node,170612,1,1
1780278342059128862,clock_gettime,node,170612,1,1
1780278342059187134,clock_gettime,node,170612,1,1
1780278342059187134,clock_gettime,node,170612,1,1
1780278342059208865,clock_gettime,node,170612,1,1
1780278342059208865,clock_gettime,node,170612,1,1
1780278342059208865,clock_gettime,node,170612,1,1
1780278342059208865,clock_gettime,node,170612,1,1
1780278342059236499,clock_gettime,node,170612,1,1
1780278342059236499,clock_gettime,node,170612,1,1
1780278342059249613,clock_gettime,node,170612,1,1
1780278342059249613,clock_gettime,node,170612,1,1
1780278342059273764,clock_gettime,node,170612,1,1
1780278342059273764,clock_gettime,node,170612,1,1
1780278342059411859,clock_gettime,node,170612,1,1
1780278342059412148,clock_gettime,node,170612,1,1
1780278342059415352,clock_gettime,node,170612,1,1
1780278342059415620,epoll_ctl,node,170612,1,1
1780278342059415620,clock_gettime,node,170612,1,1
1780278342059421063,epoll_ctl,node,170612,1,1
1780278342059421063,epoll_ctl,node,170612,1,1
1780278342059422695,epoll_ctl,node,170612,1,1
1780278342059423153,epoll_ctl,node,170612,1,1
1780278342059424536,epoll_ctl,node,170612,1,1
1780278342059424735,epoll_ctl,node,170612,1,1
1780278342059425043,epoll_ctl,node,170612,1,1
1780278342059425541,epoll_ctl,node,170612,1,1
1780278342059425541,switch,node,170612,1,1
1780278342059425541,epoll_wait,node,170612,1,1
1780278342059425541,epoll_ctl,node,170612,1,1
1780278342059478569,arch_prctl,sh,170618,1,1
1780278342059478569,arch_prctl,sh,170618,1,1
1780278342059478569,set_tid_address,sh,170618,1,1
1780278342059478569,set_tid_address,sh,170618,1,1
1780278342059505823,mprotect,sh,170618,1,1
1780278342059511246,mprotect,sh,170618,1,1
1780278342059557726,mprotect,sh,170618,1,1
1780278342059561070,mprotect,sh,170618,1,1
1780278342059571886,getuid,sh,170618,1,1
1780278342059572523,getuid,sh,170618,1,1
1780278342059573548,getgid,sh,170618,1,1
1780278342059573548,getgid,sh,170618,1,1
1780278342059577667,rt_sigprocmask,sh,170618,1,1
1780278342059578981,rt_sigprocmask,sh,170618,1,1
1780278342059578981,rt_sigprocmask,sh,170618,1,1
1780278342059579528,setgid,sh,170618,1,1
1780278342059579528,rt_sigprocmask,sh,170618,1,1
1780278342059584374,setgid,sh,170618,1,1
1780278342059585299,futex,sh,170618,1,1
1780278342059586443,futex,sh,170618,1,1
1780278342059588244,rt_sigprocmask,sh,170618,1,1
1780278342059588244,rt_sigprocmask,sh,170618,1,1
1780278342059588553,rt_sigprocmask,sh,170618,1,1
1780278342059588553,rt_sigprocmask,sh,170618,1,1
1780278342059588553,rt_sigprocmask,sh,170618,1,1
1780278342059589309,setuid,sh,170618,1,1
1780278342059589309,rt_sigprocmask,sh,170618,1,1
1780278342059591916,setuid,sh,170618,1,1
1780278342059592185,futex,sh,170618,1,1
1780278342059592185,futex,sh,170618,1,1
1780278342059592185,rt_sigprocmask,sh,170618,1,1
1780278342059592772,rt_sigprocmask,sh,170618,1,1
1780278342059597798,brk,sh,170618,1,1
1780278342059599211,brk,sh,170618,1,1
1780278342059599211,brk,sh,170618,1,1
1780278342059601440,brk,sh,170618,1,1
1780278342059605281,getpid,sh,170618,1,1
1780278342059605281,getpid,sh,170618,1,1
1780278342059605888,rt_sigaction,sh,170618,1,1
1780278342059606932,rt_sigaction,sh,170618,1,1
1780278342059606932,rt_sigaction,sh,170618,1,1
1780278342059607310,rt_sigaction,sh,170618,1,1
1780278342059611818,getppid,sh,170618,1,1
1780278342059611818,getppid,sh,170618,1,1
1780278342059615141,stat,sh,170618,1,1
1780278342059627032,stat,sh,170618,1,1
1780278342059628117,stat,sh,170618,1,1
1780278342059629629,stat,sh,170618,1,1
1780278342059631251,rt_sigaction,sh,170618,1,1
1780278342059631709,rt_sigaction,sh,170618,1,1
1780278342059631709,rt_sigprocmask,sh,170618,1,1
1780278342059631709,rt_sigprocmask,sh,170618,1,1
1780278342059631709,rt_sigaction,sh,170618,1,1
1780278342059631709,rt_sigaction,sh,170618,1,1
1780278342059631709,rt_sigaction,sh,170618,1,1
1780278342059633440,rt_sigaction,sh,170618,1,1
1780278342059633440,rt_sigaction,sh,170618,1,1
1780278342059633968,rt_sigaction,sh,170618,1,1
1780278342059633968,rt_sigaction,sh,170618,1,1
1780278342059633968,rt_sigaction,sh,170618,1,1
1780278342059633968,rt_sigaction,sh,170618,1,1
1780278342059633968,open,sh,170618,1,1
1780278342059633968,rt_sigaction,sh,170618,1,1
1780278342059649840,ioctl,sh,170618,1,1
1780278342059649840,open,sh,170618,1,1
1780278342059653004,ioctl,sh,170618,1,1
1780278342059653004,ioctl,sh,170618,1,1
1780278342059653004,ioctl,sh,170618,1,1
1780278342059653004,ioctl,sh,170618,1,1
1780278342059654118,ioctl,sh,170618,1,1
1780278342059654118,writev,sh,170618,1,1
1780278342059689762,switch,sh,170618,1,1
1780278342059689762,writev,sh,170618,1,1
1780278342059723485,epoll_wait,node,170612,1,1
1780278342059726520,clock_gettime,node,170612,1,1
1780278342059727694,clock_gettime,node,170612,1,1
1780278342059731763,read,node,170612,1,1
1780278342059733833,read,node,170612,1,1
1780278342059768909,switch,node,170612,1,1
1780278342059818284,clock_gettime,node,170612,1,1
1780278342059818881,clock_gettime,node,170612,1,1
1780278342059924608,clock_gettime,node,170612,1,1
1780278342059924608,clock_gettime,node,170612,1,1
1780278342059924608,clock_gettime,node,170612,1,1
1780278342059924608,clock_gettime,node,170612,1,1
1780278342059924608,clock_gettime,node,170612,1,1
1780278342059924608,clock_gettime,node,170612,1,1
1780278342059924608,clock_gettime,node,170612,1,1
1780278342059924608,clock_gettime,node,170612,1,1
1780278342059924608,clock_gettime,node,170612,1,1
1780278342059924608,clock_gettime,node,170612,1,1
1780278342059924608,clock_gettime,node,170612,1,1
1780278342059924608,clock_gettime,node,170612,1,1
1780278342059924608,clock_gettime,node,170612,1,1
1780278342059924608,clock_gettime,node,170612,1,1
1780278342059927399,clock_gettime,node,170612,1,1
1780278342059927747,clock_gettime,node,170612,1,1
1780278342060163941,clock_gettime,node,170612,1,1
1780278342060163941,clock_gettime,node,170612,1,1
1780278342060175176,clock_gettime,node,170612,1,1
1780278342060175394,clock_gettime,node,170612,1,1
1780278342060211953,clock_gettime,node,170612,1,1
1780278342060211953,clock_gettime,node,170612,1,1
1780278342060211953,clock_gettime,node,170612,1,1
1780278342060211953,clock_gettime,node,170612,1,1
1780278342060266920,clock_gettime,node,170612,1,1
1780278342060266920,clock_gettime,node,170612,1,1
1780278342060276732,clock_gettime,node,170612,1,1
1780278342060277179,clock_gettime,node,170612,1,1
1780278342060321908,clock_gettime,node,170612,1,1
1780278342060323470,clock_gettime,node,170612,1,1
1780278342060339551,clock_gettime,node,170612,1,1
1780278342060339780,clock_gettime,node,170612,1,1
1780278342060366069,clock_gettime,node,170612,1,1
1780278342060366069,clock_gettime,node,170612,1,1
1780278342060374000,clock_gettime,node,170612,1,1
1780278342060374000,clock_gettime,node,170612,1,1
1780278342060387244,clock_gettime,node,170612,1,1
1780278342060387244,clock_gettime,node,170612,1,1
1780278342060387244,clock_gettime,node,170612,1,1
1780278342060387244,clock_gettime,node,170612,1,1
1780278342060387244,clock_gettime,node,170612,1,1
1780278342060387244,clock_gettime,node,170612,1,1
1780278342060387244,clock_gettime,node,170612,1,1
1780278342060387244,clock_gettime,node,170612,1,1
1780278342060387244,clock_gettime,node,170612,1,1
1780278342060387244,clock_gettime,node,170612,1,1
1780278342060387244,clock_gettime,node,170612,1,1
1780278342060387244,clock_gettime,node,170612,1,1
1780278342060387244,clock_gettime,node,170612,1,1
1780278342060387244,clock_gettime,node,170612,1,1
1780278342060387244,clock_gettime,node,170612,1,1
1780278342060387244,clock_gettime,node,170612,1,1
1780278342060590725,clock_gettime,node,170612,1,1
1780278342060590725,clock_gettime,node,170612,1,1
1780278342060610477,clock_gettime,node,170612,1,1
1780278342060610477,clock_gettime,node,170612,1,1
1780278342060645026,clock_gettime,node,170612,1,1
1780278342060645026,clock_gettime,node,170612,1,1
1780278342060650558,write,node,170612,1,1
1780278342060729009,write,node,170612,1,1
1780278342060737716,clock_gettime,node,170612,1,1
1780278342060737716,clock_gettime,node,170612,1,1
1780278342060754205,clock_gettime,node,170612,1,1
1780278342060754205,clock_gettime,node,170612,1,1
1780278342060755966,clock_gettime,node,170612,1,1
1780278342060756653,clock_gettime,node,170612,1,1
1780278342060772932,clock_gettime,node,170612,1,1
1780278342060772932,clock_gettime,node,170612,1,1
1780278342060772932,clock_gettime,node,170612,1,1
1780278342060772932,clock_gettime,node,170612,1,1
1780278342060772932,clock_gettime,node,170612,1,1
1780278342060772932,clock_gettime,node,170612,1,1
1780278342060772932,clock_gettime,node,170612,1,1
1780278342060772932,clock_gettime,node,170612,1,1
1780278342060772932,clock_gettime,node,170612,1,1
1780278342060772932,clock_gettime,node,170612,1,1
1780278342060772932,clock_gettime,node,170612,1,1
1780278342060772932,clock_gettime,node,170612,1,1
1780278342060772932,clock_gettime,node,170612,1,1
1780278342060772932,clock_gettime,node,170612,1,1
1780278342060772932,clock_gettime,node,170612,1,1
1780278342060772932,clock_gettime,node,170612,1,1
1780278342060772932,clock_gettime,node,170612,1,1
1780278342060772932,clock_gettime,node,170612,1,1
1780278342060772932,clock_gettime,node,170612,1,1
1780278342060772932,clock_gettime,node,170612,1,1
1780278342060772932,clock_gettime,node,170612,1,1
1780278342060772932,clock_gettime,node,170612,1,1
1780278342060772932,clock_gettime,node,170612,1,1
1780278342060772932,clock_gettime,node,170612,1,1
1780278342060931257,clock_gettime,node,170612,1,1
1780278342060931257,clock_gettime,node,170612,1,1
1780278342060931257,clock_gettime,node,170612,1,1
1780278342060942919,clock_gettime,node,170612,1,1
1780278342060956472,clock_gettime,node,170612,1,1
1780278342060956472,clock_gettime,node,170612,1,1
1780278342060956472,clock_gettime,node,170612,1,1
1780278342060956472,clock_gettime,node,170612,1,1
1780278342060956472,clock_gettime,node,170612,1,1
1780278342060956472,clock_gettime,node,170612,1,1
1780278342060956472,clock_gettime,node,170612,1,1
1780278342060956472,clock_gettime,node,170612,1,1
1780278342060985786,clock_gettime,node,170612,1,1
1780278342060985786,clock_gettime,node,170612,1,1
1780278342060991469,clock_gettime,node,170612,1,1
1780278342060991469,clock_gettime,node,170612,1,1
1780278342061013241,clock_gettime,node,170612,1,1
1780278342061013241,clock_gettime,node,170612,1,1
1780278342061023728,clock_gettime,node,170612,1,1
1780278342061023728,clock_gettime,node,170612,1,1
1780278342061024982,clock_gettime,node,170612,1,1
1780278342061024982,epoll_wait,node,170612,1,1
1780278342061024982,epoll_ctl,node,170612,1,1
1780278342061024982,epoll_wait,node,170612,1,1
1780278342061024982,epoll_wait,node,170612,1,1
1780278342061024982,clock_gettime,node,170612,1,1
1780278342061024982,writev,sh,170618,1,1
1780278342061024982,writev,sh,170618,1,1
1780278342061024982,writev,sh,170618,1,1
1780278342061024982,writev,sh,170618,1,1
1780278342061024982,switch,node,170612,1,1
1780278342061024982,epoll_wait,node,170612,1,1
1780278342061024982,clock_gettime,node,170612,1,1
1780278342061024982,clock_gettime,node,170612,1,1
1780278342061024982,epoll_ctl,node,170612,1,1
1780278342061024982,clock_gettime,node,170612,1,1
1780278342061024982,getcwd,sh,170618,1,1
1780278342061024982,ioctl,sh,170618,1,1
1780278342061024982,read,node,170612,1,1
1780278342061024982,read,node,170612,1,1
1780278342061024982,clock_gettime,node,170612,1,1
1780278342061024982,geteuid,sh,170618,1,1
1780278342061024982,stat,sh,170618,1,1
1780278342061024982,getcwd,sh,170618,1,1
1780278342061024982,switch,sh,170618,1,1
1780278342061024982,readv,sh,170618,1,1
1780278342061024982,writev,sh,170618,1,1
1780278342061024982,writev,sh,170618,1,1
1780278342061024982,ioctl,sh,170618,1,1
1780278342061024982,geteuid,sh,170618,1,1
1780278342061024982,stat,sh,170618,1,1
1780278342061024982,ioctl,sh,170618,1,1
1780278342061024982,clock_gettime,node,170612,1,1
1780278342061024982,clock_gettime,node,170612,1,1
1780278342061024982,ioctl,sh,170618,1,1
1780278342061024982,clock_gettime,node,170612,1,1
1780278342061024982,clock_gettime,node,170612,1,1
1780278342061304895,write,node,170612,1,1
1780278342061464633,write,node,170612,1,1
1780278342061583126,read,node,170612,1,1
1780278342061584946,clock_gettime,node,170612,1,1
1780278342061584946,clock_gettime,node,170612,1,1
1780278342061584946,read,node,170612,1,1
1780278342061584946,write,node,170612,1,1
1780278342061584946,clock_gettime,node,170612,1,1
1780278342061584946,clock_gettime,node,170612,1,1
1780278342061652980,write,node,170612,1,1
1780278342061654552,switch,node,170612,1,1
1780278342061664602,clock_gettime,node,170612,1,1
1780278342061664602,clock_gettime,node,170612,1,1
1780278342061664602,clock_gettime,node,170612,1,1
1780278342061664602,clock_gettime,node,170612,1,1
1780278342061664602,switch,node,170612,1,1
1780278342061664602,epoll_wait,node,170612,1,1
1780278342061664602,clock_gettime,node,170612,1,1
1780278342061664602,epoll_wait,node,170612,1,1
1780278342061664602,epoll_wait,node,170612,1,1
1780278342061664602,clock_gettime,node,170612,1,1
1780278342061664602,clock_gettime,node,170612,1,1
1780278342061664602,clock_gettime,node,170612,1,1
1780278342061664602,epoll_ctl,node,170612,1,1
1780278342061664602,clock_gettime,node,170612,1,1
1780278342061664602,epoll_ctl,node,170612,1,1
1780278342061664602,clock_gettime,node,170612,1,1
1780278350356700416,epoll_wait,node,170295,1,1
1780278350356722119,clock_gettime,node,170295,1,1
1780278350356727472,clock_gettime,node,170295,1,1
1780278350356732079,clock_gettime,node,170295,1,1
1780278350356732865,clock_gettime,node,170295,1,1
1780278350356816849,getrusage,node,170295,1,1
1780278350356829825,getrusage,node,170295,1,1
1780278350356952855,futex,node,170295,1,1
1780278350356960925,futex,node,170295,1,1
1780278350356971005,futex,node,170295,1,1
1780278350356979682,futex,node,170295,1,1
1780278350356985025,clock_gettime,node,170295,1,1
1780278350356986229,clock_gettime,node,170295,1,1
1780278350357002867,futex,node,170303,0,1
1780278350357022241,open,node,170303,0,1
1780278350357081249,open,node,170295,1,1
1780278350357102752,open,node,170303,0,1
1780278350357106185,fcntl,node,170303,0,1
1780278350357111559,fcntl,node,170303,0,1
1780278350357114703,write,node,170303,0,1
1780278350357123559,write,node,170303,0,1
1780278350357126962,open,node,170295,1,1
1780278350357128017,open,node,170303,0,1
1780278350357130037,read,node,170295,1,1
1780278350357141719,open,node,170303,0,1
1780278350357143430,fcntl,node,170303,0,1
1780278350357144793,fcntl,node,170303,0,1
1780278350357149609,getdents64,node,170303,0,1
1780278350357156516,read,node,170295,1,1
1780278350357160406,close,node,170295,1,1
1780278350357164755,close,node,170295,1,1
1780278350357177173,getdents64,node,170303,0,1
1780278350357186656,getdents64,node,170303,0,1
1780278350357187750,getdents64,node,170303,0,1
1780278350357189432,close,node,170303,0,1
1780278350357193254,close,node,170303,0,1
1780278350357206468,futex,node,170303,0,1
1780278350357221632,switch,node,170303,0,1
1780278350357224956,futex,node,170304,0,1
1780278350357228289,futex,node,170304,0,1
1780278350357234599,switch,node,170304,0,1
1780278350357243116,clock_gettime,node,170295,1,1
1780278350357244549,clock_gettime,node,170295,1,1
1780278350357246917,epoll_wait,node,170295,1,1
1780278350357250878,epoll_wait,node,170295,1,1
1780278350357251743,clock_gettime,node,170295,1,1
1780278350357252579,clock_gettime,node,170295,1,1
1780278350357254171,read,node,170295,1,1
1780278350357256709,read,node,170295,1,1
1780278350357271435,futex,node,170295,1,1
1780278350357277755,futex,node,170295,1,1
1780278350357331259,clock_gettime,node,170295,1,1
1780278350357332294,clock_gettime,node,170295,1,1
1780278350357357380,clock_gettime,node,170295,1,1
1780278350357358296,clock_gettime,node,170295,1,1
1780278350357359400,clock_gettime,node,170295,1,1
1780278350357360166,clock_gettime,node,170295,1,1
1780278350357361181,epoll_wait,node,170295,1,1
1780278350357372664,switch,node,170295,1,1
1780278350357375898,futex,node,170302,1,1
1780278350357379649,fstat,node,170302,1,1
1780278350357385928,fstat,node,170302,1,1
1780278350357387142,write,node,170302,1,1
1780278350357391938,write,node,170302,1,1
1780278350357393858,futex,node,170302,1,1
1780278350357397202,switch,node,170302,1,1
1780278350357399800,epoll_wait,node,170295,1,1
1780278350357401024,clock_gettime,node,170295,1,1
1780278350357401870,clock_gettime,node,170295,1,1
1780278350357402735,read,node,170295,1,1
1780278350357403949,read,node,170295,1,1
1780278350357444468,futex,node,170295,1,1
1780278350357448478,futex,node,170295,1,1
1780278350357451344,clock_gettime,node,170295,1,1
1780278350357452269,clock_gettime,node,170295,1,1
1780278350357453235,clock_gettime,node,170295,1,1
1780278350357453941,clock_gettime,node,170295,1,1
1780278350357454737,epoll_wait,node,170295,1,1
1780278350357458001,switch,node,170295,1,1
1780278350357460707,futex,node,170301,1,1
1780278350357463872,read,node,170301,1,1
1780278350357512321,read,node,170301,1,1
1780278350357513794,write,node,170301,1,1
1780278350357516938,write,node,170301,1,1
1780278350357518321,futex,node,170301,1,1
1780278350357520840,switch,node,170301,1,1
1780278350357522870,epoll_wait,node,170295,1,1
1780278350357524064,clock_gettime,node,170295,1,1
1780278350357524900,clock_gettime,node,170295,1,1
1780278350357525656,read,node,170295,1,1
1780278350357526830,read,node,170295,1,1
1780278350357554094,futex,node,170295,1,1
1780278350357567717,futex,node,170295,1,1
1780278350357633220,switch,node,170295,1,1
1780278350357642794,clock_gettime,node,170295,1,1
1780278350357643930,clock_gettime,node,170295,1,1
1780278350357645084,clock_gettime,node,170295,1,1
1780278350357652435,clock_gettime,node,170295,1,1
1780278350357653201,epoll_wait,node,170295,1,1
1780278350357658117,switch,node,170295,1,1
1780278350357683490,futex,node,170303,0,1
1780278350357690208,read,node,170303,0,1
1780278350357694178,read,node,170303,0,1
1780278350357696029,write,node,170303,0,1
1780278350357708775,write,node,170303,0,1
1780278350357711094,futex,node,170303,0,1
1780278350357716497,switch,node,170303,0,1
1780278350357744818,epoll_wait,node,170295,1,1
1780278350357746321,clock_gettime,node,170295,1,1
1780278350357747276,clock_gettime,node,170295,1,1
1780278350357748291,read,node,170295,1,1
1780278350357750341,read,node,170295,1,1
1780278350357760739,futex,node,170295,1,1
1780278350357770173,futex,node,170295,1,1
1780278350357772820,clock_gettime,node,170295,1,1
1780278350357773626,clock_gettime,node,170295,1,1
1780278350357774641,clock_gettime,node,170295,1,1
1780278350357775337,clock_gettime,node,170295,1,1
1780278350357776183,epoll_wait,node,170295,1,1
1780278350357780263,switch,node,170295,1,1
1780278350357800113,futex,node,170304,0,1
1780278350357803039,close,node,170304,0,1
1780278350357806701,close,node,170304,0,1
1780278350357813975,write,node,170304,0,1
1780278350357824274,write,node,170304,0,1
1780278350357825866,futex,node,170304,0,1
1780278350357829000,switch,node,170304,0,1
1780278350357849348,epoll_wait,node,170295,1,1
1780278350357850552,clock_gettime,node,170295,1,1
1780278350357851407,clock_gettime,node,170295,1,1
1780278350357852164,read,node,170295,1,1
1780278350357853537,read,node,170295,1,1
1780278350358044370,clock_gettime,node,170295,1,1
1780278350358045783,clock_gettime,node,170295,1,1
1780278350358047106,clock_gettime,node,170295,1,1
1780278350358047853,clock_gettime,node,170295,1,1
1780278350358048758,epoll_wait,node,170295,1,1
1780278350358054131,switch,node,170295,1,1
1780278360366038300,epoll_wait,node,170295,1,1
1780278360366054490,clock_gettime,node,170295,1,1
1780278360366058699,clock_gettime,node,170295,1,1
1780278360366061953,clock_gettime,node,170295,1,1
1780278360366062709,clock_gettime,node,170295,1,1
1780278360366123926,getrusage,node,170295,1,1
1780278360366132504,getrusage,node,170295,1,1
1780278360366223184,futex,node,170295,1,1
1780278360366232547,futex,node,170295,1,1
1780278360366241284,futex,node,170295,1,1
1780278360366245493,futex,node,170295,1,1
1780278360366249374,clock_gettime,node,170295,1,1
1780278360366250469,clock_gettime,node,170295,1,1
1780278360366326830,open,node,170295,1,1
1780278360366382305,open,node,170295,1,1
1780278360366385619,read,node,170295,1,1
1780278360366407112,read,node,170295,1,1
1780278360366409878,close,node,170295,1,1
1780278360366413531,close,node,170295,1,1
1780278360366479801,clock_gettime,node,170295,1,1
1780278360366481135,clock_gettime,node,170295,1,1
1780278360366483085,epoll_wait,node,170295,1,1
1780278360366484737,epoll_wait,node,170295,1,1
1780278360366485503,clock_gettime,node,170295,1,1
1780278360366486239,clock_gettime,node,170295,1,1
1780278360366497494,clock_gettime,node,170295,1,1
1780278360366498370,clock_gettime,node,170295,1,1
1780278360366516808,clock_gettime,node,170295,1,1
1780278360366517704,clock_gettime,node,170295,1,1
1780278360366518649,clock_gettime,node,170295,1,1
1780278360366519346,clock_gettime,node,170295,1,1
1780278360366520291,epoll_wait,node,170295,1,1
1780278360366530848,switch,node,170295,1,1
1780278360366533525,futex,node,170302,1,1
1780278360366538770,open,node,170302,1,1
1780278360366552800,open,node,170302,1,1
1780278360366554800,fcntl,node,170302,1,1
1780278360366558671,fcntl,node,170302,1,1
1780278360366560442,write,node,170302,1,1
1780278360366568900,write,node,170302,1,1
1780278360366572193,open,node,170302,1,1
1780278360366580692,open,node,170302,1,1
1780278360366582085,fcntl,node,170302,1,1
1780278360366583219,fcntl,node,170302,1,1
1780278360366586642,getdents64,node,170302,1,1
1780278360366605250,getdents64,node,170302,1,1
1780278360366612215,getdents64,node,170302,1,1
1780278360366613240,getdents64,node,170302,1,1
1780278360366614205,close,node,170302,1,1
1780278360366616275,close,node,170302,1,1
1780278360366626246,futex,node,170302,1,1
1780278360366630445,switch,node,170302,1,1
1780278360366632535,futex,node,170301,1,1
1780278360366634525,futex,node,170301,1,1
1780278360366637311,switch,node,170301,1,1
1780278360366640654,epoll_wait,node,170295,1,1
1780278360366641938,clock_gettime,node,170295,1,1
1780278360366642913,clock_gettime,node,170295,1,1
1780278360366644197,read,node,170295,1,1
1780278360366646107,read,node,170295,1,1
1780278360366658068,futex,node,170295,1,1
1780278360366674666,futex,node,170295,1,1
1780278360366706817,clock_gettime,node,170295,1,1
1780278360366707891,clock_gettime,node,170295,1,1
1780278360366709165,clock_gettime,node,170295,1,1
1780278360366709871,clock_gettime,node,170295,1,1
1780278360366710737,epoll_wait,node,170295,1,1
1780278360366722538,switch,node,170295,1,1
1780278360366780219,futex,node,170303,0,1
1780278360366787981,fstat,node,170303,0,1
1780278360366796668,fstat,node,170303,0,1
1780278360366798369,write,node,170303,0,1
1780278360366816997,write,node,170303,0,1
1780278360366819444,futex,node,170303,0,1
1780278360366826530,switch,node,170303,0,1
1780278360366852997,epoll_wait,node,170295,1,1
1780278360366854539,clock_gettime,node,170295,1,1
1780278360366855474,clock_gettime,node,170295,1,1
1780278360366856370,read,node,170295,1,1
1780278360366858111,read,node,170295,1,1
1780278360366913487,futex,node,170295,1,1
1780278360366924900,futex,node,170295,1,1
1780278360366928751,clock_gettime,node,170295,1,1
1780278360366929667,clock_gettime,node,170295,1,1
1780278360366930632,clock_gettime,node,170295,1,1
1780278360366931398,clock_gettime,node,170295,1,1
1780278360366932244,epoll_wait,node,170295,1,1
1780278360366936741,switch,node,170295,1,1
1780278360366965646,futex,node,170304,0,1
1780278360366969317,read,node,170304,0,1
1780278360367021936,read,node,170304,0,1
1780278360367024742,write,node,170304,0,1
1780278360367038395,write,node,170304,0,1
1780278360367040475,futex,node,170304,0,1
1780278360367045749,switch,node,170304,0,1
1780278360367064917,epoll_wait,node,170295,1,1
1780278360367066131,clock_gettime,node,170295,1,1
1780278360367067066,clock_gettime,node,170295,1,1
1780278360367067862,read,node,170295,1,1
1780278360367069515,read,node,170295,1,1
1780278360367099406,futex,node,170295,1,1
1780278360367103416,futex,node,170295,1,1
1780278360367106053,clock_gettime,node,170295,1,1
1780278360367106909,clock_gettime,node,170295,1,1
1780278360367107864,clock_gettime,node,170295,1,1
1780278360367108560,clock_gettime,node,170295,1,1
1780278360367109446,epoll_wait,node,170295,1,1
1780278360367113457,switch,node,170295,1,1
1780278360367115139,futex,node,170302,1,1
1780278360367117109,read,node,170302,1,1
1780278360367118930,read,node,170302,1,1
1780278360367120094,write,node,170302,1,1
1780278360367123995,write,node,170302,1,1
1780278360367125417,futex,node,170302,1,1
1780278360367127885,switch,node,170302,1,1
1780278360367129766,epoll_wait,node,170295,1,1
1780278360367130890,clock_gettime,node,170295,1,1
1780278360367131626,clock_gettime,node,170295,1,1
1780278360367132383,read,node,170295,1,1
1780278360367133567,read,node,170295,1,1
1780278360367139348,futex,node,170295,1,1
1780278360367141925,futex,node,170295,1,1
1780278360367144104,clock_gettime,node,170295,1,1
1780278360367144900,clock_gettime,node,170295,1,1
1780278360367145776,clock_gettime,node,170295,1,1
1780278360367146492,clock_gettime,node,170295,1,1
1780278360367147259,epoll_wait,node,170295,1,1
1780278360367149995,switch,node,170295,1,1
1780278360367151279,futex,node,170301,1,1
1780278360367152822,close,node,170301,1,1
1780278360367155379,close,node,170301,1,1
1780278360367159986,write,node,170301,1,1
1780278360367163001,write,node,170301,1,1
1780278360367164195,futex,node,170301,1,1
1780278360367166325,switch,node,170301,1,1
1780278360367168046,epoll_wait,node,170295,1,1
1780278360367169180,clock_gettime,node,170295,1,1
1780278360367169996,clock_gettime,node,170295,1,1
1780278360367170753,read,node,170295,1,1
1780278360367171748,read,node,170295,1,1
1780278360367331396,clock_gettime,node,170295,1,1
1780278360367332819,clock_gettime,node,170295,1,1
1780278360367334053,clock_gettime,node,170295,1,1
1780278360367334769,clock_gettime,node,170295,1,1
1780278360367335635,epoll_wait,node,170295,1,1
1780278360367347297,switch,node,170295,1,1
1780278370373299041,epoll_wait,node,170295,1,1
1780278370373314633,clock_gettime,node,170295,1,1
1780278370373318824,clock_gettime,node,170295,1,1
1780278370373321928,clock_gettime,node,170295,1,1
1780278370373322674,clock_gettime,node,170295,1,1
1780278370373381174,getrusage,node,170295,1,1
1780278370373390945,getrusage,node,170295,1,1
1780278370373478839,futex,node,170295,1,1
1780278370373496701,futex,node,170295,1,1
1780278370373505995,futex,node,170295,1,1
1780278370373514602,futex,node,170295,1,1
1780278370373516931,switch,node,170295,1,1
1780278370373519359,futex,node,170304,1,1
1780278370373531310,futex,node,170304,1,1
1780278370373536504,switch,node,170304,1,1
1780278370373538405,futex,node,170295,1,1
1780278370373541340,futex,node,170295,1,1
1780278370373542594,switch,node,170295,1,1
1780278370373543818,futex,node,170304,1,1
1780278370373556385,open,node,170304,1,1
1780278370373599110,futex,node,170303,0,1
1780278370373611947,open,node,170303,0,1
1780278370373660138,open,node,170303,0,1
1780278370373660138,open,node,170304,1,1
1780278370373662954,fcntl,node,170303,0,1
1780278370373662954,fcntl,node,170304,1,1
1780278370373667471,fcntl,node,170304,1,1
1780278370373667471,fcntl,node,170303,0,1
1780278370373667694,write,node,170304,1,1
1780278370373671591,getdents64,node,170303,0,1
1780278370373673992,write,node,170304,1,1
1780278370373676808,futex,node,170304,1,1
1780278370373680171,switch,node,170304,1,1
1780278370373686381,clock_gettime,node,170295,1,1
1780278370373687654,clock_gettime,node,170295,1,1
1780278370373692408,getdents64,node,170303,0,1
1780278370373700299,getdents64,node,170303,0,1
1780278370373701294,getdents64,node,170303,0,1
1780278370373702975,close,node,170303,0,1
1780278370373707015,close,node,170303,0,1
1780278370373719463,futex,node,170303,0,1
1780278370373748251,switch,node,170303,0,1
1780278370373754623,open,node,170295,1,1
1780278370373769369,open,node,170295,1,1
1780278370373771519,read,node,170295,1,1
1780278370373792979,read,node,170295,1,1
1780278370373793609,close,node,170295,1,1
1780278370373797208,close,node,170295,1,1
1780278370373850666,clock_gettime,node,170295,1,1
1780278370373851980,clock_gettime,node,170295,1,1
1780278370373853941,epoll_wait,node,170295,1,1
1780278370373857075,epoll_wait,node,170295,1,1
1780278370373858011,clock_gettime,node,170295,1,1
1780278370373858767,clock_gettime,node,170295,1,1
1780278370373859881,read,node,170295,1,1
1780278370373861752,read,node,170295,1,1
1780278370373874190,futex,node,170295,1,1
1780278370373880120,futex,node,170295,1,1
1780278370373881712,switch,node,170295,1,1
1780278370373883812,futex,node,170302,1,1
1780278370373895107,futex,node,170302,1,1
1780278370373898072,switch,node,170302,1,1
1780278370373900062,futex,node,170295,1,1
1780278370373902381,futex,node,170295,1,1
1780278370373903346,switch,node,170295,1,1
1780278370373904540,futex,node,170302,1,1
1780278370373906470,fstat,node,170302,1,1
1780278370373911774,fstat,node,170302,1,1
1780278370373912789,write,node,170302,1,1
1780278370373914271,write,node,170302,1,1
1780278370373915615,futex,node,170302,1,1
1780278370373917794,switch,node,170302,1,1
1780278370373957208,clock_gettime,node,170295,1,1
1780278370373958273,clock_gettime,node,170295,1,1
1780278370373979137,clock_gettime,node,170295,1,1
1780278370373979137,clock_gettime,node,170295,1,1
1780278370373979230,clock_gettime,node,170295,1,1
1780278370373981853,clock_gettime,node,170295,1,1
1780278370373981853,epoll_wait,node,170295,1,1
1780278370373984331,epoll_wait,node,170295,1,1
1780278370373985694,read,node,170295,1,1
1780278370373985694,clock_gettime,node,170295,1,1
1780278370373985694,clock_gettime,node,170295,1,1
1780278370373988112,read,node,170295,1,1
1780278370374039252,futex,node,170295,1,1
1780278370374044227,futex,node,170295,1,1
1780278370374045670,switch,node,170295,1,1
1780278370374047700,futex,node,170301,1,1
1780278370374058775,futex,node,170301,1,1
1780278370374061323,switch,node,170301,1,1
1780278370374063333,futex,node,170295,1,1
1780278370374065651,futex,node,170295,1,1
1780278370374066586,switch,node,170295,1,1
1780278370374067721,futex,node,170301,1,1
1780278370374069492,read,node,170301,1,1
1780278370374105723,read,node,170301,1,1
1780278370374107713,write,node,170301,1,1
1780278370374109573,write,node,170301,1,1
1780278370374110996,futex,node,170301,1,1
1780278370374113155,switch,node,170301,1,1
1780278370374117812,clock_gettime,node,170295,1,1
1780278370374118787,clock_gettime,node,170295,1,1
1780278370374119812,clock_gettime,node,170295,1,1
1780278370374120519,clock_gettime,node,170295,1,1
1780278370374121375,epoll_wait,node,170295,1,1
1780278370374122817,epoll_wait,node,170295,1,1
1780278370374123593,clock_gettime,node,170295,1,1
1780278370374124290,clock_gettime,node,170295,1,1
1780278370374124987,read,node,170295,1,1
1780278370374126220,read,node,170295,1,1
1780278370374152481,futex,node,170295,1,1
1780278370374155406,futex,node,170295,1,1
1780278370374156550,switch,node,170295,1,1
1780278370374157854,futex,node,170304,1,1
1780278370374167844,futex,node,170304,1,1
1780278370374169973,switch,node,170304,1,1
1780278370374171735,futex,node,170295,1,1
1780278370374173914,futex,node,170295,1,1
1780278370374174839,switch,node,170295,1,1
1780278370374176033,futex,node,170304,1,1
1780278370374177546,read,node,170304,1,1
1780278370374179078,read,node,170304,1,1
1780278370374180153,write,node,170304,1,1
1780278370374181258,write,node,170304,1,1
1780278370374182462,futex,node,170304,1,1
1780278370374184502,switch,node,170304,1,1
1780278370374187935,clock_gettime,node,170295,1,1
1780278370374188801,clock_gettime,node,170295,1,1
1780278370374189706,clock_gettime,node,170295,1,1
1780278370374190403,clock_gettime,node,170295,1,1
1780278370374191229,epoll_wait,node,170295,1,1
1780278370374192433,epoll_wait,node,170295,1,1
1780278370374193199,clock_gettime,node,170295,1,1
1780278370374193895,clock_gettime,node,170295,1,1
1780278370374194612,read,node,170295,1,1
1780278370374195796,read,node,170295,1,1
1780278370374201199,futex,node,170295,1,1
1780278370374212114,futex,node,170295,1,1
1780278370374214682,clock_gettime,node,170295,1,1
1780278370374215547,clock_gettime,node,170295,1,1
1780278370374216423,clock_gettime,node,170295,1,1
1780278370374217130,clock_gettime,node,170295,1,1
1780278370374217906,epoll_wait,node,170295,1,1
1780278370374231280,switch,node,170295,1,1
1780278370374295019,futex,node,170303,0,1
1780278370374302064,close,node,170303,0,1
1780278370374306344,close,node,170303,0,1
1780278370374314115,write,node,170303,0,1
1780278370374332931,write,node,170303,0,1
1780278370374335598,futex,node,170303,0,1
1780278370374341767,switch,node,170303,0,1
1780278370374367209,epoll_wait,node,170295,1,1
1780278370374368622,clock_gettime,node,170295,1,1
1780278370374369487,clock_gettime,node,170295,1,1
1780278370374370363,read,node,170295,1,1
1780278370374371925,read,node,170295,1,1
1780278370374724458,clock_gettime,node,170295,1,1
1780278370374727831,clock_gettime,node,170295,1,1
1780278370374810292,clock_gettime,node,170295,1,1
1780278370374811287,clock_gettime,node,170295,1,1
1780278370374813875,futex,node,170295,1,1
1780278370374822800,futex,node,170295,1,1
1780278370374824850,switch,node,170295,1,1
1780278370374827049,futex,V8 WorkerThread,170298,1,1
1780278370374838213,futex,V8 WorkerThread,170298,1,1
1780278370374842652,switch,V8 WorkerThread,170298,1,1
1780278370374844513,futex,node,170295,1,1
1780278370374846831,futex,node,170295,1,1
1780278370374847896,switch,node,170295,1,1
1780278370374849070,futex,V8 WorkerThread,170298,1,1
1780278370374850991,clock_gettime,V8 WorkerThread,170298,1,1
1780278370374851826,clock_gettime,V8 WorkerThread,170298,1,1
1780278370375235066,clock_gettime,V8 WorkerThread,170298,1,1
1780278370375236320,clock_gettime,V8 WorkerThread,170298,1,1
1780278370375239255,futex,V8 WorkerThread,170298,1,1
1780278370375242857,switch,V8 WorkerThread,170298,1,1
1780278370375249186,clock_gettime,node,170295,1,1
1780278370375250081,clock_gettime,node,170295,1,1
1780278370375341877,clock_gettime,node,170295,1,1
1780278370375342942,clock_gettime,node,170295,1,1
1780278370375347569,madvise,node,170295,1,1
1780278370375380675,madvise,node,170295,1,1
1780278370375444568,clock_gettime,node,170295,1,1
1780278370375446190,clock_gettime,node,170295,1,1
1780278370375448090,clock_gettime,node,170295,1,1
1780278370375448797,clock_gettime,node,170295,1,1
1780278370375450110,epoll_wait,node,170295,1,1
1780278370375459594,switch,node,170295,1,1
1780278380379517468,epoll_wait,node,170295,1,1
1780278380379532135,clock_gettime,node,170295,1,1
1780278380379536355,clock_gettime,node,170295,1,1
1780278380379539838,clock_gettime,node,170295,1,1
1780278380379540803,clock_gettime,node,170295,1,1
1780278380379601780,getrusage,node,170295,1,1
1780278380379612716,getrusage,node,170295,1,1
1780278380379700810,futex,node,170295,1,1
1780278380379709089,futex,node,170295,1,1
1780278380379711467,switch,node,170295,1,1
1780278380379713934,futex,node,170302,1,1
1780278380379740145,futex,node,170302,1,1
1780278380379745444,switch,node,170302,1,1
1780278380379747628,futex,node,170295,1,1
1780278380379750543,futex,node,170295,1,1
1780278380379751807,switch,node,170295,1,1
1780278380379753031,futex,node,170302,1,1
1780278380379764708,open,node,170302,1,1
1780278380379818864,open,node,170302,1,1
1780278380379821371,fcntl,node,170302,1,1
1780278380379825133,fcntl,node,170302,1,1
1780278380379827114,write,node,170302,1,1
1780278380379833074,write,node,170302,1,1
1780278380379835412,futex,node,170302,1,1
1780278380379838537,switch,node,170302,1,1
1780278380379850646,futex,node,170295,1,1
1780278380379854617,futex,node,170295,1,1
1780278380379855651,switch,node,170295,1,1
1780278380379857323,futex,node,170301,1,1
1780278380379868011,futex,node,170301,1,1
1780278380379870653,switch,node,170301,1,1
1780278380379872504,futex,node,170295,1,1
1780278380379874902,futex,node,170295,1,1
1780278380379875832,switch,node,170295,1,1
1780278380379877056,futex,node,170301,1,1
1780278380379879902,open,node,170301,1,1
1780278380379891693,open,node,170301,1,1
1780278380379893255,fcntl,node,170301,1,1
1780278380379894539,fcntl,node,170301,1,1
1780278380379897315,getdents64,node,170301,1,1
1780278380379917147,getdents64,node,170301,1,1
1780278380379923963,getdents64,node,170301,1,1
1780278380379924958,getdents64,node,170301,1,1
1780278380379927098,close,node,170301,1,1
1780278380379931167,close,node,170301,1,1
1780278380379942680,futex,node,170301,1,1
1780278380379945965,switch,node,170301,1,1
1780278380379951656,clock_gettime,node,170295,1,1
1780278380379953119,clock_gettime,node,170295,1,1
1780278380380046247,open,node,170295,1,1
1780278380380058516,open,node,170295,1,1
1780278380380060516,read,node,170295,1,1
1780278380380079821,read,node,170295,1,1
1780278380380081900,close,node,170295,1,1
1780278380380083373,close,node,170295,1,1
1780278380380138360,clock_gettime,node,170295,1,1
1780278380380139654,clock_gettime,node,170295,1,1
1780278380380141405,epoll_wait,node,170295,1,1
1780278380380144539,epoll_wait,node,170295,1,1
1780278380380145385,clock_gettime,node,170295,1,1
1780278380380146131,clock_gettime,node,170295,1,1
1780278380380147345,read,node,170295,1,1
1780278380380149276,read,node,170295,1,1
1780278380380160779,futex,node,170295,1,1
1780278380380166441,futex,node,170295,1,1
1780278380380167894,switch,node,170295,1,1
1780278380380169894,futex,node,170304,1,1
1780278380380180820,futex,node,170304,1,1
1780278380380183815,switch,node,170304,1,1
1780278380380185775,futex,node,170295,1,1
1780278380380188083,futex,node,170295,1,1
1780278380380189039,switch,node,170295,1,1
1780278380380190193,futex,node,170304,1,1
1780278380380192093,fstat,node,170304,1,1
1780278380380197219,fstat,node,170304,1,1
1780278380380198234,write,node,170304,1,1
1780278380380199677,write,node,170304,1,1
1780278380380201159,futex,node,170304,1,1
1780278380380203269,switch,node,170304,1,1
1780278380380242246,clock_gettime,node,170295,1,1
1780278380380243350,clock_gettime,node,170295,1,1
1780278380380262077,clock_gettime,node,170295,1,1
1780278380380263022,clock_gettime,node,170295,1,1
1780278380380264196,clock_gettime,node,170295,1,1
1780278380380264903,clock_gettime,node,170295,1,1
1780278380380265848,epoll_wait,node,170295,1,1
1780278380380267520,epoll_wait,node,170295,1,1
1780278380380268256,clock_gettime,node,170295,1,1
1780278380380268992,clock_gettime,node,170295,1,1
1780278380380269918,read,node,170295,1,1
1780278380380271480,read,node,170295,1,1
1780278380380307292,futex,node,170295,1,1
1780278380380323453,futex,node,170295,1,1
1780278380380326667,clock_gettime,node,170295,1,1
1780278380380327572,clock_gettime,node,170295,1,1
1780278380380328518,clock_gettime,node,170295,1,1
1780278380380329204,clock_gettime,node,170295,1,1
1780278380380330000,epoll_wait,node,170295,1,1
1780278380380353006,switch,node,170295,1,1
1780278380380448127,futex,node,170303,0,1
1780278380380455819,read,node,170303,0,1
1780278380380495124,read,node,170303,0,1
1780278380380497492,write,node,170303,0,1
1780278380380510965,write,node,170303,0,1
1780278380380513025,futex,node,170303,0,1
1780278380380519234,switch,node,170303,0,1
1780278380380551072,epoll_wait,node,170295,1,1
1780278380380552844,clock_gettime,node,170295,1,1
1780278380380553878,clock_gettime,node,170295,1,1
1780278380380554794,read,node,170295,1,1
1780278380380556854,read,node,170295,1,1
1780278380380585970,futex,node,170295,1,1
1780278380380590587,futex,node,170295,1,1
1780278380380592029,switch,node,170295,1,1
1780278380380593572,futex,node,170302,1,1
1780278380380604159,futex,node,170302,1,1
1780278380380606915,switch,node,170302,1,1
1780278380380608857,futex,node,170295,1,1
1780278380380611225,futex,node,170295,1,1
1780278380380612180,switch,node,170295,1,1
1780278380380613394,futex,node,170302,1,1
1780278380380615066,read,node,170302,1,1
1780278380380616887,read,node,170302,1,1
1780278380380618081,write,node,170302,1,1
1780278380380619504,write,node,170302,1,1
1780278380380620877,futex,node,170302,1,1
1780278380380622986,switch,node,170302,1,1
1780278380380626877,clock_gettime,node,170295,1,1
1780278380380627802,clock_gettime,node,170295,1,1
1780278380380628947,clock_gettime,node,170295,1,1
1780278380380629653,clock_gettime,node,170295,1,1
1780278380380630648,epoll_wait,node,170295,1,1
1780278380380631981,epoll_wait,node,170295,1,1
1780278380380632698,clock_gettime,node,170295,1,1
1780278380380633414,clock_gettime,node,170295,1,1
1780278380380634121,read,node,170295,1,1
1780278380380635275,read,node,170295,1,1
1780278380380641066,futex,node,170295,1,1
1780278380380643703,futex,node,170295,1,1
1780278380380644668,switch,node,170295,1,1
1780278380380645932,futex,node,170301,1,1
1780278380380657286,futex,node,170301,1,1
1780278380380659784,switch,node,170301,1,1
1780278380380661844,futex,node,170295,1,1
1780278380380664779,futex,node,170295,1,1
1780278380380665983,switch,node,170295,1,1
1780278380380667446,futex,node,170301,1,1
1780278380380669525,close,node,170301,1,1
1780278380380675874,close,node,170301,1,1
1780278380380688630,write,node,170301,1,1
1780278380380690373,write,node,170301,1,1
1780278380380691955,futex,node,170301,1,1
1780278380380694820,switch,node,170301,1,1
1780278380380699437,clock_gettime,node,170295,1,1
1780278380380700592,clock_gettime,node,170295,1,1
1780278380380701716,clock_gettime,node,170295,1,1
1780278380380702661,clock_gettime,node,170295,1,1
1780278380380703686,epoll_wait,node,170295,1,1
1780278380380705487,epoll_wait,node,170295,1,1
1780278380380706472,clock_gettime,node,170295,1,1
1780278380380707418,clock_gettime,node,170295,1,1
1780278380380708403,read,node,170295,1,1
1780278380380709925,read,node,170295,1,1
1780278380380914998,clock_gettime,node,170295,1,1
1780278380380918242,clock_gettime,node,170295,1,1
1780278380380920113,clock_gettime,node,170295,1,1
1780278380380920889,clock_gettime,node,170295,1,1
1780278380380922232,epoll_wait,node,170295,1,1
1780278380380944522,switch,node,170295,1,1
1780278390386666478,epoll_wait,node,170295,1,1
1780278390386682140,clock_gettime,node,170295,1,1
1780278390386686050,clock_gettime,node,170295,1,1
1780278390386689285,clock_gettime,node,170295,1,1
1780278390386690001,clock_gettime,node,170295,1,1
1780278390386759735,getrusage,node,170295,1,1
1780278390386769755,getrusage,node,170295,1,1
1780278390386857770,futex,node,170295,1,1
1780278390386866118,futex,node,170295,1,1
1780278390386868835,switch,node,170295,1,1
1780278390386871352,futex,node,170304,1,1
1780278390386883243,futex,node,170304,1,1
1780278390386888298,switch,node,170304,1,1
1780278390386890417,futex,node,170295,1,1
1780278390386893024,futex,node,170295,1,1
1780278390386894288,switch,node,170295,1,1
1780278390386895483,futex,node,170304,1,1
1780278390386907831,open,node,170304,1,1
1780278390386966560,open,node,170304,1,1
1780278390386969415,fcntl,node,170304,1,1
1780278390386973644,fcntl,node,170304,1,1
1780278390386975774,write,node,170304,1,1
1780278390386981944,write,node,170304,1,1
1780278390386984183,futex,node,170304,1,1
1780278390386987108,switch,node,170304,1,1
1780278390386999467,futex,node,170295,1,1
1780278390387014432,futex,node,170295,1,1
1780278390387018801,clock_gettime,node,170295,1,1
1780278390387020015,clock_gettime,node,170295,1,1
1780278390387087072,open,node,170295,1,1
1780278390387102661,open,node,170295,1,1
1780278390387103173,read,node,170295,1,1
1780278390387123731,read,node,170295,1,1
1780278390387127318,close,node,170295,1,1
1780278390387127318,futex,node,170303,0,1
1780278390387130049,close,node,170295,1,1
1780278390387139398,open,node,170303,0,1
1780278390387171977,open,node,170303,0,1
1780278390387174206,fcntl,node,170303,0,1
1780278390387176773,fcntl,node,170303,0,1
1780278390387180853,getdents64,node,170303,0,1
1780278390387186202,clock_gettime,node,170295,1,1
1780278390387187505,clock_gettime,node,170295,1,1
1780278390387189425,epoll_wait,node,170295,1,1
1780278390387192331,epoll_wait,node,170295,1,1
1780278390387193197,clock_gettime,node,170295,1,1
1780278390387193923,clock_gettime,node,170295,1,1
1780278390387195107,read,node,170295,1,1
1780278390387199759,getdents64,node,170303,0,1
1780278390387199759,read,node,170295,1,1
1780278390387206446,getdents64,node,170303,0,1
1780278390387207541,getdents64,node,170303,0,1
1780278390387208894,close,node,170303,0,1
1780278390387211939,futex,node,170295,1,1
1780278390387211939,close,node,170303,0,1
1780278390387214690,futex,node,170295,1,1
1780278390387216431,switch,node,170295,1,1
1780278390387218411,futex,node,170302,1,1
1780278390387222755,write,node,170303,0,1
1780278390387225940,write,node,170303,0,1
1780278390387229288,futex,node,170302,1,1
1780278390387232557,futex,node,170303,0,1
1780278390387234925,switch,node,170302,1,1
1780278390387234925,futex,node,170295,1,1
1780278390387239174,futex,node,170295,1,1
1780278390387240169,switch,node,170295,1,1
1780278390387241373,futex,node,170302,1,1
1780278390387242617,futex,node,170302,1,1
1780278390387248313,futex,node,170302,1,1
1780278390387249706,fstat,node,170302,1,1
1780278390387257821,fstat,node,170302,1,1
1780278390387259373,futex,node,170302,1,1
1780278390387259373,futex,node,170302,1,1
1780278390387260796,futex,node,170302,1,1
1780278390387260796,switch,node,170302,1,1
1780278390387276529,switch,node,170303,0,1
1780278390387276529,clock_gettime,node,170295,1,1
1780278390387277160,clock_gettime,node,170295,1,1
1780278390387300579,clock_gettime,node,170295,1,1
1780278390387300579,clock_gettime,node,170295,1,1
1780278390387300579,clock_gettime,node,170295,1,1
1780278390387303694,clock_gettime,node,170295,1,1
1780278390387304609,epoll_wait,node,170295,1,1
1780278390387305773,epoll_wait,node,170295,1,1
1780278390387305773,clock_gettime,node,170295,1,1
1780278390387305773,clock_gettime,node,170295,1,1
1780278390387308381,read,node,170295,1,1
1780278390387309386,read,node,170295,1,1
1780278390387318531,futex,node,170303,0,1
1780278390387321983,futex,node,170303,0,1
1780278390387328730,switch,node,170303,0,1
1780278390387366597,futex,node,170295,1,1
1780278390387372149,futex,node,170295,1,1
1780278390387373502,switch,node,170295,1,1
1780278390387375353,futex,node,170301,1,1
1780278390387386030,futex,node,170301,1,1
1780278390387389632,switch,node,170301,1,1
1780278390387392180,futex,node,170295,1,1
1780278390387394668,futex,node,170295,1,1
1780278390387395633,switch,node,170295,1,1
1780278390387396778,futex,node,170301,1,1
1780278390387398588,read,node,170301,1,1
1780278390387426718,read,node,170301,1,1
1780278390387428410,write,node,170301,1,1
1780278390387430131,write,node,170301,1,1
1780278390387431455,futex,node,170301,1,1
1780278390387433814,switch,node,170301,1,1
1780278390387437824,clock_gettime,node,170295,1,1
1780278390387438909,clock_gettime,node,170295,1,1
1780278390387440003,clock_gettime,node,170295,1,1
1780278390387440759,clock_gettime,node,170295,1,1
1780278390387441675,epoll_wait,node,170295,1,1
1780278390387443317,epoll_wait,node,170295,1,1
1780278390387444033,clock_gettime,node,170295,1,1
1780278390387444789,clock_gettime,node,170295,1,1
1780278390387445516,read,node,170295,1,1
1780278390387446769,read,node,170295,1,1
1780278390387469626,futex,node,170295,1,1
1780278390387473756,futex,node,170295,1,1
1780278390387475239,switch,node,170295,1,1
1780278390387476821,futex,node,170304,1,1
1780278390387487050,futex,node,170304,1,1
1780278390387489707,switch,node,170304,1,1
1780278390387491438,futex,node,170295,1,1
1780278390387494393,futex,node,170295,1,1
1780278390387495348,switch,node,170295,1,1
1780278390387496513,futex,node,170304,1,1
1780278390387497926,read,node,170304,1,1
1780278390387499368,read,node,170304,1,1
1780278390387500473,write,node,170304,1,1
1780278390387501587,write,node,170304,1,1
1780278390387502662,futex,node,170304,1,1
1780278390387504891,switch,node,170304,1,1
1780278390387508533,clock_gettime,node,170295,1,1
1780278390387509458,clock_gettime,node,170295,1,1
1780278390387510364,clock_gettime,node,170295,1,1
1780278390387511050,clock_gettime,node,170295,1,1
1780278390387511916,epoll_wait,node,170295,1,1
1780278390387513070,epoll_wait,node,170295,1,1
1780278390387513806,clock_gettime,node,170295,1,1
1780278390387514493,clock_gettime,node,170295,1,1
1780278390387515201,read,node,170295,1,1
1780278390387516315,read,node,170295,1,1
1780278390387521648,futex,node,170295,1,1
1780278390387524255,futex,node,170295,1,1
1780278390387525221,switch,node,170295,1,1
1780278390387526484,futex,node,170302,1,1
1780278390387536564,futex,node,170302,1,1
1780278390387538614,switch,node,170302,1,1
1780278390387540335,futex,node,170295,1,1
1780278390387542534,futex,node,170295,1,1
1780278390387543460,switch,node,170295,1,1
1780278390387544604,futex,node,170302,1,1
1780278390387546097,close,node,170302,1,1
1780278390387548415,close,node,170302,1,1
1780278390387552654,write,node,170302,1,1
1780278390387553828,write,node,170302,1,1
1780278390387554923,futex,node,170302,1,1
1780278390387557083,switch,node,170302,1,1
1780278390387560645,clock_gettime,node,170295,1,1
1780278390387561541,clock_gettime,node,170295,1,1
1780278390387562436,clock_gettime,node,170295,1,1
1780278390387563133,clock_gettime,node,170295,1,1
1780278390387563909,epoll_wait,node,170295,1,1
1780278390387565083,epoll_wait,node,170295,1,1
1780278390387565809,clock_gettime,node,170295,1,1
1780278390387566506,clock_gettime,node,170295,1,1
1780278390387567222,read,node,170295,1,1
1780278390387568337,read,node,170295,1,1
1780278390387716472,clock_gettime,node,170295,1,1
1780278390387717865,clock_gettime,node,170295,1,1
1780278390387719039,clock_gettime,node,170295,1,1
1780278390387719746,clock_gettime,node,170295,1,1
1780278390387720671,epoll_wait,node,170295,1,1
1780278390387744533,switch,node,170295,1,1
1780278400393622848,epoll_wait,node,170295,0,1
1780278400393632700,clock_gettime,node,170295,0,1
1780278400393633715,clock_gettime,node,170295,0,1
1780278400393636481,clock_gettime,node,170295,0,1
1780278400393637227,clock_gettime,node,170295,0,1
1780278400393700911,getrusage,node,170295,0,1
1780278400393709837,getrusage,node,170295,0,1
1780278400393797820,futex,node,170295,0,1
1780278400393803414,futex,node,170295,0,1
1780278400393805404,switch,node,170295,0,1
1780278400393807394,futex,node,170303,0,1
1780278400393818459,futex,node,170303,0,1
1780278400393822588,switch,node,170303,0,1
1780278400393825145,futex,node,170295,0,1
1780278400393827653,futex,node,170295,0,1
1780278400393828897,switch,node,170295,0,1
1780278400393830121,futex,node,170303,0,1
1780278400393841216,open,node,170303,0,1
1780278400393895358,open,node,170303,0,1
1780278400393898044,fcntl,node,170303,0,1
1780278400393901925,fcntl,node,170303,0,1
1780278400393903975,write,node,170303,0,1
1780278400393909358,write,node,170303,0,1
1780278400393911507,futex,node,170303,0,1
1780278400393914154,switch,node,170303,0,1
1780278400393926205,futex,node,170295,0,1
1780278400393936683,futex,node,170295,0,1
1780278400393941180,clock_gettime,node,170295,0,1
1780278400393942354,clock_gettime,node,170295,0,1
1780278400394009830,open,node,170295,0,1
1780278400394024000,open,node,170295,0,1
1780278400394026069,read,node,170295,0,1
1780278400394045672,read,node,170295,0,1
1780278400394048867,close,node,170295,0,1
1780278400394052548,close,node,170295,0,1
1780278400394108023,clock_gettime,node,170295,0,1
1780278400394109307,clock_gettime,node,170295,0,1
1780278400394111287,epoll_wait,node,170295,0,1
1780278400394113138,epoll_wait,node,170295,0,1
1780278400394113924,clock_gettime,node,170295,0,1
1780278400394114650,clock_gettime,node,170295,0,1
1780278400394115824,read,node,170295,0,1
1780278400394117655,read,node,170295,0,1
1780278400394128920,futex,node,170295,0,1
1780278400394137975,futex,node,170295,0,1
1780278400394152473,clock_gettime,node,170295,0,1
1780278400394153398,clock_gettime,node,170295,0,1
1780278400394172773,clock_gettime,node,170295,0,1
1780278400394173827,clock_gettime,node,170295,0,1
1780278400394174962,clock_gettime,node,170295,0,1
1780278400394175678,clock_gettime,node,170295,0,1
1780278400394176643,epoll_wait,node,170295,0,1
1780278400394187041,switch,node,170295,0,1
1780278400394239869,futex,node,170301,0,1
1780278400394246367,open,node,170301,0,1
1780278400394261552,open,node,170301,0,1
1780278400394263174,fcntl,node,170301,0,1
1780278400394265274,fcntl,node,170301,0,1
1780278400394268677,getdents64,node,170301,0,1
1780278400394288717,getdents64,node,170301,0,1
1780278400394294798,getdents64,node,170301,0,1
1780278400394295852,getdents64,node,170301,0,1
1780278400394296967,close,node,170301,0,1
1780278400394299236,close,node,170301,0,1
1780278400394309106,write,node,170301,0,1
1780278400394314291,write,node,170301,0,1
1780278400394316549,fstat,node,170301,0,1
1780278400394321355,fstat,node,170301,0,1
1780278400394322569,futex,node,170301,0,1
1780278400394326072,switch,node,170301,0,1
1780278400394328729,epoll_wait,node,170295,0,1
1780278400394330629,clock_gettime,node,170295,0,1
1780278400394331545,clock_gettime,node,170295,0,1
1780278400394332430,read,node,170295,0,1
1780278400394333903,read,node,170295,0,1
1780278400394416095,futex,node,170295,0,1
1780278400394425509,futex,node,170295,0,1
1780278400394429072,clock_gettime,node,170295,0,1
1780278400394430087,clock_gettime,node,170295,0,1
1780278400394431539,clock_gettime,node,170295,0,1
1780278400394432246,clock_gettime,node,170295,0,1
1780278400394433181,epoll_wait,node,170295,0,1
1780278400394448316,switch,node,170295,0,1
1780278400394450336,futex,node,170304,0,1
1780278400394453162,read,node,170304,0,1
1780278400394482676,read,node,170304,0,1
1780278400394484327,write,node,170304,0,1
1780278400394487800,write,node,170304,0,1
1780278400394489084,futex,node,170304,0,1
1780278400394492268,switch,node,170304,0,1
1780278400394494029,epoll_wait,node,170295,0,1
1780278400394495183,clock_gettime,node,170295,0,1
1780278400394495979,clock_gettime,node,170295,0,1
1780278400394496765,read,node,170295,0,1
1780278400394497999,read,node,170295,0,1
1780278400394522429,futex,node,170295,0,1
1780278400394525812,futex,node,170295,0,1
1780278400394527225,switch,node,170295,0,1
1780278400394528697,futex,node,170303,0,1
1780278400394534642,futex,node,170302,1,1
1780278400394538926,futex,node,170302,1,1
1780278400394538926,futex,node,170303,0,1
1780278400394541464,switch,node,170303,0,1
1780278400394543286,futex,node,170295,0,1
1780278400394545773,futex,node,170295,0,1
1780278400394546908,switch,node,170295,0,1
1780278400394548102,futex,node,170303,0,1
1780278400394549594,futex,node,170303,0,1
1780278400394550504,switch,node,170302,1,1
1780278400394556381,futex,node,170303,0,1
1780278400394557346,read,node,170303,0,1
1780278400394558888,read,node,170303,0,1
1780278400394559953,write,node,170303,0,1
1780278400394561226,write,node,170303,0,1
1780278400394562321,futex,node,170303,0,1
1780278400394563027,futex,node,170303,0,1
1780278400394563833,futex,node,170303,0,1
1780278400394566022,switch,node,170303,0,1
1780278400394569863,clock_gettime,node,170295,0,1
1780278400394570769,clock_gettime,node,170295,0,1
1780278400394571754,clock_gettime,node,170295,0,1
1780278400394572460,clock_gettime,node,170295,0,1
1780278400394573346,epoll_wait,node,170295,0,1
1780278400394574560,epoll_wait,node,170295,0,1
1780278400394575306,clock_gettime,node,170295,0,1
1780278400394576053,clock_gettime,node,170295,0,1
1780278400394576789,read,node,170295,0,1
1780278400394577963,read,node,170295,0,1
1780278400394584243,futex,node,170295,0,1
1780278400394586999,futex,node,170295,0,1
1780278400394588004,switch,node,170295,0,1
1780278400394589268,futex,node,170301,0,1
1780278400394590561,futex,node,170301,0,1
1780278400394592631,switch,node,170301,0,1
1780278400394594342,futex,node,170295,0,1
1780278400394595168,futex,node,170302,1,1
1780278400394596760,futex,node,170295,0,1
1780278400394597517,futex,node,170302,1,1
1780278400394597686,futex,node,170302,1,1
1780278400394597686,switch,node,170295,0,1
1780278400394599059,futex,node,170301,0,1
1780278400394600671,futex,node,170301,0,1
1780278400394600671,close,node,170302,1,1
1780278400394602741,switch,node,170301,0,1
1780278400394604218,close,node,170302,1,1
1780278400394606044,clock_gettime,node,170295,0,1
1780278400394606930,clock_gettime,node,170295,0,1
1780278400394607825,clock_gettime,node,170295,0,1
1780278400394608522,clock_gettime,node,170295,0,1
1780278400394609278,epoll_wait,node,170295,0,1
1780278400394615447,write,node,170302,1,1
1780278400394616731,switch,node,170295,0,1
1780278400394623412,write,node,170302,1,1
1780278400394625423,futex,node,170302,1,1
1780278400394628941,switch,node,170302,1,1
1780278400394635389,epoll_wait,node,170295,0,1
1780278400394636414,clock_gettime,node,170295,0,1
1780278400394637200,clock_gettime,node,170295,0,1
1780278400394637966,read,node,170295,0,1
1780278400394639110,read,node,170295,0,1
1780278400394798968,clock_gettime,node,170295,0,1
1780278400394800311,clock_gettime,node,170295,0,1
1780278400394801575,clock_gettime,node,170295,0,1
1780278400394802291,clock_gettime,node,170295,0,1
1780278400394803326,epoll_wait,node,170295,0,1
1780278400394807744,switch,node,170295,0,1
1780278410402631560,epoll_wait,node,170295,0,1
1780278410402642475,clock_gettime,node,170295,0,1
1780278410402645341,clock_gettime,node,170295,0,1
1780278410402647252,clock_gettime,node,170295,0,1
1780278410402647590,clock_gettime,node,170295,0,1
1780278410402688129,getrusage,node,170295,0,1
1780278410402695333,getrusage,node,170295,0,1
1780278410402755495,futex,node,170295,0,1
1780278410402761386,futex,node,170295,0,1
1780278410402762809,switch,node,170295,0,1
1780278410402764142,futex,node,170304,0,1
1780278410402769993,futex,node,170304,0,1
1780278410402773028,switch,node,170304,0,1
1780278410402774083,futex,node,170295,0,1
1780278410402775356,futex,node,170295,0,1
1780278410402775954,switch,node,170295,0,1
1780278410402776511,futex,node,170304,0,1
1780278410402784711,open,node,170304,0,1
1780278410402826454,open,node,170304,0,1
1780278410402827887,fcntl,node,170304,0,1
1780278410402830772,fcntl,node,170304,0,1
1780278410402831847,write,node,170304,0,1
1780278410402836365,write,node,170304,0,1
1780278410402837738,futex,node,170304,0,1
1780278410402839200,switch,node,170304,0,1
1780278410402845987,futex,node,170295,0,1
1780278410402847887,futex,node,170295,0,1
1780278410402848375,switch,node,170295,0,1
1780278410402849221,futex,node,170303,0,1
1780278410402854494,futex,node,170303,0,1
1780278410402856166,switch,node,170303,0,1
1780278410402857081,futex,node,170295,0,1
1780278410402858106,futex,node,170295,0,1
1780278410402858544,switch,node,170295,0,1
1780278410402859081,futex,node,170303,0,1
1780278410402860763,open,node,170303,0,1
1780278410402866217,open,node,170303,0,1
1780278410402866943,fcntl,node,170303,0,1
1780278410402867530,fcntl,node,170303,0,1
1780278410402869222,getdents64,node,170303,0,1
1780278410402883093,getdents64,node,170303,0,1
1780278410402886993,getdents64,node,170303,0,1
1780278410402887471,getdents64,node,170303,0,1
1780278410402888466,close,node,170303,0,1
1780278410402891272,close,node,170303,0,1
1780278410402897979,futex,node,170303,0,1
1780278410402899053,switch,node,170303,0,1
1780278410402901959,clock_gettime,node,170295,0,1
1780278410402902566,clock_gettime,node,170295,0,1
1780278410402944329,open,node,170295,0,1
1780278410402949832,open,node,170295,0,1
1780278410402950967,read,node,170295,0,1
1780278410402963096,read,node,170295,0,1
1780278410402964459,close,node,170295,0,1
1780278410402965066,close,node,170295,0,1
1780278410402997148,clock_gettime,node,170295,0,1
1780278410402997725,clock_gettime,node,170295,0,1
1780278410402998690,epoll_wait,node,170295,0,1
1780278410403000441,epoll_wait,node,170295,0,1
1780278410403000829,clock_gettime,node,170295,0,1
1780278410403001197,clock_gettime,node,170295,0,1
1780278410403001884,read,node,170295,0,1
1780278410403002859,read,node,170295,0,1
1780278410403009257,futex,node,170295,0,1
1780278410403011765,futex,node,170295,0,1
1780278410403012392,switch,node,170295,0,1
1780278410403013387,futex,node,170301,0,1
1780278410403018591,futex,node,170301,0,1
1780278410403020053,switch,node,170301,0,1
1780278410403021088,futex,node,170295,0,1
1780278410403022153,futex,node,170295,0,1
1780278410403022591,switch,node,170295,0,1
1780278410403023128,futex,node,170301,0,1
1780278410403024153,fstat,node,170301,0,1
1780278410403027078,fstat,node,170301,0,1
1780278410403027616,write,node,170301,0,1
1780278410403028332,write,node,170301,0,1
1780278410403028899,futex,node,170301,0,1
1780278410403029894,switch,node,170301,0,1
1780278410403050821,clock_gettime,node,170295,0,1
1780278410403051309,clock_gettime,node,170295,0,1
1780278410403062185,clock_gettime,node,170295,0,1
1780278410403062612,clock_gettime,node,170295,0,1
1780278410403063110,clock_gettime,node,170295,0,1
1780278410403063438,clock_gettime,node,170295,0,1
1780278410403063956,epoll_wait,node,170295,0,1
1780278410403064861,epoll_wait,node,170295,0,1
1780278410403065190,clock_gettime,node,170295,0,1
1780278410403065538,clock_gettime,node,170295,0,1
1780278410403065926,read,node,170295,0,1
1780278410403066642,read,node,170295,0,1
1780278410403090723,futex,node,170295,0,1
1780278410403100127,futex,node,170295,0,1
1780278410403101639,clock_gettime,node,170295,0,1
1780278410403102057,clock_gettime,node,170295,0,1
1780278410403102475,clock_gettime,node,170295,0,1
1780278410403102793,clock_gettime,node,170295,0,1
1780278410403103181,epoll_wait,node,170295,0,1
1780278410403108684,switch,node,170295,0,1
1780278410403161502,futex,node,170302,1,1
1780278410403165363,read,node,170302,1,1
1780278410403186149,read,node,170302,1,1
1780278410403187283,write,node,170302,1,1
1780278410403194438,write,node,170302,1,1
1780278410403195423,futex,node,170302,1,1
1780278410403205145,epoll_wait,node,170295,0,1
1780278410403207225,clock_gettime,node,170295,0,1
1780278410403208628,read,node,170295,0,1
1780278410403208628,clock_gettime,node,170295,0,1
1780278410403210280,read,node,170295,0,1
1780278410403215752,switch,node,170302,1,1
1780278410403243735,futex,node,170295,0,1
1780278410403247397,futex,node,170295,0,1
1780278410403248561,switch,node,170295,0,1
1780278410403249586,futex,node,170304,0,1
1780278410403254432,futex,node,170304,0,1
1780278410403256223,switch,node,170304,0,1
1780278410403257099,futex,node,170295,0,1
1780278410403258153,futex,node,170295,0,1
1780278410403258691,switch,node,170295,0,1
1780278410403259238,futex,node,170304,0,1
1780278410403260163,read,node,170304,0,1
1780278410403261148,read,node,170304,0,1
1780278410403261745,write,node,170304,0,1
1780278410403262611,write,node,170304,0,1
1780278410403263676,futex,node,170304,0,1
1780278410403264701,switch,node,170304,0,1
1780278410403267596,clock_gettime,node,170295,0,1
1780278410403268074,clock_gettime,node,170295,0,1
1780278410403268959,clock_gettime,node,170295,0,1
1780278410403269338,clock_gettime,node,170295,0,1
1780278410403269865,epoll_wait,node,170295,0,1
1780278410403270681,epoll_wait,node,170295,0,1
1780278410403271009,clock_gettime,node,170295,0,1
1780278410403271338,clock_gettime,node,170295,0,1
1780278410403271656,read,node,170295,0,1
1780278410403272223,read,node,170295,0,1
1780278410403275835,futex,node,170295,0,1
1780278410403277019,futex,node,170295,0,1
1780278410403277507,switch,node,170295,0,1
1780278410403278174,futex,node,170303,0,1
1780278410403282821,futex,node,170303,0,1
1780278410403283836,switch,node,170303,0,1
1780278410403284692,futex,node,170295,0,1
1780278410403285687,futex,node,170295,0,1
1780278410403286095,switch,node,170295,0,1
1780278410403286613,futex,node,170303,0,1
1780278410403287468,close,node,170303,0,1
1780278410403288891,close,node,170303,0,1
1780278410403291608,write,node,170303,0,1
1780278410403292145,write,node,170303,0,1
1780278410403292643,futex,node,170303,0,1
1780278410403293638,switch,node,170303,0,1
1780278410403295329,clock_gettime,node,170295,0,1
1780278410403295737,clock_gettime,node,170295,0,1
1780278410403296145,clock_gettime,node,170295,0,1
1780278410403296473,clock_gettime,node,170295,0,1
1780278410403296822,epoll_wait,node,170295,0,1
1780278410403297339,epoll_wait,node,170295,0,1
1780278410403297667,clock_gettime,node,170295,0,1
1780278410403297986,clock_gettime,node,170295,0,1
1780278410403298314,read,node,170295,0,1
1780278410403298792,read,node,170295,0,1
1780278410403384676,clock_gettime,node,170295,0,1
1780278410403385333,clock_gettime,node,170295,0,1
1780278410403385860,clock_gettime,node,170295,0,1
1780278410403386188,clock_gettime,node,170295,0,1
1780278410403386656,epoll_wait,node,170295,0,1
1780278410403390218,switch,node,170295,0,1
1780278420404655616,epoll_wait,node,170295,0,1
1780278420404679448,clock_gettime,node,170295,0,1
1780278420404685508,clock_gettime,node,170295,0,1
1780278420404689747,clock_gettime,node,170295,0,1
1780278420404690464,clock_gettime,node,170295,0,1
1780278420404777472,getrusage,node,170295,0,1
1780278420404791841,getrusage,node,170295,0,1
1780278420404925269,futex,node,170295,0,1
1780278420404936604,futex,node,170295,0,1
1780278420404939668,switch,node,170295,0,1
1780278420404943828,futex,node,170301,0,1
1780278420404957768,futex,node,170301,0,1
1780278420404964116,switch,node,170301,0,1
1780278420404967032,futex,node,170295,0,1
1780278420404969848,futex,node,170295,0,1
1780278420404971092,switch,node,170295,0,1
1780278420404972456,futex,node,170301,0,1
1780278420404990377,open,node,170301,0,1
1780278420405076052,open,node,170301,0,1
1780278420405079733,fcntl,node,170301,0,1
1780278420405085574,fcntl,node,170301,0,1
1780278420405088370,write,node,170301,0,1
1780278420405097068,write,node,170301,0,1
1780278420405100093,futex,node,170301,0,1
1780278420405103934,switch,node,170301,0,1
1780278420405117745,futex,node,170295,0,1
1780278420405135089,futex,node,170295,0,1
1780278420405149428,clock_gettime,node,170295,0,1
1780278420405150642,clock_gettime,node,170295,0,1
1780278420405226078,open,node,170295,0,1
1780278420405238447,open,node,170295,0,1
1780278420405240785,read,node,170295,0,1
1780278420405258934,futex,node,170302,1,1
1780278420405261502,read,node,170295,0,1
1780278420405268587,close,node,170295,0,1
1780278420405271105,open,node,170302,1,1
1780278420405271105,close,node,170295,0,1
1780278420405304390,open,node,170302,1,1
1780278420405306639,fcntl,node,170302,1,1
1780278420405309226,fcntl,node,170302,1,1
1780278420405313295,getdents64,node,170302,1,1
1780278420405329515,clock_gettime,node,170295,0,1
1780278420405334171,clock_gettime,node,170295,0,1
1780278420405334171,epoll_wait,node,170295,0,1
1780278420405334171,getdents64,node,170302,1,1
1780278420405336023,epoll_wait,node,170295,0,1
1780278420405337008,clock_gettime,node,170295,0,1
1780278420405341764,getdents64,node,170302,1,1
1780278420405341764,clock_gettime,node,170295,0,1
1780278420405342828,getdents64,node,170302,1,1
1780278420405342828,read,node,170295,0,1
1780278420405344341,read,node,170295,0,1
1780278420405344341,close,node,170302,1,1
1780278420405347665,close,node,170302,1,1
1780278420405353566,futex,node,170295,0,1
1780278420405358720,write,node,170302,1,1
1780278420405361874,write,node,170302,1,1
1780278420405361874,futex,node,170295,0,1
1780278420405363059,switch,node,170295,0,1
1780278420405366512,futex,node,170304,0,1
1780278420405372541,futex,node,170304,0,1
1780278420405372541,futex,node,170302,1,1
1780278420405378193,switch,node,170304,0,1
1780278420405379288,futex,node,170295,0,1
1780278420405385029,futex,node,170295,0,1
1780278420405405130,clock_gettime,node,170295,0,1
1780278420405408055,clock_gettime,node,170295,0,1
1780278420405421837,switch,node,170302,1,1
1780278420405426245,clock_gettime,node,170295,0,1
1780278420405431301,clock_gettime,node,170295,0,1
1780278420405431301,epoll_wait,node,170295,0,1
1780278420405431301,clock_gettime,node,170295,0,1
1780278420405431301,clock_gettime,node,170295,0,1
1780278420405434972,clock_gettime,node,170295,0,1
1780278420405434972,clock_gettime,node,170295,0,1
1780278420405434972,read,node,170295,0,1
1780278420405434972,epoll_wait,node,170295,0,1
1780278420405436236,read,node,170295,0,1
1780278420405462973,futex,node,170302,1,1
1780278420405466018,futex,node,170302,1,1
1780278420405466018,clock_gettime,node,170295,0,1
1780278420405466018,clock_gettime,node,170295,0,1
1780278420405469490,clock_gettime,node,170295,0,1
1780278420405470715,clock_gettime,node,170295,0,1
1780278420405470715,epoll_wait,node,170295,0,1
1780278420405471929,futex,node,170302,1,1
1780278420405473800,fstat,node,170302,1,1
1780278420405479133,fstat,node,170302,1,1
1780278420405480397,write,node,170302,1,1
1780278420405490069,write,node,170302,1,1
1780278420405492049,futex,node,170302,1,1
1780278420405492815,futex,node,170302,1,1
1780278420405493601,futex,node,170302,1,1
1780278420405496357,switch,node,170302,1,1
1780278420405497920,futex,node,170304,1,1
1780278420405499800,futex,node,170304,1,1
1780278420405500586,switch,node,170295,0,1
1780278420405502895,switch,node,170304,1,1
1780278420405512419,epoll_wait,node,170295,0,1
1780278420405513553,clock_gettime,node,170295,0,1
1780278420405514449,clock_gettime,node,170295,0,1
1780278420405515334,read,node,170295,0,1
1780278420405516678,read,node,170295,0,1
1780278420405619912,futex,node,170295,0,1
1780278420405624164,futex,node,170295,0,1
1780278420405632758,switch,node,170295,0,1
1780278420405635136,futex,node,170303,0,1
1780278420405646172,futex,node,170303,0,1
1780278420405649725,switch,node,170303,0,1
1780278420405651864,futex,node,170295,0,1
1780278420405653088,futex,node,170295,0,1
1780278420405653088,read,node,170303,0,1
1780278420405653088,futex,node,170303,0,1
1780278420405653088,switch,node,170295,0,1
1780278420405686735,read,node,170303,0,1
1780278420405688705,write,node,170303,0,1
1780278420405690506,write,node,170303,0,1
1780278420405692058,futex,node,170303,0,1
1780278420405694566,switch,node,170303,0,1
1780278420405699959,clock_gettime,node,170295,0,1
1780278420405701163,clock_gettime,node,170295,0,1
1780278420405702327,clock_gettime,node,170295,0,1
1780278420405703133,clock_gettime,node,170295,0,1
1780278420405703959,epoll_wait,node,170295,0,1
1780278420405705571,epoll_wait,node,170295,0,1
1780278420405706327,clock_gettime,node,170295,0,1
1780278420405707123,clock_gettime,node,170295,0,1
1780278420405707909,read,node,170295,0,1
1780278420405709203,read,node,170295,0,1
1780278420405753881,futex,node,170295,0,1
1780278420405756866,futex,node,170295,0,1
1780278420405758030,switch,node,170295,0,1
1780278420405759414,futex,node,170301,0,1
1780278420405769853,futex,node,170301,0,1
1780278420405772141,switch,node,170301,0,1
1780278420405773882,futex,node,170295,0,1
1780278420405776101,futex,node,170295,0,1
1780278420405777027,switch,node,170295,0,1
1780278420405778181,futex,node,170301,0,1
1780278420405779594,read,node,170301,0,1
1780278420405781106,read,node,170301,0,1
1780278420405782340,write,node,170301,0,1
1780278420405783514,write,node,170301,0,1
1780278420405784669,futex,node,170301,0,1
1780278420405786718,switch,node,170301,0,1
1780278420405790370,clock_gettime,node,170295,0,1
1780278420405791286,clock_gettime,node,170295,0,1
1780278420405792201,clock_gettime,node,170295,0,1
1780278420405792898,clock_gettime,node,170295,0,1
1780278420405793694,epoll_wait,node,170295,0,1
1780278420405794878,epoll_wait,node,170295,0,1
1780278420405795604,clock_gettime,node,170295,0,1
1780278420405796321,clock_gettime,node,170295,0,1
1780278420405797047,read,node,170295,0,1
1780278420405798161,read,node,170295,0,1
1780278420405804541,futex,node,170295,0,1
1780278420405813407,futex,node,170295,0,1
1780278420405815755,clock_gettime,node,170295,0,1
1780278420405816581,clock_gettime,node,170295,0,1
1780278420405817466,clock_gettime,node,170295,0,1
1780278420405818163,clock_gettime,node,170295,0,1
1780278420405818929,epoll_wait,node,170295,0,1
1780278420405827466,switch,node,170295,0,1
1780278420406101789,futex,node,170302,1,1
1780278420406108327,close,node,170302,1,1
1780278420406112705,close,node,170302,1,1
1780278420406120526,write,node,170302,1,1
1780278420406135950,write,node,170302,1,1
1780278420406138408,futex,node,170302,1,1
1780278420406156846,switch,node,170302,1,1
1780278420406212136,epoll_wait,node,170295,0,1
1780278420406217699,clock_gettime,node,170295,0,1
1780278420406219808,clock_gettime,node,170295,0,1
1780278420406221888,read,node,170295,0,1
1780278420406225420,read,node,170295,0,1
1780278420406428981,clock_gettime,node,170295,0,1
1780278420406430653,clock_gettime,node,170295,0,1
1780278420406432882,clock_gettime,node,170295,0,1
1780278420406433638,clock_gettime,node,170295,0,1
1780278420406434812,epoll_wait,node,170295,0,1
1780278420406443658,switch,node,170295,0,1
1780278430413697421,epoll_wait,node,170295,0,1
1780278430413709707,clock_gettime,node,170295,0,1
1780278430413711839,clock_gettime,node,170295,0,1
1780278430413714745,clock_gettime,node,170295,0,1
1780278430413715680,clock_gettime,node,170295,0,1
1780278430413772429,getrusage,node,170295,0,1
1780278430413781285,getrusage,node,170295,0,1
1780278430413889259,futex,node,170295,0,1
1780278430413903032,futex,node,170295,0,1
1780278430413913539,futex,node,170295,0,1
1780278430413920097,futex,node,170295,0,1
1780278430413922216,switch,node,170295,0,1
1780278430413925002,futex,node,170303,0,1
1780278430413936436,futex,node,170303,0,1
1780278430413941561,switch,node,170303,0,1
1780278430413943740,futex,node,170295,0,1
1780278430413946496,futex,node,170295,0,1
1780278430413947730,switch,node,170295,0,1
1780278430413948924,futex,node,170303,0,1
1780278430413963092,open,node,170303,0,1
1780278430413993193,futex,node,170304,1,1
1780278430414006228,open,node,170304,1,1
1780278430414020609,open,node,170303,0,1
1780278430414023724,fcntl,node,170303,0,1
1780278430414028241,fcntl,node,170303,0,1
1780278430414030281,write,node,170303,0,1
1780278430414036560,write,node,170303,0,1
1780278430414038888,futex,node,170303,0,1
1780278430414043683,open,node,170304,1,1
1780278430414043683,switch,node,170303,0,1
1780278430414046220,fcntl,node,170304,1,1
1780278430414049464,clock_gettime,node,170295,0,1
1780278430414049464,fcntl,node,170304,1,1
1780278430414050033,clock_gettime,node,170295,0,1
1780278430414053961,getdents64,node,170304,1,1
1780278430414075207,getdents64,node,170304,1,1
1780278430414081565,getdents64,node,170304,1,1
1780278430414082520,getdents64,node,170304,1,1
1780278430414084092,close,node,170304,1,1
1780278430414088470,close,node,170304,1,1
1780278430414100800,futex,node,170304,1,1
1780278430414116323,switch,node,170304,1,1
1780278430414119797,open,node,170295,0,1
1780278430414133051,open,node,170295,0,1
1780278430414135180,read,node,170295,0,1
1780278430414154983,read,node,170295,0,1
1780278430414157122,close,node,170295,0,1
1780278430414159580,close,node,170295,0,1
1780278430414220308,clock_gettime,node,170295,0,1
1780278430414221652,clock_gettime,node,170295,0,1
1780278430414223622,epoll_wait,node,170295,0,1
1780278430414226548,epoll_wait,node,170295,0,1
1780278430414227384,clock_gettime,node,170295,0,1
1780278430414228160,clock_gettime,node,170295,0,1
1780278430414229285,read,node,170295,0,1
1780278430414231125,read,node,170295,0,1
1780278430414242459,futex,node,170295,0,1
1780278430414248041,futex,node,170295,0,1
1780278430414249593,switch,node,170295,0,1
1780278430414251782,futex,node,170301,0,1
1780278430414262628,futex,node,170301,0,1
1780278430414265564,switch,node,170301,0,1
1780278430414267654,futex,node,170295,0,1
1780278430414269973,futex,node,170295,0,1
1780278430414270938,switch,node,170295,0,1
1780278430414272102,futex,node,170301,0,1
1780278430414273993,fstat,node,170301,0,1
1780278430414279267,fstat,node,170301,0,1
1780278430414280331,write,node,170301,0,1
1780278430414281784,write,node,170301,0,1
1780278430414283137,futex,node,170301,0,1
1780278430414285257,switch,node,170301,0,1
1780278430414330751,clock_gettime,node,170295,0,1
1780278430414331806,clock_gettime,node,170295,0,1
1780278430414497763,clock_gettime,node,170295,0,1
1780278430414499375,clock_gettime,node,170295,0,1
1780278430414544471,clock_gettime,node,170295,0,1
1780278430414545407,clock_gettime,node,170295,0,1
1780278430414547884,futex,node,170295,0,1
1780278430414562532,futex,node,170295,0,1
1780278430414576393,clock_gettime,node,170295,0,1
1780278430414577488,clock_gettime,node,170295,0,1
1780278430414578871,clock_gettime,node,170295,0,1
1780278430414579587,clock_gettime,node,170295,0,1
1780278430414580702,epoll_wait,node,170295,0,1
1780278430414583379,epoll_wait,node,170295,0,1
1780278430414584214,clock_gettime,node,170295,0,1
1780278430414584961,clock_gettime,node,170295,0,1
1780278430414586085,read,node,170295,0,1
1780278430414588603,read,node,170295,0,1
1780278430414632098,futex,node,170295,0,1
1780278430414637591,futex,V8 WorkerThread,170300,1,1
1780278430414638087,futex,node,170295,0,1
1780278430414641122,clock_gettime,node,170295,0,1
1780278430414642077,clock_gettime,node,170295,0,1
1780278430414643083,clock_gettime,node,170295,0,1
1780278430414644028,clock_gettime,node,170295,0,1
1780278430414651393,epoll_wait,node,170295,0,1
1780278430414660010,clock_gettime,V8 WorkerThread,170300,1,1
1780278430414662090,clock_gettime,V8 WorkerThread,170300,1,1
1780278430414671959,switch,node,170295,0,1
1780278430414674248,futex,node,170302,0,1
1780278430414676885,read,node,170302,0,1
1780278430414706359,read,node,170302,0,1
1780278430414708120,write,node,170302,0,1
1780278430414712498,write,node,170302,0,1
1780278430414714031,futex,node,170302,0,1
1780278430414717066,switch,node,170302,0,1
1780278430414719275,epoll_wait,node,170295,0,1
1780278430414720518,clock_gettime,node,170295,0,1
1780278430414721493,clock_gettime,node,170295,0,1
1780278430414722260,read,node,170295,0,1
1780278430414723464,read,node,170295,0,1
1780278430414748301,futex,node,170295,0,1
1780278430414751475,futex,node,170295,0,1
1780278430414752739,switch,node,170295,0,1
1780278430414754152,futex,node,170303,0,1
1780278430414764480,futex,node,170303,0,1
1780278430414766759,switch,node,170303,0,1
1780278430414768621,futex,node,170295,0,1
1780278430414770840,futex,node,170295,0,1
1780278430414771765,switch,node,170295,0,1
1780278430414772929,futex,node,170303,0,1
1780278430414774521,read,node,170303,0,1
1780278430414776671,read,node,170303,0,1
1780278430414777934,write,node,170303,0,1
1780278430414779775,write,node,170303,0,1
1780278430414781148,futex,node,170303,0,1
1780278430414783218,switch,node,170303,0,1
1780278430414787517,clock_gettime,node,170295,0,1
1780278430414788840,clock_gettime,node,170295,0,1
1780278430414790143,clock_gettime,node,170295,0,1
1780278430414790850,clock_gettime,node,170295,0,1
1780278430414792233,epoll_wait,node,170295,0,1
1780278430414793556,epoll_wait,node,170295,0,1
1780278430414794273,clock_gettime,node,170295,0,1
1780278430414794979,clock_gettime,node,170295,0,1
1780278430414795696,read,node,170295,0,1
1780278430414796820,read,node,170295,0,1
1780278430414802741,futex,node,170295,0,1
1780278430414810672,futex,node,170295,0,1
1780278430414813239,clock_gettime,node,170295,0,1
1780278430414814075,clock_gettime,node,170295,0,1
1780278430414814931,clock_gettime,node,170295,0,1
1780278430414815637,clock_gettime,node,170295,0,1
1780278430414822634,epoll_wait,node,170295,0,1
1780278430414831210,switch,node,170295,0,1
1780278430414832533,futex,node,170304,0,1
1780278430414834613,close,node,170304,0,1
1780278430414837479,close,node,170304,0,1
1780278430414842862,write,node,170304,0,1
1780278430414846155,write,node,170304,0,1
1780278430414847359,futex,node,170304,0,1
1780278430414849767,switch,node,170304,0,1
1780278430414851569,epoll_wait,node,170295,0,1
1780278430414852734,clock_gettime,node,170295,0,1
1780278430414859919,clock_gettime,V8 WorkerThread,170300,1,1
1780278430414859919,clock_gettime,node,170295,0,1
1780278430414860646,read,node,170295,0,1
1780278430414861302,clock_gettime,V8 WorkerThread,170300,1,1
1780278430414861302,read,node,170295,0,1
1780278430414865044,clock_gettime,node,170295,0,1
1780278430414865044,futex,V8 WorkerThread,170300,1,1
1780278430414867601,clock_gettime,node,170295,0,1
1780278430414882188,switch,V8 WorkerThread,170300,1,1
1780278430414910586,clock_gettime,node,170295,0,1
1780278430414911651,clock_gettime,node,170295,0,1
1780278430415088902,clock_gettime,node,170295,0,1
1780278430415090275,clock_gettime,node,170295,0,1
1780278430415091589,clock_gettime,node,170295,0,1
1780278430415092315,clock_gettime,node,170295,0,1
1780278430415093350,epoll_wait,node,170295,0,1
1780278430415099479,switch,node,170295,0,1
1780278438122706546,epoll_wait,node,170295,0,1
1780278438122718835,clock_gettime,node,170295,0,1
1780278438122722925,clock_gettime,node,170295,0,1
1780278438122726487,clock_gettime,node,170295,0,1
1780278438122727213,clock_gettime,node,170295,0,1
1780278438122769374,clock_gettime,node,170295,0,1
1780278438122770250,clock_gettime,node,170295,0,1
1780278438122980846,futex,node,170295,0,1
1780278438122992259,futex,node,170295,0,1
1780278438122994966,switch,node,170295,0,1
1780278438122997792,futex,node,170301,0,1
1780278438123009017,futex,node,170301,0,1
1780278438123014191,switch,node,170301,0,1
1780278438123016400,futex,node,170295,0,1
1780278438123019076,futex,node,170295,0,1
1780278438123020380,switch,node,170295,0,1
1780278438123021564,futex,node,170301,0,1
1780278438123035932,open,node,170301,0,1
1780278438123084711,open,node,170301,0,1
1780278438123087249,fcntl,node,170301,0,1
1780278438123091816,fcntl,node,170301,0,1
1780278438123093388,readv,node,170301,0,1
1780278438123102214,readv,node,170301,0,1
1780278438123109836,readv,node,170301,0,1
1780278438123111369,readv,node,170301,0,1
1780278438123113319,close,node,170301,0,1
1780278438123116861,close,node,170301,0,1
1780278438123123410,open,node,170301,0,1
1780278438123131072,open,node,170301,0,1
1780278438123132883,fcntl,node,170301,0,1
1780278438123134096,fcntl,node,170301,0,1
1780278438123134982,readv,node,170301,0,1
1780278438123137679,readv,node,170301,0,1
1780278438123146246,readv,node,170301,0,1
1780278438123147719,readv,node,170301,0,1
1780278438123150166,readv,node,170301,0,1
1780278438123151380,readv,node,170301,0,1
1780278438123152186,close,node,170301,0,1
1780278438123153191,close,node,170301,0,1
1780278438123155569,clock_gettime,node,170301,0,1
1780278438123157122,clock_gettime,node,170301,0,1
1780278438123161132,socket,node,170301,0,1
1780278438123184606,socket,node,170301,0,1
1780278438123186178,bind,node,170301,0,1
1780278438123196238,bind,node,170301,0,1
1780278438123197929,clock_gettime,node,170301,0,1
1780278438123198775,clock_gettime,node,170301,0,1
1780278438123199681,sendto,node,170301,0,1
1780278438123298661,sendto,node,170301,0,1
1780278438123300870,poll,node,170301,0,1
1780278438123312979,switch,node,170301,0,1
1780278438123391261,clock_gettime,node,170295,0,1
1780278438123393271,clock_gettime,node,170295,0,1
1780278438123395341,epoll_wait,node,170295,0,1
1780278438123400955,epoll_wait,node,170295,0,1
1780278438123402060,clock_gettime,node,170295,0,1
1780278438123402060,clock_gettime,node,170295,0,1
1780278438123402366,clock_gettime,node,170295,0,1
1780278438123407473,clock_gettime,node,170295,0,1
1780278438123408349,clock_gettime,node,170295,0,1
1780278438123408349,clock_gettime,node,170295,0,1
1780278438123408349,epoll_wait,node,170295,0,1
1780278438123411351,switch,node,170295,0,1
1780278438124487114,poll,node,170301,0,1
1780278438124492806,recvfrom,node,170301,0,1
1780278438124564441,recvfrom,node,170301,0,1
1780278438124569127,sendto,node,170301,0,1
1780278438124610910,sendto,node,170301,0,1
1780278438124612881,recvfrom,node,170301,0,1
1780278438124615647,recvfrom,node,170301,0,1
1780278438124619169,clock_gettime,node,170301,0,1
1780278438124620542,clock_gettime,node,170301,0,1
1780278438124621697,poll,node,170301,0,1
1780278438124628842,switch,node,170301,0,1
1780278438125398386,poll,node,170301,1,1
1780278438125402416,recvfrom,node,170301,1,1
1780278438125408807,recvfrom,node,170301,1,1
1780278438125411345,sendto,node,170301,1,1
1780278438125432885,sendto,node,170301,1,1
1780278438125434875,recvfrom,node,170301,1,1
1780278438125435403,recvfrom,node,170301,1,1
1780278438125439562,clock_gettime,node,170301,1,1
1780278438125439930,poll,node,170301,1,1
1780278438125439930,clock_gettime,node,170301,1,1
1780278438125455552,switch,node,170301,1,1
1780278438126214475,poll,node,170301,1,1
1780278438126218783,recvfrom,node,170301,1,1
1780278438126224734,recvfrom,node,170301,1,1
1780278438126227281,recvfrom,node,170301,1,1
1780278438126229151,recvfrom,node,170301,1,1
1780278438126231619,clock_gettime,node,170301,1,1
1780278438126232783,clock_gettime,node,170301,1,1
1780278438126233619,poll,node,170301,1,1
1780278438126241042,switch,node,170301,1,1
1780278440416803344,epoll_wait,node,170295,0,1
1780278440416816330,clock_gettime,node,170295,0,1
1780278440416819345,clock_gettime,node,170295,0,1
1780278440416822579,clock_gettime,node,170295,0,1
1780278440416823335,clock_gettime,node,170295,0,1
1780278440416878621,getrusage,node,170295,0,1
1780278440416888562,getrusage,node,170295,0,1
1780278440416974207,futex,node,170295,0,1
1780278440416981272,futex,node,170295,0,1
1780278440416983491,switch,node,170295,0,1
1780278440416985740,futex,node,170302,0,1
1780278440416997869,futex,node,170302,0,1
1780278440417002915,switch,node,170302,0,1
1780278440417005055,futex,node,170295,0,1
1780278440417007681,futex,node,170295,0,1
1780278440417008836,switch,node,170295,0,1
1780278440417010010,futex,node,170302,0,1
1780278440417022129,open,node,170302,0,1
1780278440417079395,open,node,170302,0,1
1780278440417082022,fcntl,node,170302,0,1
1780278440417086600,fcntl,node,170302,0,1
1780278440417088531,write,node,170302,0,1
1780278440417094969,write,node,170302,0,1
1780278440417097317,futex,node,170302,0,1
1780278440417100322,switch,node,170302,0,1
1780278440417112342,futex,node,170295,0,1
1780278440417116263,futex,node,170295,0,1
1780278440417117268,switch,node,170295,0,1
1780278440417118720,futex,node,170303,0,1
1780278440417129348,futex,node,170303,0,1
1780278440417131746,switch,node,170303,0,1
1780278440417133617,futex,node,170295,0,1
1780278440417135816,futex,node,170295,0,1
1780278440417136742,switch,node,170295,0,1
1780278440417137896,futex,node,170303,0,1
1780278440417141010,open,node,170303,0,1
1780278440417151836,open,node,170303,0,1
1780278440417153349,fcntl,node,170303,0,1
1780278440417154652,fcntl,node,170303,0,1
1780278440417158045,getdents64,node,170303,0,1
1780278440417178504,getdents64,node,170303,0,1
1780278440417185291,getdents64,node,170303,0,1
1780278440417186306,getdents64,node,170303,0,1
1780278440417187977,close,node,170303,0,1
1780278440417192256,close,node,170303,0,1
1780278440417204863,futex,node,170303,0,1
1780278440417207968,switch,node,170303,0,1
1780278440417213800,clock_gettime,node,170295,0,1
1780278440417215262,clock_gettime,node,170295,0,1
1780278440417283304,open,node,170295,0,1
1780278440417294609,open,node,170295,0,1
1780278440417296898,read,node,170295,0,1
1780278440417317057,read,node,170295,0,1
1780278440417319037,close,node,170295,0,1
1780278440417320420,close,node,170295,0,1
1780278440417375010,clock_gettime,node,170295,0,1
1780278440417376154,clock_gettime,node,170295,0,1
1780278440417378144,epoll_wait,node,170295,0,1
1780278440417381249,epoll_wait,node,170295,0,1
1780278440417382115,clock_gettime,node,170295,0,1
1780278440417382881,clock_gettime,node,170295,0,1
1780278440417383926,read,node,170295,0,1
1780278440417385966,read,node,170295,0,1
1780278440417397419,futex,node,170295,0,1
1780278440417403608,futex,node,170295,0,1
1780278440417405439,switch,node,170295,0,1
1780278440417407787,futex,node,170304,0,1
1780278440417419151,futex,node,170304,0,1
1780278440417422983,switch,node,170304,0,1
1780278440417425460,futex,node,170295,0,1
1780278440417428644,futex,node,170295,0,1
1780278440417430017,switch,node,170295,0,1
1780278440417431550,futex,node,170304,0,1
1780278440417433829,fstat,node,170304,0,1
1780278440417439998,fstat,node,170304,0,1
1780278440417441391,write,node,170304,0,1
1780278440417443341,write,node,170304,0,1
1780278440417445142,futex,node,170304,0,1
1780278440417448107,switch,node,170304,0,1
1780278440417503403,clock_gettime,node,170295,0,1
1780278440417505503,clock_gettime,node,170295,0,1
1780278440417532409,clock_gettime,node,170295,0,1
1780278440417533902,clock_gettime,node,170295,0,1
1780278440417535454,clock_gettime,node,170295,0,1
1780278440417536380,clock_gettime,node,170295,0,1
1780278440417537673,epoll_wait,node,170295,0,1
1780278440417540678,epoll_wait,node,170295,0,1
1780278440417541564,clock_gettime,node,170295,0,1
1780278440417542529,clock_gettime,node,170295,0,1
1780278440417543713,read,node,170295,0,1
1780278440417546321,read,node,170295,0,1
1780278440417680386,futex,node,170295,0,1
1780278440417687093,futex,node,170295,0,1
1780278440417689302,switch,node,170295,0,1
1780278440417691421,futex,node,170302,0,1
1780278440417701790,futex,node,170302,0,1
1780278440417705123,switch,node,170302,0,1
1780278440417706994,futex,node,170295,0,1
1780278440417709441,futex,node,170295,0,1
1780278440417710437,switch,node,170295,0,1
1780278440417711621,futex,node,170302,0,1
1780278440417720114,read,node,170302,0,1
1780278440417749797,read,node,170302,0,1
1780278440417751538,write,node,170302,0,1
1780278440417754215,write,node,170302,0,1
1780278440417755330,futex,node,170302,0,1
1780278440417757091,switch,node,170302,0,1
1780278440417761778,clock_gettime,node,170295,0,1
1780278440417761778,clock_gettime,node,170295,0,1
1780278440417761778,clock_gettime,node,170295,0,1
1780278440417761778,clock_gettime,node,170295,0,1
1780278440417762380,epoll_wait,node,170295,0,1
1780278440417764708,epoll_wait,node,170295,0,1
1780278440417765494,clock_gettime,node,170295,0,1
1780278440417766221,clock_gettime,node,170295,0,1
1780278440417766907,read,node,170295,0,1
1780278440417768121,read,node,170295,0,1
1780278440417796550,futex,node,170295,0,1
1780278440417801406,futex,node,170295,0,1
1780278440417802740,switch,node,170295,0,1
1780278440417804949,futex,node,170303,0,1
1780278440417815675,futex,node,170303,0,1
1780278440417818024,switch,node,170303,0,1
1780278440417820073,futex,node,170295,0,1
1780278440417822342,futex,node,170295,0,1
1780278440417823257,switch,node,170295,0,1
1780278440417824402,futex,node,170303,0,1
1780278440417825954,read,node,170303,0,1
1780278440417828233,read,node,170303,0,1
1780278440417829606,write,node,170303,0,1
1780278440417831049,write,node,170303,0,1
1780278440417832183,futex,node,170303,0,1
1780278440417834183,switch,node,170303,0,1
1780278440417837576,clock_gettime,node,170295,0,1
1780278440417838433,clock_gettime,node,170295,0,1
1780278440417839328,clock_gettime,node,170295,0,1
1780278440417840025,clock_gettime,node,170295,0,1
1780278440417840851,epoll_wait,node,170295,0,1
1780278440417842035,epoll_wait,node,170295,0,1
1780278440417842751,clock_gettime,node,170295,0,1
1780278440417843458,clock_gettime,node,170295,0,1
1780278440417844154,read,node,170295,0,1
1780278440417845289,read,node,170295,0,1
1780278440417851060,futex,node,170295,0,1
1780278440417853677,futex,node,170295,0,1
1780278440417854662,switch,node,170295,0,1
1780278440417855916,futex,node,170304,0,1
1780278440417865996,futex,node,170304,0,1
1780278440417867986,switch,node,170304,0,1
1780278440417869747,futex,node,170295,0,1
1780278440417871966,futex,node,170295,0,1
1780278440417872871,switch,node,170295,0,1
1780278440417874026,futex,node,170304,0,1
1780278440417875628,close,node,170304,0,1
1780278440417878623,close,node,170304,0,1
1780278440417884057,write,node,170304,0,1
1780278440417885191,write,node,170304,0,1
1780278440417886276,futex,node,170304,0,1
1780278440417888345,switch,node,170304,0,1
1780278440417891679,clock_gettime,node,170295,0,1
1780278440417892524,clock_gettime,node,170295,0,1
1780278440417893440,clock_gettime,node,170295,0,1
1780278440417894156,clock_gettime,node,170295,0,1
1780278440417894922,epoll_wait,node,170295,0,1
1780278440417896057,epoll_wait,node,170295,0,1
1780278440417896763,clock_gettime,node,170295,0,1
1780278440417897480,clock_gettime,node,170295,0,1
1780278440417898186,read,node,170295,0,1
1780278440417899281,read,node,170295,0,1
1780278440418058253,clock_gettime,node,170295,0,1
1780278440418059656,clock_gettime,node,170295,0,1
1780278440418060870,clock_gettime,node,170295,0,1
1780278440418061586,clock_gettime,node,170295,0,1
1780278440418062571,epoll_wait,node,170295,0,1
1780278440418075785,switch,node,170295,0,1
1780278440626091400,poll,node,170301,1,1
1780278440626107868,clock_gettime,node,170301,1,1
1780278440626111112,clock_gettime,node,170301,1,1
1780278440626113132,sendto,node,170301,1,1
1780278440626200309,sendto,node,170301,1,1
1780278440626202200,poll,node,170301,1,1
1780278440626216559,switch,node,170301,1,1
1780278440627080026,poll,node,170301,1,1
1780278440627080026,recvfrom,node,170301,1,1
1780278440627084845,recvfrom,node,170301,1,1
1780278440627087531,sendto,node,170301,1,1
1780278440627110236,recvfrom,node,170301,1,1
1780278440627110236,recvfrom,node,170301,1,1
1780278440627110236,sendto,node,170301,1,1
1780278440627110845,clock_gettime,node,170301,1,1
1780278440627112029,clock_gettime,node,170301,1,1
1780278440627112885,poll,node,170301,1,1
1780278440627123710,switch,node,170301,1,1
1780278440627781920,poll,node,170301,1,1
1780278440627785890,recvfrom,node,170301,1,1
1780278440627791444,recvfrom,node,170301,1,1
1780278440627793732,sendto,node,170301,1,1
1780278440627804777,sendto,node,170301,1,1
1780278440627806111,recvfrom,node,170301,1,1
1780278440627808061,recvfrom,node,170301,1,1
1780278440627809981,clock_gettime,node,170301,1,1
1780278440627812937,clock_gettime,node,170301,1,1
1780278440627813763,poll,node,170301,1,1
1780278440627818957,switch,node,170301,1,1
1780278440628377831,poll,node,170301,1,1
1780278440628381463,recvfrom,node,170301,1,1
1780278440628386846,recvfrom,node,170301,1,1
1780278440628389164,recvfrom,node,170301,1,1
1780278440628390896,recvfrom,node,170301,1,1
1780278440628392717,clock_gettime,node,170301,1,1
1780278440628393851,clock_gettime,node,170301,1,1
1780278440628394657,poll,node,170301,1,1
1780278440628401085,switch,node,170301,1,1
1780278443127959305,poll,node,170301,0,1
1780278443127970450,clock_gettime,node,170301,0,1
1780278443127972012,clock_gettime,node,170301,0,1
1780278443127973704,close,node,170301,0,1
1780278443127980579,close,node,170301,0,1
1780278443128014273,write,node,170301,0,1
1780278443128028652,write,node,170301,0,1
1780278443128031607,futex,node,170301,0,1
1780278443128037040,switch,node,170301,0,1
1780278443128043309,epoll_wait,node,170295,0,1
1780278443128047617,clock_gettime,node,170295,0,1
1780278443128049697,clock_gettime,node,170295,0,1
1780278443128051438,read,node,170295,0,1
1780278443128054712,read,node,170295,0,1
1780278443128266920,clock_gettime,node,170295,0,1
1780278443128268233,clock_gettime,node,170295,0,1
1780278443128373452,epoll_ctl,node,170295,0,1
1780278443128375393,epoll_ctl,node,170295,0,1
1780278443128409752,clock_gettime,node,170295,0,1
1780278443128410867,clock_gettime,node,170295,0,1
1780278443128414021,clock_gettime,node,170295,0,1
1780278443128414747,clock_gettime,node,170295,0,1
1780278443128416041,epoll_wait,node,170295,0,1
1780278443128431604,switch,node,170295,0,1
1780278450424932491,epoll_wait,node,170295,0,1
1780278450424949009,clock_gettime,node,170295,0,1
1780278450424954154,clock_gettime,node,170295,0,1
1780278450424958144,clock_gettime,node,170295,0,1
1780278450424959020,clock_gettime,node,170295,0,1
1780278450425021987,getrusage,node,170295,0,1
1780278450425032395,getrusage,node,170295,0,1
1780278450425124798,futex,node,170295,0,1
1780278450425135226,futex,node,170295,0,1
1780278450425137972,switch,node,170295,0,1
1780278450425140530,futex,node,170302,0,1
1780278450425152649,futex,node,170302,0,1
1780278450425158251,switch,node,170302,0,1
1780278450425160619,futex,node,170295,0,1
1780278450425163257,futex,node,170295,0,1
1780278450425164571,switch,node,170295,0,1
1780278450425165755,futex,node,170302,0,1
1780278450425178223,open,node,170302,0,1
1780278450425237180,open,node,170302,0,1
1780278450425240076,fcntl,node,170302,0,1
1780278450425244314,fcntl,node,170302,0,1
1780278450425246256,write,node,170302,0,1
1780278450425252883,write,node,170302,0,1
1780278450425255450,futex,node,170302,0,1
1780278450425258565,switch,node,170302,0,1
1780278450425269530,futex,node,170295,0,1
1780278450425273629,futex,node,170295,0,1
1780278450425274734,switch,node,170295,0,1
1780278450425276465,futex,node,170303,0,1
1780278450425287452,futex,node,170303,0,1
1780278450425290486,switch,node,170303,0,1
1780278450425292417,futex,node,170295,0,1
1780278450425294646,futex,node,170295,0,1
1780278450425295541,switch,node,170295,0,1
1780278450425296696,futex,node,170303,0,1
1780278450425299492,open,node,170303,0,1
1780278450425310795,open,node,170303,0,1
1780278450425312358,fcntl,node,170303,0,1
1780278450425313621,fcntl,node,170303,0,1
1780278450425316955,getdents64,node,170303,0,1
1780278450425337553,getdents64,node,170303,0,1
1780278450425343692,getdents64,node,170303,0,1
1780278450425344707,getdents64,node,170303,0,1
1780278450425346379,close,node,170303,0,1
1780278450425350688,close,node,170303,0,1
1780278450425363155,futex,node,170303,0,1
1780278450425365414,switch,node,170303,0,1
1780278450425370379,clock_gettime,node,170295,0,1
1780278450425371704,clock_gettime,node,170295,0,1
1780278450425440821,open,node,170295,0,1
1780278450425452045,open,node,170295,0,1
1780278450425454224,read,node,170295,0,1
1780278450425473738,read,node,170295,0,1
1780278450425475797,close,node,170295,0,1
1780278450425477220,close,node,170295,0,1
1780278450425530894,clock_gettime,node,170295,0,1
1780278450425532138,clock_gettime,node,170295,0,1
1780278450425534386,epoll_wait,node,170295,0,1
1780278450425537322,epoll_wait,node,170295,0,1
1780278450425538178,clock_gettime,node,170295,0,1
1780278450425538945,clock_gettime,node,170295,0,1
1780278450425540079,read,node,170295,0,1
1780278450425542000,read,node,170295,0,1
1780278450425553512,futex,node,170295,0,1
1780278450425558239,futex,node,170295,0,1
1780278450425559731,switch,node,170295,0,1
1780278450425561632,futex,node,170304,0,1
1780278450425653407,switch,node,170304,0,1
1780278450425664721,futex,node,170304,0,1
1780278450425667766,switch,node,170304,0,1
1780278450425669885,futex,node,170295,0,1
1780278450425672403,futex,node,170295,0,1
1780278450425678801,futex,node,170304,0,1
1780278450425678801,switch,node,170295,0,1
1780278450425681378,fstat,node,170304,0,1
1780278450425687836,fstat,node,170304,0,1
1780278450425688801,write,node,170304,0,1
1780278450425691000,write,node,170304,0,1
1780278450425691906,futex,node,170304,0,1
1780278450425694413,switch,node,170304,0,1
1780278450425733967,clock_gettime,node,170295,0,1
1780278450425735330,clock_gettime,node,170295,0,1
1780278450425755332,clock_gettime,node,170295,0,1
1780278450425756267,clock_gettime,node,170295,0,1
1780278450425757431,clock_gettime,node,170295,0,1
1780278450425758148,clock_gettime,node,170295,0,1
1780278450425759760,epoll_wait,node,170295,0,1
1780278450425763183,epoll_wait,node,170295,0,1
1780278450425763969,clock_gettime,node,170295,0,1
1780278450425764715,clock_gettime,node,170295,0,1
1780278450425765760,read,node,170295,0,1
1780278450425768466,read,node,170295,0,1
1780278450425807364,futex,node,170295,0,1
1780278450425812617,futex,node,170295,0,1
1780278450425813931,switch,node,170295,0,1
1780278450425815603,futex,node,170301,0,1
1780278450425826150,futex,node,170301,0,1
1780278450425828777,switch,node,170301,0,1
1780278450425830528,futex,node,170295,0,1
1780278450425832798,futex,node,170295,0,1
1780278450425833723,switch,node,170295,0,1
1780278450425834868,futex,node,170301,0,1
1780278450425836420,read,node,170301,0,1
1780278450425865157,read,node,170301,0,1
1780278450425866709,write,node,170301,0,1
1780278450425868042,write,node,170301,0,1
1780278450425869326,futex,node,170301,0,1
1780278450425871515,switch,node,170301,0,1
1780278450425875496,clock_gettime,node,170295,0,1
1780278450425876471,clock_gettime,node,170295,0,1
1780278450425877466,clock_gettime,node,170295,0,1
1780278450425878183,clock_gettime,node,170295,0,1
1780278450425878969,epoll_wait,node,170295,0,1
1780278450425880223,epoll_wait,node,170295,0,1
1780278450425880999,clock_gettime,node,170295,0,1
1780278450425881735,clock_gettime,node,170295,0,1
1780278450425882461,read,node,170295,0,1
1780278450425883725,read,node,170295,0,1
1780278450425906333,futex,node,170295,0,1
1780278450425909387,futex,node,170295,0,1
1780278450425910532,switch,node,170295,0,1
1780278450425911815,futex,node,170302,0,1
1780278450425921856,futex,node,170302,0,1
1780278450425923876,switch,node,170302,0,1
1780278450425925617,futex,node,170295,0,1
1780278450425927816,futex,node,170295,0,1
1780278450425928722,switch,node,170295,0,1
1780278450425929866,futex,node,170302,0,1
1780278450425931210,read,node,170302,0,1
1780278450425932613,read,node,170302,0,1
1780278450425933777,write,node,170302,0,1
1780278450425934841,write,node,170302,0,1
1780278450425936016,futex,node,170302,0,1
1780278450425938055,switch,node,170302,0,1
1780278450425941578,clock_gettime,node,170295,0,1
1780278450425942454,clock_gettime,node,170295,0,1
1780278450425943369,clock_gettime,node,170295,0,1
1780278450425944075,clock_gettime,node,170295,0,1
1780278450425944951,epoll_wait,node,170295,0,1
1780278450425946076,epoll_wait,node,170295,0,1
1780278450425946812,clock_gettime,node,170295,0,1
1780278450425947518,clock_gettime,node,170295,0,1
1780278450425948225,read,node,170295,0,1
1780278450425949359,read,node,170295,0,1
1780278450425955091,futex,node,170295,0,1
1780278450425957787,futex,node,170295,0,1
1780278450425958783,switch,node,170295,0,1
1780278450425960037,futex,node,170303,0,1
1780278450425970077,futex,node,170303,0,1
1780278450425972097,switch,node,170303,0,1
1780278450425973808,futex,node,170295,0,1
1780278450425976067,futex,node,170295,0,1
1780278450425976963,switch,node,170295,0,1
1780278450425978107,futex,node,170303,0,1
1780278450425979659,close,node,170303,0,1
1780278450425982087,close,node,170303,0,1
1780278450425986814,write,node,170303,0,1
1780278450425987958,write,node,170303,0,1
1780278450425989062,futex,node,170303,0,1
1780278450425991162,switch,node,170303,0,1
1780278450425994565,clock_gettime,node,170295,0,1
1780278450425995431,clock_gettime,node,170295,0,1
1780278450425996326,clock_gettime,node,170295,0,1
1780278450425997023,clock_gettime,node,170295,0,1
1780278450425997819,epoll_wait,node,170295,0,1
1780278450425998953,epoll_wait,node,170295,0,1
1780278450425999660,clock_gettime,node,170295,0,1
1780278450426000367,clock_gettime,node,170295,0,1
1780278450426001083,read,node,170295,0,1
1780278450426002148,read,node,170295,0,1
1780278450426158831,clock_gettime,node,170295,0,1
1780278450426160204,clock_gettime,node,170295,0,1
1780278450426161308,clock_gettime,node,170295,0,1
1780278450426162005,clock_gettime,node,170295,0,1
1780278450426163000,epoll_wait,node,170295,0,1
1780278450426178046,switch,node,170295,0,1
1780278460435346112,epoll_wait,node,170295,0,1
1780278460435362203,clock_gettime,node,170295,0,1
1780278460435366501,clock_gettime,node,170295,0,1
1780278460435369556,clock_gettime,node,170295,0,1
1780278460435370293,clock_gettime,node,170295,0,1
1780278460435429648,getrusage,node,170295,0,1
1780278460435440563,getrusage,node,170295,0,1
1780278460435529543,futex,node,170295,0,1
1780278460435540160,futex,node,170295,0,1
1780278460435543076,switch,node,170295,0,1
1780278460435545643,futex,node,170304,0,1
1780278460435557106,futex,node,170304,0,1
1780278460435562678,switch,node,170304,0,1
1780278460435564857,futex,node,170295,0,1
1780278460435567454,futex,node,170295,0,1
1780278460435568738,switch,node,170295,0,1
1780278460435569942,futex,node,170304,0,1
1780278460435583137,open,node,170304,0,1
1780278460435641786,open,node,170304,0,1
1780278460435644522,fcntl,node,170304,0,1
1780278460435648930,fcntl,node,170304,0,1
1780278460435651060,write,node,170304,0,1
1780278460435657618,write,node,170304,0,1
1780278460435659976,futex,node,170304,0,1
1780278460435663061,switch,node,170304,0,1
1780278460435674345,futex,node,170295,0,1
1780278460435677708,futex,node,170295,0,1
1780278460435678713,switch,node,170295,0,1
1780278460435680017,futex,node,170301,0,1
1780278460435690813,futex,node,170301,0,1
1780278460435693589,switch,node,170301,0,1
1780278460435695509,futex,node,170295,0,1
1780278460435697680,futex,node,170295,0,1
1780278460435698605,switch,node,170295,0,1
1780278460435699739,futex,node,170301,0,1
1780278460435702784,open,node,170301,0,1
1780278460435714406,open,node,170301,0,1
1780278460435716048,fcntl,node,170301,0,1
1780278460435717342,fcntl,node,170301,0,1
1780278460435720526,getdents64,node,170301,0,1
1780278460435740467,getdents64,node,170301,0,1
1780278460435746318,getdents64,node,170301,0,1
1780278460435747283,getdents64,node,170301,0,1
1780278460435748866,close,node,170301,0,1
1780278460435753393,close,node,170301,0,1
1780278460435765234,futex,node,170301,0,1
1780278460435767622,switch,node,170301,0,1
1780278460435773065,clock_gettime,node,170295,0,1
1780278460435774369,clock_gettime,node,170295,0,1
1780278460435841675,open,node,170295,0,1
1780278460435853636,open,node,170295,0,1
1780278460435855904,read,node,170295,0,1
1780278460435875985,read,node,170295,0,1
1780278460435878015,close,node,170295,0,1
1780278460435879458,close,node,170295,0,1
1780278460435933629,clock_gettime,node,170295,0,1
1780278460435934873,clock_gettime,node,170295,0,1
1780278460435937002,epoll_wait,node,170295,0,1
1780278460435939918,epoll_wait,node,170295,0,1
1780278460435940764,clock_gettime,node,170295,0,1
1780278460435941500,clock_gettime,node,170295,0,1
1780278460435942624,read,node,170295,0,1
1780278460435944505,read,node,170295,0,1
1780278460435956019,futex,node,170295,0,1
1780278460435961143,futex,node,170295,0,1
1780278460435962656,switch,node,170295,0,1
1780278460435964496,futex,node,170302,0,1
1780278460435975492,futex,node,170302,0,1
1780278460435978656,switch,node,170302,0,1
1780278460435980676,futex,node,170295,0,1
1780278460435982905,futex,node,170295,0,1
1780278460435983890,switch,node,170295,0,1
1780278460435985034,futex,node,170302,0,1
1780278460435986905,fstat,node,170302,0,1
1780278460435992070,fstat,node,170302,0,1
1780278460435993115,write,node,170302,0,1
1780278460435994627,write,node,170302,0,1
1780278460435995961,futex,node,170302,0,1
1780278460435998180,switch,node,170302,0,1
1780278460436037206,clock_gettime,node,170295,0,1
1780278460436038331,clock_gettime,node,170295,0,1
1780278460436057147,clock_gettime,node,170295,0,1
1780278460436058112,clock_gettime,node,170295,0,1
1780278460436059147,clock_gettime,node,170295,0,1
1780278460436059853,clock_gettime,node,170295,0,1
1780278460436060809,epoll_wait,node,170295,0,1
1780278460436062809,epoll_wait,node,170295,0,1
1780278460436063535,clock_gettime,node,170295,0,1
1780278460436064271,clock_gettime,node,170295,0,1
1780278460436065087,read,node,170295,0,1
1780278460436066590,read,node,170295,0,1
1780278460436120533,futex,node,170295,0,1
1780278460436125100,futex,node,170295,0,1
1780278460436126334,switch,node,170295,0,1
1780278460436128006,futex,node,170303,0,1
1780278460436138822,futex,node,170303,0,1
1780278460436141399,switch,node,170303,0,1
1780278460436143310,futex,node,170295,0,1
1780278460436145568,futex,node,170295,0,1
1780278460436146474,switch,node,170295,0,1
1780278460436147618,futex,node,170303,0,1
1780278460436149369,read,node,170303,0,1
1780278460436181132,read,node,170303,0,1
1780278460436182744,write,node,170303,0,1
1780278460436184117,write,node,170303,0,1
1780278460436185351,futex,node,170303,0,1
1780278460436187570,switch,node,170303,0,1
1780278460436191729,clock_gettime,node,170295,0,1
1780278460436192714,clock_gettime,node,170295,0,1
1780278460436193690,clock_gettime,node,170295,0,1
1780278460436194406,clock_gettime,node,170295,0,1
1780278460436195202,epoll_wait,node,170295,0,1
1780278460436196655,epoll_wait,node,170295,0,1
1780278460436197421,clock_gettime,node,170295,0,1
1780278460436198137,clock_gettime,node,170295,0,1
1780278460436198864,read,node,170295,0,1
1780278460436200049,read,node,170295,0,1
1780278460436225512,futex,node,170295,0,1
1780278460436228497,futex,node,170295,0,1
1780278460436229572,switch,node,170295,0,1
1780278460436230905,futex,node,170304,0,1
1780278460436241144,futex,node,170304,0,1
1780278460436243314,switch,node,170304,0,1
1780278460436245115,futex,node,170295,0,1
1780278460436247324,futex,node,170295,0,1
1780278460436248240,switch,node,170295,0,1
1780278460436249384,futex,node,170304,0,1
1780278460436250747,read,node,170304,0,1
1780278460436252260,read,node,170304,0,1
1780278460436253344,write,node,170304,0,1
1780278460436254469,write,node,170304,0,1
1780278460436255613,futex,node,170304,0,1
1780278460436257693,switch,node,170304,0,1
1780278460436261106,clock_gettime,node,170295,0,1
1780278460436261981,clock_gettime,node,170295,0,1
1780278460436262907,clock_gettime,node,170295,0,1
1780278460436263613,clock_gettime,node,170295,0,1
1780278460436264379,epoll_wait,node,170295,0,1
1780278460436265564,epoll_wait,node,170295,0,1
1780278460436266270,clock_gettime,node,170295,0,1
1780278460436266986,clock_gettime,node,170295,0,1
1780278460436267713,read,node,170295,0,1
1780278460436268827,read,node,170295,0,1
1780278460436274419,futex,node,170295,0,1
1780278460436276897,futex,node,170295,0,1
1780278460436277892,switch,node,170295,0,1
1780278460436279116,futex,node,170301,0,1
1780278460436289197,futex,node,170301,0,1
1780278460436291187,switch,node,170301,0,1
1780278460436292958,futex,node,170295,0,1
1780278460436295137,futex,node,170295,0,1
1780278460436296043,switch,node,170295,0,1
1780278460436297197,futex,node,170301,0,1
1780278460436298779,close,node,170301,0,1
1780278460436301078,close,node,170301,0,1
1780278460436305297,write,node,170301,0,1
1780278460436306441,write,node,170301,0,1
1780278460436307516,futex,node,170301,0,1
1780278460436309585,switch,node,170301,0,1
1780278460436312899,clock_gettime,node,170295,0,1
1780278460436313745,clock_gettime,node,170295,0,1
1780278460436314650,clock_gettime,node,170295,0,1
1780278460436315357,clock_gettime,node,170295,0,1
1780278460436316113,epoll_wait,node,170295,0,1
1780278460436317217,epoll_wait,node,170295,0,1
1780278460436317934,clock_gettime,node,170295,0,1
1780278460436318650,clock_gettime,node,170295,0,1
1780278460436319367,read,node,170295,0,1
1780278460436320421,read,node,170295,0,1
1780278460436479901,clock_gettime,node,170295,0,1
1780278460436481742,clock_gettime,node,170295,0,1
1780278460436482916,clock_gettime,node,170295,0,1
1780278460436483622,clock_gettime,node,170295,0,1
1780278460436484508,epoll_wait,node,170295,0,1
1780278460436513445,switch,node,170295,0,1
