window_start_ns,total_events,label,sc_mmap,sc_clock_gettime,sc_close,sc_read,sc_mprotect,sc_switch,sc_open,sc_fstat,sc_access,sc_brk,sc_rt_sigaction,sc_futex,sc_times,sc_stat,sc_lstat,sc_munmap,sc_dup,sc_arch_prctl,sc_execve,sc_gettimeofday,sc_write,sc_procexit,sc_geteuid,sc_getppid,sc_exit_group,sc_getpid,sc_epoll_ctl,sc_epoll_wait,sc_rt_sigprocmask,sc_clone,sc_setsid,sc_ioctl,sc_wait4,sc_uname,sc_statfs,sc_signaldeliver,sc_chdir,sc_sigreturn,sc_recvfrom,sc_getpeername,sc_getsockname,sc_socket,sc_connect,sc_setsockopt,sc_sendto,sc_sched_yield,sc_select,sc_pread,sc_io_getevents,sc_getcwd,sc_lseek,sc_gettid,sc_set_robust_list,sc_fcntl,sc_pwrite,sc_getdents,sc_container,sc_openat,sc_sigaltstack,sc_getrlimit,sc_fsync,sc_unlink,sc_set_tid_address,sc_sched_getaffinity,sc_setrlimit,sc_madvise,sc_exit,bg_clock_gettime_clock_gettime,bg_mmap_mmap,bg_fstat_mmap,bg_times_times,bg_access_open,bg_mmap_close,bg_mprotect_mprotect,bg_read_read,bg_open_fstat,bg_clock_gettime_futex,bg_rt_sigaction_rt_sigaction,bg_lstat_lstat,bg_futex_switch,bg_brk_brk,bg_mmap_mprotect,bg_close_access,bg_mmap_arch_prctl,bg_mprotect_munmap,bg_mprotect_mmap,bg_read_fstat,bg_mmap_access,bg_open_read,bg_access_mmap,bg_close_mmap,bg_brk_access,bg_arch_prctl_mprotect,bg_execve_brk,bg_switch_clock_gettime,bg_futex_clock_gettime,bg_close_close,bg_rt_sigaction_geteuid,bg_getpid_rt_sigaction,bg_close_munmap,bg_stat_stat,bg_getppid_stat,bg_dup_dup,bg_brk_getppid,bg_geteuid_brk,bg_munmap_getpid,bg_gettimeofday_gettimeofday,bg_exit_group_procexit,bg_switch_read,bg_read_switch,bg_rt_sigaction_read,bg_close_open,bg_mmap_read,bg_read_close,bg_ioctl_rt_sigaction,bg_uname_statfs,bg_fstat_close,bg_close_exit_group,bg_close_rt_sigprocmask,bg_statfs_stat,bg_rt_sigprocmask_execve,bg_dup_setsid,bg_stat_uname,bg_read_clone,bg_signaldeliver_sigreturn,bg_lstat_stat,bg_munmap_close,bg_stat_ioctl,bg_stat_rt_sigaction,bg_dup_close,bg_rt_sigaction_execve,bg_mmap_write,bg_stat_fstat,bg_brk_open,bg_munmap_lstat,bg_sigreturn_write,bg_procexit_signaldeliver,bg_chdir_dup,bg_close_execve,bg_munmap_brk,bg_setsid_close,bg_wait4_switch,bg_write_switch,bg_write_read,bg_switch_open,bg_switch_futex,bg_open_dup,bg_clone_wait4,bg_read_chdir,bg_switch_exit_group,bg_epoll_wait_switch,bg_switch_close,bg_clock_gettime_socket,bg_getsockname_getpeername,bg_epoll_ctl_close,bg_setsockopt_connect,bg_connect_epoll_ctl,bg_socket_setsockopt,bg_futex_futex,bg_getpeername_clock_gettime,bg_procexit_clock_gettime,bg_epoll_ctl_getsockname,bg_recvfrom_switch,bg_clock_gettime_write,bg_read_futex,bg_gettimeofday_sendto,bg_gettimeofday_recvfrom,bg_clock_gettime_gettimeofday,bg_epoll_wait_epoll_wait,bg_switch_recvfrom,bg_switch_epoll_wait,bg_clock_gettime_read,bg_recvfrom_clock_gettime,bg_switch_switch,bg_clock_gettime_epoll_ctl,bg_switch_procexit,bg_exit_group_switch,bg_close_clock_gettime,bg_futex_read,bg_clock_gettime_epoll_wait,bg_read_clock_gettime,bg_clock_gettime_sched_yield,bg_switch_brk,bg_sched_yield_clock_gettime,bg_write_close,bg_sendto_gettimeofday,bg_select_switch,bg_write_clock_gettime,bg_execve_switch,bg_close_futex,bg_switch_gettimeofday,bg_clock_gettime_stat,bg_read_epoll_ctl,bg_sendto_switch,bg_read_exit_group,bg_procexit_read,bg_switch_select,bg_epoll_ctl_switch,bg_switch_chdir,bg_clock_gettime_switch,bg_stat_clock_gettime,bg_switch_getsockname,bg_switch_mprotect,bg_switch_dup,bg_procexit_select,bg_futex_epoll_wait,bg_procexit_futex,bg_epoll_wait_clock_gettime,bg_stat_futex,bg_munmap_switch,bg_close_switch,bg_getpeername_epoll_ctl,bg_open_switch,bg_arch_prctl_switch,bg_switch_mmap,bg_procexit_switch,bg_mmap_switch,tg_times_times_times,tg_clock_gettime_clock_gettime_clock_gettime,tg_open_fstat_mmap,tg_read_read_read,tg_close_access_open,tg_mmap_close_access,tg_fstat_mmap_close,tg_fstat_mmap_mprotect,tg_mmap_mprotect_mmap,tg_read_fstat_mmap,tg_mmap_mmap_arch_prctl,tg_access_open_read,tg_mprotect_mprotect_munmap,tg_mmap_mmap_mmap,tg_lstat_lstat_lstat,tg_open_read_fstat,tg_mmap_access_open,tg_access_open_fstat,tg_access_mmap_access,tg_mprotect_mmap_mmap,tg_mmap_mmap_close,tg_close_mmap_mmap,tg_mmap_close_mmap,tg_brk_access_mmap,tg_mprotect_mprotect_mprotect,tg_mmap_arch_prctl_mprotect,tg_arch_prctl_mprotect_mprotect,tg_execve_brk_access,tg_clock_gettime_futex_switch,tg_rt_sigaction_rt_sigaction_rt_sigaction,tg_getpid_rt_sigaction_geteuid,tg_brk_brk_getppid,tg_getppid_stat_stat,tg_brk_getppid_stat,tg_rt_sigaction_geteuid_brk,tg_geteuid_brk_brk,tg_munmap_getpid_rt_sigaction,tg_mprotect_munmap_getpid,tg_clock_gettime_clock_gettime_futex,tg_futex_clock_gettime_clock_gettime,tg_futex_switch_clock_gettime,tg_switch_clock_gettime_futex,tg_clock_gettime_futex_clock_gettime,tg_gettimeofday_gettimeofday_gettimeofday,tg_rt_sigaction_rt_sigaction_read,tg_close_close_close,tg_ioctl_rt_sigaction_rt_sigaction,tg_close_close_rt_sigprocmask,tg_uname_statfs_stat,tg_fstat_mmap_read,tg_read_close_munmap,tg_close_rt_sigprocmask_execve,tg_rt_sigaction_read_clone,tg_fstat_close_open,tg_stat_uname_statfs,tg_close_munmap_close,tg_dup_dup_setsid,tg_stat_ioctl_rt_sigaction,tg_munmap_close_exit_group,tg_stat_rt_sigaction_rt_sigaction,tg_lstat_lstat_stat,tg_rt_sigaction_rt_sigaction_execve,tg_stat_stat_ioctl,tg_lstat_stat_uname,tg_dup_dup_dup,tg_open_fstat_close,tg_stat_stat_rt_sigaction,tg_fstat_mmap_write,tg_stat_fstat_mmap,tg_statfs_stat_fstat,tg_brk_brk_open,tg_close_munmap_lstat,tg_munmap_lstat_lstat,tg_brk_open_fstat,tg_mmap_read_read,tg_signaldeliver_sigreturn_write,tg_read_read_close,tg_procexit_signaldeliver_sigreturn,tg_close_open_fstat,tg_chdir_dup_dup,tg_dup_close_execve,tg_close_exit_group_procexit,tg_munmap_brk_brk,tg_mprotect_munmap_brk,tg_setsid_close_close,tg_exit_group_procexit_signaldeliver,tg_dup_setsid_close,tg_rt_sigprocmask_execve_brk,tg_open_dup_close,tg_switch_open_dup,tg_close_execve_brk,tg_switch_read_read,tg_read_clone_wait4,tg_wait4_switch_open,tg_rt_sigaction_execve_brk,tg_clone_wait4_switch,tg_read_chdir_dup,tg_read_read_chdir,tg_write_read_switch,tg_read_switch_exit_group,proc_sh,proc_df,proc_user,proc_erl_child_setup,proc_mysqld,proc_mongod,proc_container:011fdbdbf777,proc_container:95cf5d7c594f,proc_container:f8cd5974589d,proc_container:7aeb4e77cfbf
1780373041618783653,1752,0,0.0,0.4748858447488584,0.007990867579908675,0.06050228310502283,0.0,0.09931506849315068,0.0,0.0,0.0,0.0,0.0,0.0976027397260274,0.0,0.0,0.0,0.0,0.0,0.0,0.0,0.0,0.028538812785388126,0.0,0.0,0.0,0.0,0.0,0.01598173515981735,0.04794520547945205,0.0,0.0,0.0,0.0,0.0,0.0,0.0,0.0,0.0,0.0,0.0,0.0,0.007990867579908675,0.0,0.0,0.0319634703196347,0.0,0.0,0.1113013698630137,0.0,0.0,0.0,0.0,0.0,0.0,0.0,0.0,0.0,0.0,0.0,0.0,0.0,0.0,0.0,0.0,0.0,0.0,0.0,0.0,0.3540833809251856,0.0,0.0,0.0,0.0,0.0,0.0,0.03540833809251856,0.0,0.03083952027412907,0.0,0.0,0.024557395773843516,0.0,0.0,0.0,0.0,0.0,0.0,0.0,0.0,0.0,0.0,0.0,0.0,0.0,0.0,0.014277555682467162,0.019417475728155338,0.003997715591090805,0.0,0.0,0.0,0.0,0.0,0.0,0.0,0.0,0.0,0.0,0.0,0.003997715591090805,0.0028555111364934323,0.0,0.0,0.0,0.0,0.0,0.0,0.0,0.0,0.0,0.0,0.0,0.0,0.0,0.0,0.0,0.0,0.0,0.0,0.0,0.0,0.0,0.0,0.0,0.0,0.0,0.0,0.0,0.0,0.0,0.0,0.0,0.0,0.003997715591090805,0.0,0.0,0.015419760137064534,0.0,0.0,0.0,0.0,0.009708737864077669,0.0,0.0,0.0,0.003997715591090805,0.0,0.0,0.0,0.02912621359223301,0.0,0.0,0.003997715591090805,0.0,0.010850942318675044,0.012564249000571102,0.0,0.0,0.0,0.021701884637350087,0.0,0.011993146773272416,0.009137635636778984,0.0,0.002284408909194746,0.0,0.0,0.0,0.0005711022272986865,0.006853226727584237,0.005139920045688178,0.006853226727584237,0.0,0.0,0.0,0.0,0.0,0.04854368932038835,0.009137635636778984,0.0,0.002284408909194746,0.0,0.0,0.0,0.0,0.0,0.0,0.04454597372929754,0.0,0.0,0.006282124500285551,0.0,0.0,0.0,0.0,0.0,0.006853226727584237,0.0,0.014848657909765849,0.0,0.0,0.0005711022272986865,0.0,0.0,0.0,0.0,0.0,0.0,0.0,0.23885714285714285,0.0,0.019428571428571427,0.0,0.0,0.0,0.0,0.0,0.0,0.0,0.0,0.0,0.0,0.0,0.0,0.0,0.0,0.0,0.0,0.0,0.0,0.0,0.0,0.0,0.0,0.0,0.0,0.016,0.0,0.0,0.0,0.0,0.0,0.0,0.0,0.0,0.0,0.030285714285714287,0.018857142857142857,0.0,0.0005714285714285715,0.0005714285714285715,0.0,0.0,0.0,0.0,0.0,0.0,0.0,0.0,0.0,0.0,0.0,0.0,0.0,0.0,0.0,0.0,0.0,0.0,0.0,0.0,0.0,0.0,0.0,0.0,0.0,0.0,0.0,0.0,0.0,0.0,0.0,0.0,0.0,0.0,0.0,0.0,0.0,0.0,0.0,0.0,0.0,0.0,0.0,0.0,0.0,0.0,0.0,0.0,0.002285714285714286,0.0,0.0,0.0,0.0,0.0,0.0,0.0,0.0,0.0,0.0,1.0,0.0,0.0,0.0,0.0,0.0,0.0,0.0
1780373046619104183,1626,0,0.0,0.4969249692496925,0.006150061500615006,0.04920049200492005,0.0,0.1033210332103321,0.0,0.0,0.0,0.0,0.0,0.07441574415744158,0.0,0.0,0.0,0.0,0.0,0.0,0.0,0.0,0.02214022140221402,0.0,0.0,0.0,0.0,0.0,0.012300123001230012,0.046740467404674045,0.0,0.0,0.0,0.0,0.0,0.0,0.0,0.0,0.0,0.0,0.0,0.0,0.006150061500615006,0.0,0.0,0.024600246002460024,0.0,0.0012300123001230013,0.14452644526445266,0.0,0.0,0.0,0.0,0.0,0.0,0.0,0.0,0.0,0.0,0.0,0.0,0.0,0.0,0.0,0.0,0.0,0.0,0.0,0.0,0.36246153846153845,0.0,0.0,0.0,0.0,0.0,0.0,0.028307692307692308,0.0,0.02523076923076923,0.0,0.0,0.019692307692307693,0.0,0.0,0.0,0.0,0.0,0.0,0.0,0.0,0.0,0.0,0.0,0.0,0.0,0.0,0.014153846153846154,0.016615384615384615,0.0018461538461538461,0.0,0.0,0.0,0.0,0.0,0.0,0.0,0.0,0.0,0.0,0.0,0.0024615384615384616,0.0018461538461538461,0.0,0.0,0.0,0.0,0.0,0.0,0.0,0.0,0.0,0.0,0.0,0.0,0.0,0.0,0.0,0.0,0.0,0.0,0.0,0.0,0.0,0.0,0.0,0.0,0.0,0.0,0.0,0.0,0.0,0.0,0.0,0.0,0.0018461538461538461,0.0,0.0,0.01353846153846154,0.0,0.0,0.0,0.0,0.008,0.0,0.0,0.0,0.003076923076923077,0.0,0.0,0.0,0.022153846153846152,0.0,0.0,0.003076923076923077,0.0,0.008615384615384615,0.005538461538461538,0.0,0.0,0.0,0.022153846153846152,0.0,0.010461538461538461,0.008615384615384615,0.0,0.003076923076923077,0.0,0.0,0.0,0.0006153846153846154,0.004923076923076923,0.008615384615384615,0.008,0.0,0.0,0.0,0.0,0.0,0.06092307692307692,0.008,0.0,0.0,0.0,0.0,0.0,0.0,0.0,0.0,0.05292307692307692,0.0,0.0,0.00676923076923077,0.0,0.0,0.0,0.0,0.0,0.0006153846153846154,0.0,0.010461538461538461,0.0,0.0,0.0006153846153846154,0.0,0.0,0.0,0.0,0.0,0.0,0.0,0.2376847290640394,0.0,0.01293103448275862,0.0,0.0,0.0,0.0,0.0,0.0,0.0,0.0,0.0,0.0,0.0,0.0,0.0,0.0,0.0,0.0,0.0,0.0,0.0,0.0,0.0,0.0,0.0,0.0,0.011083743842364532,0.0,0.0,0.0,0.0,0.0,0.0,0.0,0.0,0.0,0.02401477832512315,0.01416256157635468,0.0006157635467980296,0.0,0.003078817733990148,0.0,0.0,0.0,0.0,0.0,0.0,0.0,0.0,0.0,0.0,0.0,0.0,0.0,0.0,0.0,0.0,0.0,0.0,0.0,0.0,0.0,0.0,0.0,0.0,0.0,0.0,0.0,0.0,0.0,0.0,0.0,0.0,0.0,0.0,0.0,0.0,0.0,0.0,0.0,0.0,0.0,0.0,0.0,0.0,0.0,0.0,0.0,0.0,0.0018472906403940886,0.0,0.0,0.0,0.0,0.0,0.0,0.0,0.0,0.0,0.0,1.0,0.0,0.0,0.0,0.0,0.0,0.0,0.0
1780373051618795020,983,0,0.0,0.4496439471007121,0.01017293997965412,0.07731434384537131,0.0,0.0844354018311292,0.0,0.0,0.0,0.0,0.0,0.12105798575788403,0.0,0.0,0.0,0.0,0.0,0.0,0.0,0.0,0.03458799593082401,0.0,0.0,0.0,0.0,0.0,0.02034587995930824,0.07121057985757884,0.0,0.0,0.0,0.0,0.0,0.0,0.0,0.0,0.0,0.0,0.0,0.0,0.01017293997965412,0.0,0.0,0.04069175991861648,0.0,0.0,0.06002034587995931,0.0,0.0,0.0,0.0,0.0,0.0,0.0,0.0,0.0,0.0,0.0,0.0,0.0,0.0,0.0,0.0,0.0,0.0,0.0,0.0,0.34419551934826886,0.0,0.0,0.0,0.0,0.0,0.0,0.051934826883910386,0.0,0.03767820773930754,0.0,0.0,0.032586558044806514,0.0,0.0,0.0,0.0,0.0,0.0,0.0,0.0,0.0,0.0,0.0,0.0,0.0,0.0,0.008146639511201629,0.03054989816700611,0.0050916496945010185,0.0,0.0,0.0,0.0,0.0,0.0,0.0,0.0,0.0,0.0,0.0,0.0,0.0010183299389002036,0.0,0.0,0.0,0.0,0.0,0.0,0.0,0.0,0.0,0.0,0.0,0.0,0.0,0.0,0.0,0.0,0.0,0.0,0.0,0.0,0.0,0.0,0.0,0.0,0.0,0.0,0.0,0.0,0.0,0.0,0.0,0.0,0.003054989816700611,0.0,0.0,0.0274949083503055,0.0,0.0,0.0,0.0,0.017311608961303463,0.0,0.0,0.0,0.0050916496945010185,0.0,0.0,0.0,0.03665987780040733,0.0,0.0,0.0050916496945010185,0.0,0.017311608961303463,0.010183299389002037,0.0,0.0,0.0,0.034623217922606926,0.0,0.018329938900203666,0.010183299389002037,0.0,0.002036659877800407,0.0,0.0,0.0,0.0010183299389002036,0.009164969450101833,0.008146639511201629,0.009164969450101833,0.0,0.0,0.0,0.0,0.0,0.026476578411405296,0.010183299389002037,0.0,0.0,0.0,0.0,0.0,0.0,0.0,0.0,0.02240325865580448,0.0,0.0,0.0010183299389002036,0.0,0.0,0.0,0.0,0.0,0.003054989816700611,0.0,0.017311608961303463,0.0,0.0,0.0,0.0,0.0,0.0,0.0,0.0,0.0,0.0,0.24057084607543322,0.0,0.026503567787971458,0.0,0.0,0.0,0.0,0.0,0.0,0.0,0.0,0.0,0.0,0.0,0.0,0.0,0.0,0.0,0.0,0.0,0.0,0.0,0.0,0.0,0.0,0.0,0.0,0.019367991845056064,0.0,0.0,0.0,0.0,0.0,0.0,0.0,0.0,0.0,0.03669724770642202,0.029561671763506627,0.0010193679918450561,0.0010193679918450561,0.0020387359836901123,0.0,0.0,0.0,0.0,0.0,0.0,0.0,0.0,0.0,0.0,0.0,0.0,0.0,0.0,0.0,0.0,0.0,0.0,0.0,0.0,0.0,0.0,0.0,0.0,0.0,0.0,0.0,0.0,0.0,0.0,0.0,0.0,0.0,0.0,0.0,0.0,0.0,0.0,0.0,0.0,0.0,0.0,0.0,0.0,0.0,0.0,0.0,0.0,0.0,0.0,0.0,0.0,0.0,0.0,0.0,0.0,0.0,0.0,0.0,1.0,0.0,0.0,0.0,0.0,0.0,0.0,0.0
1780373056618791134,1790,0,0.0,0.43687150837988825,0.01452513966480447,0.055865921787709494,0.0,0.09720670391061452,0.0,0.0,0.0,0.0,0.0,0.12849162011173185,0.0,0.0022346368715083797,0.0,0.0,0.0,0.0,0.0,0.0,0.02569832402234637,0.0,0.0,0.0,0.0,0.0,0.02905027932960894,0.04581005586592179,0.0,0.0,0.0,0.0,0.0,0.0,0.0,0.0,0.0,0.0,0.0,0.00782122905027933,0.01452513966480447,0.00782122905027933,0.00782122905027933,0.034636871508379886,0.0,0.004469273743016759,0.07374301675977654,0.0,0.0,0.0,0.0,0.0,0.0,0.0,0.0,0.0,0.0,0.0,0.0,0.0,0.0,0.0,0.0,0.0,0.0,0.0,0.0,0.3169368362213527,0.0,0.0,0.0,0.0,0.0,0.0,0.03465623253214086,0.0,0.03801006148686417,0.0,0.0,0.03521520402459474,0.0,0.0,0.0,0.0,0.0,0.0,0.0,0.0,0.0,0.0,0.0,0.0,0.0,0.0,0.012297372833985467,0.027948574622694244,0.003912800447177194,0.0,0.0,0.0,0.0011179429849077697,0.0,0.0,0.0,0.0,0.0,0.0,0.0,0.005589714924538848,0.003912800447177194,0.0,0.0,0.0,0.0005589714924538849,0.0,0.0,0.0,0.0,0.0,0.0,0.0,0.0,0.0,0.0,0.0,0.0,0.0,0.0,0.0,0.0,0.0,0.0,0.0,0.0,0.0,0.0,0.0,0.0,0.0,0.0,0.0,0.0,0.003353828954723309,0.0005589714924538849,0.0,0.02738960313024036,0.0,0.0,0.0,0.0,0.007825600894354388,0.0005589714924538849,0.003912800447177194,0.002794857462269424,0.006148686416992733,0.0022358859698155395,0.0022358859698155395,0.003912800447177194,0.03912800447177194,0.003353828954723309,0.0,0.005030743432084964,0.0,0.010061486864169928,0.010061486864169928,0.0,0.0,0.0,0.021240916713247623,0.0,0.011738401341531582,0.005589714924538848,0.0,0.006148686416992733,0.005030743432084964,0.0,0.0,0.004471771939631079,0.005589714924538848,0.003912800447177194,0.002794857462269424,0.0,0.0,0.0,0.0,0.0,0.029066517607602014,0.0072666294019005035,0.0,0.0022358859698155395,0.0,0.0011179429849077697,0.0,0.0,0.0,0.0,0.025712688652878703,0.0005589714924538849,0.0,0.006148686416992733,0.0005589714924538849,0.0005589714924538849,0.0,0.0,0.0,0.006707657909446618,0.0,0.013415315818893237,0.0005589714924538849,0.0,0.0011179429849077697,0.0011179429849077697,0.0,0.0,0.0,0.0,0.0,0.0,0.20917225950782997,0.0,0.018456375838926176,0.0,0.0,0.0,0.0,0.0,0.0,0.0,0.0,0.0,0.0,0.0,0.0,0.0,0.0,0.0,0.0,0.0,0.0,0.0,0.0,0.0,0.0,0.0,0.0,0.018456375838926176,0.0,0.0,0.0,0.0,0.0,0.0,0.0,0.0,0.0,0.036353467561521254,0.026845637583892617,0.0011185682326621924,0.0,0.0044742729306487695,0.0,0.0,0.0,0.0,0.0,0.0,0.0,0.0,0.0,0.0,0.0,0.0,0.0,0.0,0.0,0.0,0.0,0.0,0.0,0.0,0.0,0.0,0.0,0.0,0.0,0.0,0.0,0.0,0.0,0.0,0.0,0.0,0.0,0.0005592841163310962,0.0,0.0,0.0,0.0,0.0,0.0,0.0,0.0,0.0,0.0,0.0,0.0,0.0,0.0,0.003355704697986577,0.0,0.0,0.0,0.0,0.0,0.0,0.0,0.0,0.0,0.0,1.0,0.0,0.0,0.0,0.0,0.0,0.0,0.0
1780373061618838103,1342,0,0.0,0.45305514157973176,0.00894187779433681,0.06855439642324888,0.0,0.09388971684053651,0.0,0.0,0.0,0.0,0.0,0.11847988077496274,0.0,0.0,0.0,0.0,0.0,0.0,0.0,0.0,0.03278688524590164,0.0,0.0,0.0,0.0,0.0,0.01788375558867362,0.05812220566318927,0.0,0.0,0.0,0.0,0.0,0.0,0.0,0.0,0.0,0.0,0.0,0.0,0.00894187779433681,0.0,0.0,0.03576751117734724,0.0,0.0,0.08569299552906111,0.0,0.0,0.0,0.0,0.0,0.0,0.0,0.0,0.0,0.0,0.0,0.0,0.0,0.0,0.0,0.0,0.0,0.0,0.0,0.0,0.33557046979865773,0.0,0.0,0.0,0.0,0.0,0.0,0.0447427293064877,0.0,0.041759880686055184,0.0,0.0,0.030574198359433258,0.0,0.0,0.0,0.0,0.0,0.0,0.0,0.0,0.0,0.0,0.0,0.0,0.0,0.0,0.015659955257270694,0.026845637583892617,0.0037285607755406414,0.0,0.0,0.0,0.0,0.0,0.0,0.0,0.0,0.0,0.0,0.0,0.0044742729306487695,0.0022371364653243847,0.0,0.0,0.0,0.0,0.0,0.0,0.0,0.0,0.0,0.0,0.0,0.0,0.0,0.0,0.0,0.0,0.0,0.0,0.0,0.0,0.0,0.0,0.0,0.0,0.0,0.0,0.0,0.0,0.0,0.0,0.0,0.0,0.006711409395973154,0.0,0.0,0.019388516032811335,0.0,0.0,0.0,0.0,0.01267710663683818,0.0,0.0,0.0,0.0044742729306487695,0.0,0.0,0.0,0.030574198359433258,0.0,0.0,0.0044742729306487695,0.0,0.014914243102162566,0.010439970171513796,0.0,0.0,0.0,0.023862788963460103,0.0,0.014914243102162566,0.006711409395973154,0.0,0.002982848620432513,0.0,0.0,0.0,0.0,0.010439970171513796,0.005219985085756898,0.006711409395973154,0.0,0.0,0.0,0.0,0.0,0.03355704697986577,0.009694258016405667,0.0,0.0014914243102162564,0.0,0.0,0.0,0.0,0.0,0.0,0.029082774049217,0.0,0.0,0.0037285607755406414,0.0,0.0,0.0,0.0,0.0,0.006711409395973154,0.0,0.01640566741237882,0.0,0.0,0.0014914243102162564,0.0,0.0,0.0,0.0,0.0,0.0,0.0,0.22313432835820896,0.0,0.024626865671641792,0.0,0.0,0.0,0.0,0.0,0.0,0.0,0.0,0.0,0.0,0.0,0.0,0.0,0.0,0.0,0.0,0.0,0.0,0.0,0.0,0.0,0.0,0.0,0.0,0.020149253731343283,0.0,0.0,0.0,0.0,0.0,0.0,0.0,0.0,0.0,0.041791044776119404,0.026119402985074626,0.0,0.0,0.002238805970149254,0.0,0.0,0.0,0.0,0.0,0.0,0.0,0.0,0.0,0.0,0.0,0.0,0.0,0.0,0.0,0.0,0.0,0.0,0.0,0.0,0.0,0.0,0.0,0.0,0.0,0.0,0.0,0.0,0.0,0.0,0.0,0.0,0.0,0.0,0.0,0.0,0.0,0.0,0.0,0.0,0.0,0.0,0.0,0.0,0.0,0.0,0.0,0.0,0.004477611940298508,0.0,0.0,0.0,0.0,0.0,0.0,0.0,0.0,0.0,0.0,1.0,0.0,0.0,0.0,0.0,0.0,0.0,0.0
1780373066618791648,1830,0,0.0,0.4306010928961749,0.006557377049180328,0.046994535519125684,0.0,0.15300546448087432,0.0,0.0,0.0,0.0,0.0,0.10710382513661203,0.0,0.0,0.0,0.0,0.0,0.0,0.0,0.0,0.022950819672131147,0.0,0.0,0.0,0.0,0.0,0.013114754098360656,0.04262295081967213,0.0,0.0,0.0,0.0,0.0,0.0,0.0,0.0,0.0,0.0,0.0,0.0,0.006557377049180328,0.0,0.0,0.02622950819672131,0.0,0.009836065573770493,0.12131147540983607,0.0,0.0,0.0,0.0,0.0,0.0,0.0,0.0,0.0,0.0,0.0,0.0,0.0,0.0,0.0,0.0,0.0,0.0,0.0,0.0,0.31656642974302895,0.0,0.0,0.0,0.0,0.0,0.0,0.03171131765992345,0.0,0.02569710224166211,0.0,0.0,0.03608529250956807,0.0,0.0,0.0,0.0,0.0,0.0,0.0,0.0,0.0,0.0,0.0,0.0,0.0,0.0,0.02186987424822307,0.014215418261344996,0.002733734281027884,0.0,0.0,0.0,0.0,0.0,0.0,0.0,0.0,0.0,0.0,0.0,0.008201202843083653,0.0065609622744669215,0.0,0.0,0.0,0.0,0.0,0.0,0.0,0.0,0.0,0.0,0.0,0.0,0.0,0.0,0.0,0.0,0.0,0.0,0.0,0.0,0.0,0.0,0.0,0.0,0.0,0.0,0.0,0.0,0.0,0.0,0.0,0.0,0.007654455986878075,0.0,0.0,0.02952433023510115,0.0,0.0,0.0,0.0,0.009294696555494806,0.0005467468562055768,0.0,0.0,0.0032804811372334607,0.0,0.0,0.0,0.03389830508474576,0.0,0.0,0.0032804811372334607,0.0,0.0065609622744669215,0.006014215418261345,0.0,0.0,0.0,0.02077638053581192,0.0,0.010934937124111536,0.0038272279934390375,0.0,0.014215418261344996,0.0,0.0,0.0,0.0,0.002186987424822307,0.002733734281027884,0.0010934937124111536,0.0,0.0,0.0,0.0,0.0,0.056861673045379986,0.004373974849644614,0.0,0.0,0.0,0.0,0.0,0.0,0.0,0.0,0.056314926189174414,0.0,0.0,0.014762165117550574,0.0,0.0,0.0,0.0,0.0,0.006014215418261345,0.0,0.010934937124111536,0.0,0.0,0.0032804811372334607,0.0,0.0,0.0,0.0,0.0,0.0,0.0,0.2051422319474836,0.0,0.016411378555798686,0.0,0.0,0.0,0.0,0.0,0.0,0.0,0.0,0.0,0.0,0.0,0.0,0.0,0.0,0.0,0.0,0.0,0.0,0.0,0.0,0.0,0.0,0.0,0.0,0.012582056892778994,0.0,0.0,0.0,0.0,0.0,0.0,0.0,0.0,0.0,0.02461706783369803,0.014223194748358862,0.0,0.0005470459518599562,0.0005470459518599562,0.0,0.0,0.0,0.0,0.0,0.0,0.0,0.0,0.0,0.0,0.0,0.0,0.0,0.0,0.0,0.0,0.0,0.0,0.0,0.0,0.0,0.0,0.0,0.0,0.0,0.0,0.0,0.0,0.0,0.0,0.0,0.0,0.0,0.0,0.0,0.0,0.0,0.0,0.0,0.0,0.0,0.0,0.0,0.0,0.0,0.0,0.0,0.0,0.008205689277899343,0.0,0.0,0.0,0.0,0.0,0.0,0.0,0.0,0.0,0.0,1.0,0.0,0.0,0.0,0.0,0.0,0.0,0.0
1780373071618840586,3015,1,0.003316749585406302,0.25870646766169153,0.026533996683250415,0.029187396351575457,0.01857379767827529,0.09585406301824212,0.015257048092868989,0.0006633499170812604,0.0,0.005306799336650083,0.012603648424543947,0.08092868988391376,0.0,0.02122719734660033,0.015257048092868989,0.003316749585406302,0.0,0.007960199004975124,0.0076285240464344945,0.0,0.013930348258706468,0.004643449419568822,0.0,0.0006633499170812604,0.003316749585406302,0.005970149253731343,0.006633499170812604,0.01857379767827529,0.07562189054726368,0.0,0.0,0.004643449419568822,0.006965174129353234,0.0,0.0,0.003980099502487562,0.0,0.0,0.003980099502487562,0.0,0.003316749585406302,0.0026533996683250414,0.0,0.013266998341625208,0.003980099502487562,0.0,0.021890547263681594,0.0,0.0,0.0006633499170812604,0.0013266998341625207,0.009950248756218905,0.0026533996683250414,0.013930348258706468,0.0,0.0,0.0,0.0,0.005306799336650083,0.0,0.0,0.0,0.007960199004975124,0.0,0.0,0.0,0.0,0.19110816191108163,0.0013271400132714001,0.0,0.0,0.0,0.00033178500331785003,0.0112806901128069,0.019907100199071003,0.00033178500331785003,0.01692103516921035,0.007962840079628402,0.011944260119442602,0.0165892501658925,0.0033178500331785005,0.0006635700066357001,0.0,0.0,0.0,0.0,0.0,0.0,0.0,0.0,0.0,0.0,0.0,0.0,0.0046449900464499,0.01028533510285335,0.013271400132714002,0.0,0.00033178500331785003,0.0,0.0185799601857996,0.0,0.0,0.0,0.0,0.0,0.0,0.0019907100199071004,0.0013271400132714001,0.0006635700066357001,0.0,0.0033178500331785005,0.0,0.0,0.0,0.0,0.0,0.0009953550099535502,0.0006635700066357001,0.0,0.0,0.0,0.0,0.0,0.0,0.0,0.0,0.0,0.0,0.0,0.00232249502322495,0.0,0.0,0.0,0.0,0.0,0.0,0.0,0.0,0.0,0.0,0.0043132050431320505,0.0006635700066357001,0.0,0.0013271400132714001,0.011612475116124751,0.0,0.0,0.0,0.00033178500331785003,0.003981420039814201,0.0,0.0006635700066357001,0.0,0.0016589250165892503,0.0,0.0,0.0,0.029197080291970802,0.0,0.0,0.0013271400132714001,0.0,0.0053085600530856005,0.0053085600530856005,0.0,0.0,0.0,0.008958195089581952,0.0,0.0046449900464499,0.0029860650298606504,0.0,0.005972130059721301,0.0,0.0013271400132714001,0.0013271400132714001,0.0016589250165892503,0.0033178500331785005,0.0006635700066357001,0.0019907100199071004,0.0,0.00033178500331785003,0.0,0.0,0.0,0.007631055076310551,0.003981420039814201,0.003981420039814201,0.0013271400132714001,0.0,0.0,0.0,0.0009953550099535502,0.0,0.0,0.006967485069674851,0.0006635700066357001,0.0,0.0019907100199071004,0.0,0.0006635700066357001,0.0026542800265428003,0.0,0.0,0.0033178500331785005,0.00033178500331785003,0.004976775049767751,0.0,0.0,0.0006635700066357001,0.0,0.0009953550099535502,0.0,0.0006635700066357001,0.0013271400132714001,0.0,0.0,0.12545635579156986,0.0,0.011948224361101892,0.0,0.0,0.0,0.0,0.0,0.0,0.0,0.0,0.0,0.0,0.008961168270826419,0.0,0.0,0.0,0.0,0.0,0.00033189512114171923,0.0,0.0,0.0,0.004646531695984069,0.0,0.0,0.0,0.008961168270826419,0.003318951211417192,0.0,0.0,0.0,0.0,0.0,0.0,0.0,0.0,0.016262860935944243,0.010288748755393295,0.0,0.00033189512114171923,0.00033189512114171923,0.0,0.0,0.0,0.0,0.0006637902422834385,0.0,0.0,0.0,0.0,0.0,0.0,0.0,0.0,0.0,0.0,0.0,0.0,0.0,0.0023232658479920344,0.0,0.0,0.0,0.0,0.0,0.0,0.0,0.0,0.0,0.0,0.0,0.0,0.0,0.0,0.0,0.0,0.0,0.0,0.0,0.00033189512114171923,0.0,0.0,0.0,0.0,0.0,0.0,0.0,0.0,0.0,0.0009956853634251576,0.0,0.0,0.0,0.0,0.0,0.0,0.0,0.0,1.0,0.0,1.0,0.0,0.0,0.0,0.0,0.0,0.0,0.0
1780373076852263998,1530,1,0.00261437908496732,0.36209150326797385,0.023529411764705882,0.054901960784313725,0.01045751633986928,0.07908496732026143,0.00784313725490196,0.00130718954248366,0.0,0.00522875816993464,0.00522875816993464,0.0934640522875817,0.0,0.00522875816993464,0.00392156862745098,0.00130718954248366,0.0,0.00522875816993464,0.00522875816993464,0.0,0.02875816993464052,0.00392156862745098,0.0,0.0,0.00392156862745098,0.0,0.013071895424836602,0.03790849673202614,0.047058823529411764,0.0,0.0,0.00392156862745098,0.00718954248366013,0.0,0.0,0.0,0.0,0.0,0.0,0.0,0.006535947712418301,0.0,0.0,0.026143790849673203,0.0,0.0,0.0718954248366013,0.0,0.0,0.0,0.00261437908496732,0.00522875816993464,0.0,0.00784313725490196,0.0,0.0,0.0,0.0,0.0,0.0,0.0,0.0,0.00522875816993464,0.0,0.0,0.00261437908496732,0.0,0.2563767168083715,0.0013080444735120995,0.0006540222367560497,0.0,0.0,0.0006540222367560497,0.005232177894048398,0.027468933943754086,0.0006540222367560497,0.026160889470241987,0.002616088947024199,0.002616088947024199,0.01962066710268149,0.0032701111837802484,0.0,0.0,0.0,0.0,0.0,0.0,0.0,0.0,0.0,0.0,0.0,0.0,0.0,0.015042511445389144,0.020274689339437543,0.011118378024852845,0.0,0.0,0.0,0.0013080444735120995,0.0,0.0,0.0,0.0,0.0,0.0,0.002616088947024199,0.005232177894048398,0.004578155657292348,0.0,0.0013080444735120995,0.0006540222367560497,0.0,0.0,0.0,0.0,0.0,0.001962066710268149,0.0,0.0,0.0,0.0,0.0,0.0,0.0,0.0006540222367560497,0.0,0.0006540222367560497,0.0,0.0006540222367560497,0.0,0.0,0.0,0.0,0.0,0.0,0.0,0.0006540222367560497,0.0,0.0,0.002616088947024199,0.0032701111837802484,0.0006540222367560497,0.0013080444735120995,0.013734466971877043,0.0,0.0,0.0,0.0,0.008502289077828646,0.0,0.0,0.0,0.0032701111837802484,0.0,0.0,0.0,0.031393067364290386,0.0,0.0,0.0032701111837802484,0.0,0.011118378024852845,0.007848266841072597,0.0,0.0,0.0,0.01896664486592544,0.0,0.010464355788096796,0.009156311314584695,0.0,0.002616088947024199,0.0,0.0006540222367560497,0.0006540222367560497,0.0006540222367560497,0.005886200130804447,0.003924133420536298,0.009156311314584695,0.0,0.0,0.0,0.0,0.0,0.02223675604970569,0.009810333551340745,0.0006540222367560497,0.0006540222367560497,0.0,0.0,0.0,0.0,0.0006540222367560497,0.0006540222367560497,0.012426422498364944,0.0,0.0,0.008502289077828646,0.0,0.0006540222367560497,0.0006540222367560497,0.0,0.0,0.0032701111837802484,0.0006540222367560497,0.009156311314584695,0.0,0.0,0.0,0.0,0.0006540222367560497,0.0,0.0,0.0,0.0,0.0,0.16164921465968587,0.0,0.00981675392670157,0.0,0.0,0.0,0.0,0.0,0.0,0.0,0.0,0.0,0.0,0.0013089005235602095,0.0,0.0,0.0,0.0,0.0,0.0006544502617801048,0.0,0.0,0.0,0.001963350785340314,0.0,0.0,0.0,0.011780104712041885,0.0,0.0,0.0,0.0,0.0,0.0,0.0,0.0,0.0,0.025523560209424083,0.017015706806282723,0.0006544502617801048,0.0006544502617801048,0.002617801047120419,0.0,0.0,0.0,0.0,0.0013089005235602095,0.0,0.0,0.0,0.0,0.0,0.0,0.0,0.0,0.0,0.0,0.0,0.0006544502617801048,0.0,0.0006544502617801048,0.0,0.0,0.0,0.0,0.0,0.0,0.0,0.0,0.0,0.0,0.0,0.0,0.0006544502617801048,0.0,0.0,0.0,0.0,0.0,0.0,0.0,0.0,0.0,0.0,0.0,0.0,0.0,0.0,0.0,0.0,0.002617801047120419,0.0,0.0,0.0,0.0,0.0,0.0,0.0,0.0,1.0,0.0,1.0,0.0,0.0,0.0,0.0,0.0,0.0,0.0
1780373081618785078,1505,0,0.0,0.46245847176079735,0.009302325581395349,0.07176079734219269,0.0,0.08770764119601329,0.0,0.0,0.0,0.0,0.0,0.11495016611295682,0.0,0.0,0.0,0.0,0.0,0.0,0.0,0.0,0.0345514950166113,0.0,0.0,0.0,0.0,0.0,0.018604651162790697,0.05581395348837209,0.0,0.0,0.0,0.0,0.0,0.0,0.0,0.0,0.0,0.0,0.0,0.0,0.009302325581395349,0.0,0.0,0.037209302325581395,0.0,0.00132890365448505,0.07840531561461794,0.0,0.0,0.0,0.0,0.0,0.0,0.0,0.0,0.0,0.0,0.0,0.0,0.0,0.0,0.0,0.0,0.0,0.0,0.0,0.0,0.34773936170212766,0.0,0.0,0.0,0.0,0.0,0.0,0.04454787234042553,0.0,0.0398936170212766,0.0,0.0,0.02925531914893617,0.0,0.0,0.0,0.0,0.0,0.0,0.0,0.0,0.0,0.0,0.0,0.0,0.0,0.0,0.013962765957446808,0.026595744680851064,0.003324468085106383,0.0,0.0,0.0,0.0,0.0,0.0,0.0,0.0,0.0,0.0,0.0,0.003989361702127659,0.005319148936170213,0.0,0.0,0.0,0.0,0.0,0.0,0.0,0.0,0.0,0.0,0.0,0.0,0.0,0.0,0.0,0.0,0.0,0.0,0.0,0.0,0.0,0.0,0.0,0.0,0.0,0.0,0.0,0.0,0.0,0.0,0.0,0.0,0.0026595744680851063,0.0,0.0,0.018617021276595744,0.0,0.0,0.0,0.0,0.011968085106382979,0.0013297872340425532,0.0,0.0,0.003989361702127659,0.0,0.0,0.0,0.030585106382978722,0.0,0.0,0.004654255319148936,0.0,0.015292553191489361,0.010638297872340425,0.0,0.0,0.0,0.026595744680851064,0.0,0.013297872340425532,0.007978723404255319,0.0,0.0026595744680851063,0.0006648936170212766,0.0,0.0,0.0013297872340425532,0.009308510638297872,0.004654255319148936,0.006648936170212766,0.0,0.0,0.0,0.0,0.0,0.02526595744680851,0.00997340425531915,0.0,0.0019946808510638296,0.0,0.0,0.0,0.0,0.0,0.0,0.022606382978723406,0.0006648936170212766,0.0,0.004654255319148936,0.0,0.0,0.0,0.0,0.0,0.008643617021276596,0.0,0.014627659574468085,0.0,0.0,0.0019946808510638296,0.0,0.0,0.0,0.0,0.0,0.0,0.0,0.23885562208915503,0.0,0.023286759813705923,0.0,0.0,0.0,0.0,0.0,0.0,0.0,0.0,0.0,0.0,0.0,0.0,0.0,0.0,0.0,0.0,0.0,0.0,0.0,0.0,0.0,0.0,0.0,0.0,0.02262142381902861,0.0,0.0,0.0,0.0,0.0,0.0,0.0,0.0,0.0,0.0385894876912841,0.02594810379241517,0.0,0.0,0.001996007984031936,0.0,0.0,0.0,0.0,0.0,0.0,0.0,0.0,0.0,0.0,0.0,0.0,0.0,0.0,0.0,0.0,0.0,0.0,0.0,0.0,0.0,0.0,0.0,0.0,0.0,0.0,0.0,0.0,0.0,0.0,0.0,0.0,0.0,0.0,0.0,0.0,0.0,0.0,0.0,0.0,0.0,0.0,0.0,0.0,0.0,0.0,0.0,0.0,0.001996007984031936,0.0,0.0,0.0,0.0,0.0,0.0,0.0,0.0,0.0,0.0,1.0,0.0,0.0,0.0,0.0,0.0,0.0,0.0
1780373087627743415,1547,0,0.0,0.4369747899159664,0.015513897866839044,0.056884292178409825,0.0,0.09114414996767937,0.0,0.0,0.0,0.0,0.0,0.11893988364576599,0.0,0.002585649644473174,0.0,0.0,0.0,0.0,0.0,0.0,0.027149321266968326,0.0,0.0,0.0,0.0,0.0,0.031027795733678087,0.053005817711700064,0.0,0.0,0.0,0.0,0.0,0.0,0.0,0.0,0.0,0.0,0.0,0.00904977375565611,0.015513897866839044,0.00904977375565611,0.00904977375565611,0.03490627020038785,0.0,0.002585649644473174,0.07369101486748546,0.0,0.0,0.0,0.0,0.0,0.0,0.0,0.0,0.0,0.0,0.0,0.0,0.0,0.0,0.0,0.0,0.0,0.0,0.0,0.0,0.3279430789133247,0.0,0.0,0.0,0.0,0.0,0.0,0.03557567917205692,0.0,0.032988357050452784,0.0,0.0,0.032988357050452784,0.0,0.0,0.0,0.0,0.0,0.0,0.0,0.0,0.0,0.0,0.0,0.0,0.0,0.0,0.009702457956015523,0.02457956015523933,0.005821474773609315,0.0,0.0,0.0,0.000646830530401035,0.0,0.0,0.0,0.0,0.0,0.0,0.0,0.0038809831824062097,0.00258732212160414,0.0,0.0,0.0,0.0,0.0,0.0,0.0,0.0,0.0,0.0,0.0,0.0,0.0,0.0,0.0,0.0,0.0,0.0,0.0,0.0,0.0,0.0,0.0,0.0,0.0,0.0,0.0,0.0,0.0,0.0,0.0,0.0,0.0038809831824062097,0.000646830530401035,0.0,0.022639068564036222,0.0,0.0,0.0,0.0,0.009055627425614488,0.000646830530401035,0.00517464424320828,0.0038809831824062097,0.0071151358344113845,0.00129366106080207,0.0038809831824062097,0.004527813712807244,0.037516170763260026,0.003234152652005175,0.0,0.007761966364812419,0.0,0.0129366106080207,0.007761966364812419,0.0,0.0,0.0,0.027166882276843468,0.0,0.010996119016817595,0.007761966364812419,0.0,0.0038809831824062097,0.003234152652005175,0.0,0.0,0.000646830530401035,0.005821474773609315,0.003234152652005175,0.005821474773609315,0.0,0.0,0.0,0.0,0.0,0.0278137128072445,0.008408796895213453,0.0,0.003234152652005175,0.0,0.00129366106080207,0.000646830530401035,0.0,0.0,0.0,0.03040103492884864,0.000646830530401035,0.0,0.005821474773609315,0.000646830530401035,0.0,0.0,0.0,0.0,0.00646830530401035,0.0,0.012289780077619664,0.000646830530401035,0.0,0.000646830530401035,0.0,0.0,0.0,0.0,0.0,0.0,0.0,0.22394822006472492,0.0,0.018122977346278317,0.0,0.0,0.0,0.0,0.0,0.0,0.0,0.0,0.0,0.0,0.0,0.0,0.0,0.0,0.0,0.0,0.0,0.0,0.0,0.0,0.0,0.0,0.0,0.0,0.01488673139158576,0.0,0.0,0.0,0.0,0.0,0.0,0.0,0.0,0.0,0.032362459546925564,0.02330097087378641,0.0012944983818770227,0.0,0.0025889967637540453,0.0,0.0,0.0,0.0,0.0,0.0,0.0,0.0,0.0,0.0,0.0,0.0,0.0,0.0,0.0,0.0,0.0,0.0,0.0,0.0,0.0,0.0,0.0,0.0,0.0,0.0,0.0,0.0,0.0,0.0,0.0,0.0,0.0,0.0,0.0,0.0,0.0,0.0,0.0,0.0,0.0,0.0,0.0,0.0,0.0,0.0,0.0,0.0,0.0025889967637540453,0.0,0.0,0.0,0.0,0.0,0.0,0.0006472491909385113,0.0,0.0,0.0,1.0,0.0,0.0,0.0,0.0,0.0,0.0,0.0
1780373091618796572,1501,0,0.0,0.463690872751499,0.007994670219853431,0.06129247168554297,0.0,0.10193204530313124,0.0,0.0,0.0,0.0,0.0,0.11192538307794804,0.0,0.0,0.0,0.0,0.0,0.0,0.0,0.0,0.030646235842771485,0.0,0.0,0.0,0.0,0.0,0.015989340439706862,0.05329780146568954,0.0,0.0,0.0,0.0,0.0,0.0,0.0,0.0,0.0,0.0,0.0,0.0,0.007994670219853431,0.0,0.0,0.031978680879413725,0.0,0.0,0.09726848767488341,0.0,0.0,0.0,0.0,0.0,0.0,0.0,0.0,0.0,0.0,0.0,0.0,0.0,0.0,0.0,0.0,0.0,0.0,0.0,0.0,0.3426666666666667,0.0,0.0,0.0,0.0,0.0,0.0,0.03933333333333333,0.0,0.04133333333333333,0.0,0.0,0.03,0.0,0.0,0.0,0.0,0.0,0.0,0.0,0.0,0.0,0.0,0.0,0.0,0.0,0.0,0.016,0.02666666666666667,0.0026666666666666666,0.0,0.0,0.0,0.0,0.0,0.0,0.0,0.0,0.0,0.0,0.0,0.0033333333333333335,0.002,0.0,0.0,0.0,0.0,0.0,0.0,0.0,0.0,0.0,0.0,0.0,0.0,0.0,0.0,0.0,0.0,0.0,0.0,0.0,0.0,0.0,0.0,0.0,0.0,0.0,0.0,0.0,0.0,0.0,0.0,0.0,0.0,0.008,0.0,0.0,0.018,0.0,0.0,0.0,0.0,0.013333333333333334,0.0006666666666666666,0.0,0.0,0.004,0.0,0.0,0.0,0.030666666666666665,0.0,0.0,0.004,0.0,0.012,0.008666666666666666,0.0,0.0,0.0,0.024666666666666667,0.0,0.013333333333333334,0.006666666666666667,0.0,0.0033333333333333335,0.0,0.0,0.0,0.0,0.008666666666666666,0.004666666666666667,0.007333333333333333,0.0,0.0,0.0,0.0,0.0,0.038,0.008,0.0,0.0033333333333333335,0.0,0.0,0.0,0.0,0.0,0.0,0.04,0.0,0.0,0.004,0.0,0.0,0.0,0.0,0.0,0.005333333333333333,0.0,0.014666666666666666,0.0,0.0,0.0013333333333333333,0.0,0.0,0.0,0.0,0.0,0.0,0.0,0.22615076717811874,0.0,0.02068045363575717,0.0,0.0,0.0,0.0,0.0,0.0,0.0,0.0,0.0,0.0,0.0,0.0,0.0,0.0,0.0,0.0,0.0,0.0,0.0,0.0,0.0,0.0,0.0,0.0,0.022014676450967312,0.0,0.0,0.0,0.0,0.0,0.0,0.0,0.0,0.0,0.040693795863909275,0.025350233488992662,0.00066711140760507,0.0,0.00333555703802535,0.0,0.0,0.0,0.0,0.0,0.0,0.0,0.0,0.0,0.0,0.0,0.0,0.0,0.0,0.0,0.0,0.0,0.0,0.0,0.0,0.0,0.0,0.0,0.0,0.0,0.0,0.0,0.0,0.0,0.0,0.0,0.0,0.0,0.0,0.0,0.0,0.0,0.0,0.0,0.0,0.0,0.0,0.0,0.0,0.0,0.0,0.0,0.0,0.00266844563042028,0.0,0.0,0.0,0.0,0.0,0.0,0.0,0.0,0.0,0.0,1.0,0.0,0.0,0.0,0.0,0.0,0.0,0.0
1780373097461388222,2455,0,0.004073319755600814,0.4,0.009775967413441956,0.038289205702647655,0.005702647657841141,0.11608961303462322,0.001629327902240326,0.0,0.0,0.001629327902240326,0.000814663951120163,0.0855397148676171,0.0,0.0,0.0,0.003258655804480652,0.0,0.000814663951120163,0.0004073319755600815,0.0,0.018737270875763747,0.002443991853360489,0.0,0.0,0.0004073319755600815,0.008146639511201629,0.009775967413441956,0.022810590631364563,0.01384928716904277,0.0,0.0,0.000814663951120163,0.0,0.0,0.0,0.006109979633401222,0.0,0.0,0.0,0.0,0.006517311608961304,0.002443991853360489,0.002443991853360489,0.019551934826883912,0.0,0.001629327902240326,0.09124236252545825,0.0,0.0,0.0,0.001629327902240326,0.004073319755600814,0.004073319755600814,0.004887983706720978,0.0,0.0,0.0,0.0,0.008146639511201629,0.0,0.0,0.0,0.000814663951120163,0.0,0.0,0.0,0.0,0.2954360228198859,0.002037489812550937,0.0,0.0,0.0,0.0,0.0028524857375713123,0.026079869600651995,0.0,0.023634881825590873,0.00040749796251018743,0.0,0.023227383863080684,0.0012224938875305623,0.0008149959250203749,0.0,0.0,0.0,0.0,0.0,0.0,0.0,0.0,0.0,0.0,0.0,0.0,0.010594947025264874,0.013447432762836185,0.005297473512632437,0.0,0.0,0.0,0.0,0.0,0.0,0.0,0.0,0.0,0.0,0.0,0.0028524857375713123,0.003667481662591687,0.0,0.00040749796251018743,0.0,0.0,0.0,0.0,0.0,0.00040749796251018743,0.0,0.0,0.0,0.0,0.0,0.0,0.0,0.0,0.0,0.0,0.0,0.0,0.0,0.0,0.0,0.0,0.0,0.0,0.0,0.0,0.0,0.0,0.0,0.0,0.002037489812550937,0.0,0.0,0.018337408312958436,0.0,0.0,0.0,0.0,0.004889975550122249,0.00040749796251018743,0.0,0.0,0.002037489812550937,0.0,0.0,0.0,0.023227383863080684,0.0,0.0,0.0024449877750611247,0.0,0.0069274653626731865,0.003667481662591687,0.0,0.0,0.0,0.010594947025264874,0.0,0.0057049714751426246,0.003667481662591687,0.0,0.009372453137734311,0.0,0.00040749796251018743,0.00040749796251018743,0.00040749796251018743,0.003667481662591687,0.00040749796251018743,0.0032599837000814994,0.00040749796251018743,0.00040749796251018743,0.0,0.0,0.0,0.042787286063569685,0.005297473512632437,0.00040749796251018743,0.0008149959250203749,0.0,0.0,0.0,0.0,0.0,0.0,0.03830480847595762,0.00040749796251018743,0.0,0.004074979625101874,0.0,0.00040749796251018743,0.0008149959250203749,0.0,0.00040749796251018743,0.004482477587612062,0.00040749796251018743,0.006112469437652812,0.0,0.0,0.0008149959250203749,0.0,0.0,0.0,0.0,0.0012224938875305623,0.0,0.0,0.19323277619241744,0.0,0.016306563391765186,0.0,0.0,0.0,0.0,0.0,0.0,0.0,0.0,0.0,0.0,0.0,0.0,0.0,0.0,0.0,0.0,0.0,0.0,0.0,0.0,0.0,0.0,0.0,0.0,0.011822258459029759,0.0,0.0,0.0,0.0,0.0,0.0,0.0,0.0,0.0,0.02282918874847126,0.013045250713412148,0.0,0.0008153281695882593,0.0008153281695882593,0.0,0.0,0.0008153281695882593,0.0,0.0,0.0,0.0,0.0,0.0,0.0,0.0,0.0,0.0,0.0,0.0,0.0,0.0,0.0,0.0,0.0,0.0,0.0,0.0,0.0,0.0,0.0,0.0,0.0,0.0,0.0,0.0,0.0,0.0,0.0,0.0,0.0,0.0,0.0,0.0,0.0,0.0,0.0,0.0,0.0,0.0,0.0,0.0,0.0,0.0020383204239706482,0.0,0.0,0.0,0.0,0.0,0.0,0.0,0.0,0.0,0.0,1.0,0.0,0.0,0.0,0.0,0.0,0.0,0.0
1780373101840150702,2039,0,0.0,0.4472780774889652,0.006866110838646395,0.0461010299166258,0.0,0.14565963707699853,0.0,0.0,0.0,0.0,0.0,0.09661598822952427,0.0,0.0,0.0,0.0,0.0,0.0,0.0,0.0,0.023540951446787643,0.0,0.0,0.0,0.0,0.0,0.01373222167729279,0.0392349190779794,0.0,0.0,0.0,0.0,0.0,0.0,0.0,0.0,0.0,0.0,0.0,0.0,0.006866110838646395,0.0,0.0,0.02746444335458558,0.0,0.008827856792545365,0.12408043158410986,0.0,0.0,0.0,0.0,0.0,0.0,0.0,0.0,0.0,0.0,0.0,0.0,0.0,0.0,0.0,0.0,0.0,0.0,0.0,0.0,0.3267909715407262,0.0,0.0,0.0,0.0,0.0,0.0,0.02747791952894995,0.0,0.023552502453385672,0.0,0.0,0.03042198233562316,0.0,0.0,0.0,0.0,0.0,0.0,0.0,0.0,0.0,0.0,0.0,0.0,0.0,0.0,0.022571148184494603,0.016683022571148183,0.002944062806673209,0.0,0.0,0.0,0.0,0.0,0.0,0.0,0.0,0.0,0.0,0.0,0.0068694798822374874,0.007850834151128557,0.0,0.0,0.0,0.0,0.0,0.0,0.0,0.0,0.0,0.0,0.0,0.0,0.0,0.0,0.0,0.0,0.0,0.0,0.0,0.0,0.0,0.0,0.0,0.0,0.0,0.0,0.0,0.0,0.0,0.0,0.0,0.0,0.005888125613346418,0.0,0.0,0.025024533856722278,0.0,0.0,0.0,0.0,0.007850834151128557,0.0004906771344455348,0.0,0.0,0.0034347399411187437,0.0,0.0,0.0,0.03189401373895977,0.0,0.0,0.002944062806673209,0.0,0.0068694798822374874,0.004906771344455349,0.0,0.0,0.0,0.01717369970559372,0.0,0.009322865554465163,0.005397448478900883,0.0,0.01422963689892051,0.0009813542688910696,0.0,0.0,0.0,0.002944062806673209,0.003925417075564278,0.0024533856722276743,0.0,0.0,0.0,0.0,0.0,0.05740922473012758,0.004906771344455349,0.0,0.0009813542688910696,0.0,0.0,0.0,0.0,0.0,0.0,0.0549558390578999,0.0004906771344455348,0.0,0.015701668302257114,0.0,0.0009813542688910696,0.0,0.0,0.0,0.004416094210009814,0.0,0.010794896957801767,0.0,0.0,0.0024533856722276743,0.0,0.0,0.0,0.0,0.0,0.0,0.0,0.21158566519391261,0.0,0.01521845851742759,0.0,0.0,0.0,0.0,0.0,0.0,0.0,0.0,0.0,0.0,0.0,0.0,0.0,0.0,0.0,0.0,0.0,0.0,0.0,0.0,0.0,0.0,0.0,0.0,0.011782032400589101,0.0,0.0,0.0,0.0,0.0,0.0,0.0,0.0,0.0,0.022091310751104567,0.015709376534118802,0.0,0.0004909180166912126,0.0009818360333824251,0.0,0.0,0.0,0.0,0.0,0.0,0.0,0.0,0.0,0.0,0.0,0.0,0.0,0.0,0.0,0.0,0.0,0.0,0.0,0.0,0.0,0.0,0.0,0.0,0.0,0.0,0.0,0.0,0.0,0.0,0.0,0.0,0.0,0.0,0.0,0.0,0.0,0.0,0.0,0.0,0.0,0.0,0.0,0.0,0.0,0.0,0.0,0.0,0.004909180166912126,0.0,0.0,0.0,0.0,0.0,0.0,0.0,0.0,0.0,0.0,1.0,0.0,0.0,0.0,0.0,0.0,0.0,0.0
1780373106618856948,3084,1,0.005188067444876783,0.45395590142671854,0.007133592736705577,0.023994811932555125,0.010376134889753566,0.09922178988326848,0.004539559014267186,0.0,0.0,0.0025940337224383916,0.007782101167315175,0.08009079118028535,0.0,0.019455252918287938,0.0012970168612191958,0.0038910505836575876,0.0,0.00324254215304799,0.0029182879377431907,0.0,0.010376134889753566,0.0025940337224383916,0.0,0.0006485084306095979,0.0009727626459143969,0.007782101167315175,0.0038910505836575876,0.017509727626459144,0.03696498054474708,0.0,0.0,0.0,0.002269779507133593,0.0,0.0,0.0048638132295719845,0.0,0.0,0.0,0.0,0.0019455252918287938,0.0,0.0,0.007782101167315175,0.0,0.00324254215304799,0.04118028534370947,0.0,0.0,0.0006485084306095979,0.0,0.005836575875486381,0.00324254215304799,0.0012970168612191958,0.0,0.0,0.0,0.0,0.00648508430609598,0.0,0.0,0.0012970168612191958,0.00324254215304799,0.0,0.0,0.0,0.0,0.37074278300356794,0.0019461563412260785,0.0,0.0,0.0,0.0,0.005838469023678235,0.015569250729808628,0.0,0.01719104768083036,0.005514109633473889,0.0006487187804086928,0.02173207914369121,0.001621796951021732,0.0009730781706130393,0.0,0.0,0.0003243593902043464,0.0,0.0,0.0,0.0,0.0,0.0,0.0,0.0,0.0,0.008433344145313007,0.010055141096334739,0.0035679532922478106,0.0,0.0003243593902043464,0.0,0.016542328900421666,0.0,0.0,0.0,0.0,0.0,0.0,0.0009730781706130393,0.0029192345118391177,0.0022705157314304248,0.0,0.0003243593902043464,0.0,0.0,0.0,0.0,0.0,0.0006487187804086928,0.0003243593902043464,0.0,0.0,0.0,0.0,0.0,0.0,0.0,0.0,0.0,0.0,0.0,0.0006487187804086928,0.0,0.0,0.0,0.0,0.0,0.0,0.0,0.0,0.0,0.0,0.0012974375608173856,0.0019461563412260785,0.0,0.0,0.015893610120012974,0.0,0.0,0.0,0.0,0.0022705157314304248,0.0,0.0,0.0,0.0009730781706130393,0.0,0.0,0.0,0.028867985728186833,0.0,0.0,0.0009730781706130393,0.0,0.0029192345118391177,0.0025948751216347712,0.0,0.0,0.0,0.006811547194291274,0.0,0.0042166720726565035,0.003243593902043464,0.0,0.008108984755108661,0.0,0.0,0.0,0.0003243593902043464,0.0012974375608173856,0.0035679532922478106,0.0019461563412260785,0.0,0.0,0.0003243593902043464,0.0006487187804086928,0.0,0.017839766461239054,0.0022705157314304248,0.0012974375608173856,0.0006487187804086928,0.0,0.0,0.0,0.0,0.0,0.0,0.017515407071034706,0.0,0.0,0.0051897502432695424,0.0,0.0,0.0003243593902043464,0.0,0.0,0.001621796951021732,0.0009730781706130393,0.006811547194291274,0.0,0.0,0.0,0.0,0.0,0.0,0.0003243593902043464,0.0003243593902043464,0.0003243593902043464,0.0,0.28974691758598314,0.0,0.009085009733939001,0.0,0.0,0.0,0.0,0.0,0.0,0.0,0.0,0.0,0.0003244646333549643,0.0,0.0,0.0,0.0,0.0,0.0,0.0,0.0,0.0,0.0,0.003244646333549643,0.0,0.0,0.0,0.00973393900064893,0.003244646333549643,0.0,0.0,0.0,0.0,0.0,0.0,0.0,0.0,0.01719662556781311,0.010058403634003893,0.0012978585334198572,0.0,0.0006489292667099286,0.0,0.0,0.0,0.0,0.0003244646333549643,0.0,0.0,0.0,0.0,0.0,0.0,0.0,0.0,0.0,0.0,0.0,0.0,0.0,0.0006489292667099286,0.0,0.0,0.0,0.0,0.0,0.0,0.0,0.0,0.0,0.0,0.0,0.0,0.0,0.0,0.0,0.0,0.0,0.0,0.0,0.0006489292667099286,0.0,0.0,0.0,0.0,0.0,0.0,0.0,0.0,0.0,0.0022712524334847503,0.0,0.0,0.0,0.0,0.0,0.0,0.0,0.0,1.0,0.0,1.0,0.0,0.0,0.0,0.0,0.0,0.0,0.0
1780373111619121458,1550,1,0.0,0.352258064516129,0.01806451612903226,0.05935483870967742,0.01032258064516129,0.0703225806451613,0.005161290322580645,0.0,0.0,0.0012903225806451613,0.0064516129032258064,0.1032258064516129,0.0,0.02064516129032258,0.0012903225806451613,0.0,0.0,0.005161290322580645,0.005161290322580645,0.0,0.03483870967741935,0.004516129032258065,0.0,0.0,0.004516129032258065,0.0,0.01806451612903226,0.05032258064516129,0.05032258064516129,0.0,0.0,0.0025806451612903226,0.0070967741935483875,0.0,0.0,0.0,0.0,0.0,0.0,0.0,0.00903225806451613,0.0,0.0,0.03612903225806452,0.0,0.0,0.04645161290322581,0.0,0.0,0.0,0.0,0.0064516129032258064,0.0,0.0012903225806451613,0.0,0.0,0.0,0.0,0.0,0.0,0.0,0.0,0.005161290322580645,0.0,0.0,0.0,0.0,0.2672692059393157,0.0,0.0,0.0,0.0,0.0,0.0071013557133634605,0.040025823111684955,0.0,0.030987734021949646,0.0032278889606197547,0.0006455777921239509,0.023886378308586184,0.0006455777921239509,0.0,0.0,0.0,0.0,0.0,0.0,0.0,0.0,0.0,0.0,0.0,0.0,0.0,0.004519044544867657,0.02065848934796643,0.008392511297611363,0.0,0.0,0.0,0.018076178179470628,0.0,0.0,0.0,0.0,0.0,0.0,0.004519044544867657,0.0025823111684958036,0.0,0.0,0.0012911555842479018,0.0,0.0,0.0,0.0,0.0,0.0,0.0,0.0,0.0,0.0,0.0,0.0,0.0,0.0,0.0,0.0,0.0006455777921239509,0.0,0.001936733376371853,0.0,0.0,0.0,0.0,0.0,0.0,0.0,0.0006455777921239509,0.0,0.0,0.0032278889606197547,0.0012911555842479018,0.0,0.0012911555842479018,0.01872175597159458,0.0,0.0,0.0,0.0,0.011620400258231117,0.0006455777921239509,0.0,0.0,0.004519044544867657,0.0,0.0,0.0,0.0329244673983215,0.0,0.0,0.004519044544867657,0.0,0.014848289218850872,0.0071013557133634605,0.0,0.0,0.0,0.023240800516462233,0.0,0.012265978050355068,0.006455777921239509,0.0,0.0012911555842479018,0.0,0.0,0.0,0.0006455777921239509,0.0071013557133634605,0.005810200129115558,0.010329244673983214,0.0,0.0,0.0,0.0,0.0,0.019367333763718526,0.010974822466107165,0.0,0.0006455777921239509,0.0,0.0,0.0,0.0,0.0,0.0,0.016139444803098774,0.0,0.0,0.0012911555842479018,0.0,0.0,0.0006455777921239509,0.0,0.0,0.004519044544867657,0.0,0.014202711426726921,0.0,0.0,0.0012911555842479018,0.0,0.0006455777921239509,0.0,0.0,0.0012911555842479018,0.0,0.0,0.1847545219638243,0.0,0.023255813953488372,0.0,0.0,0.0,0.0,0.0,0.0,0.0,0.0,0.0,0.0,0.0,0.0,0.0,0.0,0.0,0.0,0.0,0.0,0.0,0.0,0.003875968992248062,0.0,0.0,0.0,0.015503875968992248,0.0,0.0,0.0,0.0,0.0,0.0,0.0,0.0,0.0,0.031007751937984496,0.01937984496124031,0.0,0.0,0.0006459948320413437,0.0,0.0,0.0012919896640826874,0.0,0.0,0.0,0.0,0.0,0.0,0.0,0.0,0.0,0.0,0.0,0.0,0.0,0.0006459948320413437,0.0,0.001937984496124031,0.0,0.0,0.0,0.0,0.0006459948320413437,0.0,0.0,0.0,0.0,0.0,0.0,0.0,0.0,0.0,0.0,0.0,0.0,0.0,0.0,0.0,0.0,0.0,0.0,0.0,0.0,0.0,0.0,0.0,0.0,0.0012919896640826874,0.0,0.0,0.0,0.0,0.0,0.0,0.0,0.0,1.0,0.0,1.0,0.0,0.0,0.0,0.0,0.0,0.0,0.0
1780373116618831967,1660,0,0.0,0.42289156626506025,0.014457831325301205,0.05421686746987952,0.0,0.10602409638554217,0.0,0.0,0.0,0.0,0.0,0.13493975903614458,0.0,0.0024096385542168677,0.0,0.0,0.0,0.0,0.0,0.0,0.02650602409638554,0.0,0.0,0.0,0.0,0.0,0.02891566265060241,0.046987951807228916,0.0,0.0,0.0,0.0,0.0,0.0,0.0,0.0,0.0,0.0,0.0,0.008433734939759036,0.014457831325301205,0.008433734939759036,0.008433734939759036,0.03253012048192771,0.0,0.007228915662650603,0.07108433734939759,0.0,0.0,0.0,0.0,0.0,0.0,0.0,0.0,0.0,0.0,0.0,0.0,0.0,0.0,0.0,0.0,0.0,0.0,0.0,0.0,0.30560578661844484,0.0,0.0,0.0,0.0,0.0,0.0,0.033152501506931886,0.0,0.03616636528028933,0.0,0.0,0.04219409282700422,0.0,0.0,0.0,0.0,0.0,0.0,0.0,0.0,0.0,0.0,0.0,0.0,0.0,0.0,0.015069318866787222,0.028330319469559977,0.006630500301386378,0.0,0.0,0.0,0.0012055455093429777,0.0,0.0,0.0,0.0,0.0,0.0,0.0,0.006630500301386378,0.003616636528028933,0.0,0.0,0.0,0.0,0.0,0.0,0.0,0.0,0.0,0.0,0.0,0.0,0.0,0.0,0.0,0.0,0.0,0.0,0.0,0.0,0.0,0.0,0.0,0.0,0.0,0.0,0.0,0.0,0.0,0.0,0.0,0.0,0.0030138637733574444,0.0006027727546714888,0.0,0.03134418324291742,0.0,0.0,0.0,0.0,0.011452682338758288,0.0018083182640144665,0.004822182037371911,0.0030138637733574444,0.004822182037371911,0.0024110910186859553,0.003616636528028933,0.004219409282700422,0.04581072935503315,0.0024110910186859553,0.0,0.007233273056057866,0.0,0.010247136829415311,0.006027727546714889,0.0,0.0,0.0,0.0216998191681736,0.0,0.012055455093429777,0.007233273056057866,0.0,0.007233273056057866,0.0024110910186859553,0.0,0.0,0.0018083182640144665,0.0024110910186859553,0.003616636528028933,0.006027727546714889,0.0,0.0,0.0,0.0,0.0,0.022905364677516575,0.007233273056057866,0.0,0.0018083182640144665,0.0,0.0012055455093429777,0.0006027727546714888,0.0,0.0,0.0,0.024110910186859555,0.0012055455093429777,0.0,0.007836045810729355,0.0006027727546714888,0.0,0.0,0.0,0.0,0.004822182037371911,0.0,0.0108499095840868,0.0,0.0,0.0018083182640144665,0.0006027727546714888,0.0,0.0,0.0,0.0,0.0,0.0,0.19843184559710494,0.0,0.016887816646562123,0.0,0.0,0.0,0.0,0.0,0.0,0.0,0.0,0.0,0.0,0.0,0.0,0.0,0.0,0.0,0.0,0.0,0.0,0.0,0.0,0.0,0.0,0.0,0.0,0.017490952955367914,0.0,0.0,0.0,0.0,0.0,0.0,0.0,0.0,0.0,0.03498190591073583,0.025934861278648975,0.0012062726176115801,0.0006031363088057901,0.0036188178528347406,0.0,0.0,0.0,0.0,0.0,0.0,0.0,0.0,0.0,0.0,0.0,0.0,0.0,0.0,0.0,0.0,0.0,0.0,0.0,0.0,0.0,0.0,0.0,0.0,0.0,0.0,0.0,0.0,0.0,0.0,0.0,0.0,0.0,0.0,0.0,0.0,0.0,0.0,0.0,0.0,0.0,0.0,0.0,0.0,0.0,0.0,0.0,0.0,0.0048250904704463205,0.0,0.0,0.0,0.0,0.0,0.0,0.0,0.0,0.0,0.0,1.0,0.0,0.0,0.0,0.0,0.0,0.0,0.0
1780373121855733806,1391,0,0.0,0.45003594536304814,0.007189072609633357,0.05751258087706686,0.0,0.12580877066858376,0.0,0.0,0.0,0.0,0.0,0.11071171818835371,0.0,0.0,0.0,0.0,0.0,0.0,0.0,0.0,0.02875629043853343,0.0,0.0,0.0,0.0,0.0,0.014378145219266714,0.04744787922358016,0.0,0.0,0.0,0.0,0.0,0.0,0.0,0.0,0.0,0.0,0.0,0.0,0.007189072609633357,0.0,0.0,0.02875629043853343,0.0,0.004313443565780014,0.10352264557872035,0.0,0.0,0.0,0.0,0.0,0.0,0.0,0.0,0.0,0.0,0.0,0.0,0.0,0.0,0.0,0.0,0.0,0.0,0.0,0.0,0.3316546762589928,0.0,0.0,0.0,0.0,0.0,0.0,0.03597122302158273,0.0,0.033093525179856115,0.0,0.0,0.03381294964028777,0.0,0.0,0.0,0.0,0.0,0.0,0.0,0.0,0.0,0.0,0.0,0.0,0.0,0.0,0.012949640287769784,0.02446043165467626,0.0028776978417266188,0.0,0.0,0.0,0.0,0.0,0.0,0.0,0.0,0.0,0.0,0.0,0.004316546762589928,0.0057553956834532375,0.0,0.0,0.0,0.0,0.0,0.0,0.0,0.0,0.0,0.0,0.0,0.0,0.0,0.0,0.0,0.0,0.0,0.0,0.0,0.0,0.0,0.0,0.0,0.0,0.0,0.0,0.0,0.0,0.0,0.0,0.0,0.0,0.0057553956834532375,0.0,0.0,0.02446043165467626,0.0,0.0,0.0,0.0,0.01079136690647482,0.0007194244604316547,0.0,0.0,0.0028776978417266188,0.0,0.0,0.0,0.034532374100719423,0.0,0.0,0.0035971223021582736,0.0,0.011510791366906475,0.007913669064748202,0.0,0.0,0.0,0.022302158273381296,0.0,0.012949640287769784,0.006474820143884892,0.0,0.017266187050359712,0.0007194244604316547,0.0,0.0,0.0007194244604316547,0.0057553956834532375,0.006474820143884892,0.0057553956834532375,0.0,0.0,0.0,0.0,0.0,0.04244604316546763,0.007913669064748202,0.0,0.0007194244604316547,0.0,0.0,0.0,0.0,0.0,0.0,0.04316546762589928,0.0,0.0,0.005035971223021582,0.0,0.0,0.0,0.0,0.0,0.002158273381294964,0.0,0.011510791366906475,0.0,0.0,0.0014388489208633094,0.0,0.0,0.0,0.0,0.0,0.0,0.0,0.21958243340532757,0.0,0.020158387329013677,0.0,0.0,0.0,0.0,0.0,0.0,0.0,0.0,0.0,0.0,0.0,0.0,0.0,0.0,0.0,0.0,0.0,0.0,0.0,0.0,0.0,0.0,0.0,0.0,0.01583873290136789,0.0,0.0,0.0,0.0,0.0,0.0,0.0,0.0,0.0,0.03167746580273578,0.022318214542836574,0.0,0.0,0.0021598272138228943,0.0,0.0,0.0,0.0,0.0,0.0,0.0,0.0,0.0,0.0,0.0,0.0,0.0,0.0,0.0,0.0,0.0,0.0,0.0,0.0,0.0,0.0,0.0,0.0,0.0,0.0,0.0,0.0,0.0,0.0,0.0,0.0,0.0,0.0,0.0,0.0,0.0,0.0,0.0,0.0,0.0,0.0,0.0,0.0,0.0,0.0,0.0,0.0,0.0028797696184305254,0.0,0.0,0.0,0.0,0.0,0.0,0.0,0.0,0.0,0.0,1.0,0.0,0.0,0.0,0.0,0.0,0.0,0.0
1780373126618784687,1640,0,0.0,0.4426829268292683,0.006097560975609756,0.045121951219512194,0.0,0.14634146341463414,0.0,0.0,0.0,0.0,0.0,0.10975609756097561,0.0,0.0,0.0,0.0,0.0,0.0,0.0,0.0,0.023170731707317073,0.0,0.0,0.0,0.0,0.0,0.012195121951219513,0.03902439024390244,0.0,0.0,0.0,0.0,0.0,0.0,0.0,0.0,0.0,0.0,0.0,0.0,0.006097560975609756,0.0,0.0,0.024390243902439025,0.0,0.01097560975609756,0.12195121951219512,0.0,0.0,0.0,0.0,0.0,0.0,0.0,0.0,0.0,0.0,0.0,0.0,0.0,0.0,0.0,0.0,0.0,0.0,0.0,0.0,0.326418547895058,0.0,0.0,0.0,0.0,0.0,0.0,0.02989627821842587,0.0,0.026235509456985967,0.0,0.0,0.03721781574130567,0.0,0.0,0.0,0.0,0.0,0.0,0.0,0.0,0.0,0.0,0.0,0.0,0.0,0.0,0.019524100061012812,0.018913971934106162,0.003050640634533252,0.0,0.0,0.0,0.0,0.0,0.0,0.0,0.0,0.0,0.0,0.0,0.008541793776693106,0.005491153142159854,0.0,0.0,0.0,0.0,0.0,0.0,0.0,0.0,0.0,0.0,0.0,0.0,0.0,0.0,0.0,0.0,0.0,0.0,0.0,0.0,0.0,0.0,0.0,0.0,0.0,0.0,0.0,0.0,0.0,0.0,0.0,0.0,0.006101281269066504,0.0,0.0,0.02928615009151922,0.0,0.0,0.0,0.0,0.010372178157413058,0.0,0.0,0.0,0.003050640634533252,0.0,0.0,0.0,0.03721781574130567,0.0,0.0,0.0024405125076266015,0.0,0.007321537522879805,0.006711409395973154,0.0,0.0,0.0,0.017693715680292862,0.0,0.010982306284319707,0.0036607687614399025,0.0,0.01464307504575961,0.0,0.0,0.0,0.0,0.0024405125076266015,0.0036607687614399025,0.0006101281269066504,0.0,0.0,0.0,0.0,0.0,0.05491153142159853,0.004881025015253203,0.0,0.0,0.0,0.0,0.0,0.0,0.0,0.0,0.05064063453325198,0.0012202562538133007,0.0,0.011592434411226357,0.0,0.0006101281269066504,0.0,0.0,0.0,0.004270896888346553,0.0,0.010372178157413058,0.0,0.0,0.0012202562538133007,0.0,0.0,0.0,0.0,0.0,0.0,0.0,0.21184371184371184,0.0,0.015873015873015872,0.0,0.0,0.0,0.0,0.0,0.0,0.0,0.0,0.0,0.0,0.0,0.0,0.0,0.0,0.0,0.0,0.0,0.0,0.0,0.0,0.0,0.0,0.0,0.0,0.014652014652014652,0.0,0.0,0.0,0.0,0.0,0.0,0.0,0.0,0.0,0.026251526251526252,0.018925518925518924,0.0,0.0,0.0,0.0,0.0,0.0,0.0,0.0,0.0,0.0,0.0,0.0,0.0,0.0,0.0,0.0,0.0,0.0,0.0,0.0,0.0,0.0,0.0,0.0,0.0,0.0,0.0,0.0,0.0,0.0,0.0,0.0,0.0,0.0,0.0,0.0,0.0,0.0,0.0,0.0,0.0,0.0,0.0,0.0,0.0,0.0,0.0,0.0,0.0,0.0,0.0,0.007936507936507936,0.0,0.0,0.0,0.0,0.0,0.0,0.0,0.0,0.0,0.0,1.0,0.0,0.0,0.0,0.0,0.0,0.0,0.0
1780373132024571910,2392,0,0.0,0.4306020066889632,0.005852842809364548,0.046822742474916385,0.0,0.15384615384615385,0.0,0.0,0.0,0.0,0.0,0.11580267558528429,0.0,0.0,0.0,0.0,0.0,0.0,0.0,0.0,0.0225752508361204,0.0,0.0,0.0,0.0,0.0,0.011705685618729096,0.039297658862876256,0.0,0.0,0.0,0.0,0.0,0.0,0.0,0.0,0.0,0.0,0.0,0.0,0.005852842809364548,0.0,0.0,0.023411371237458192,0.0,0.014214046822742474,0.11831103678929766,0.0,0.0,0.0,0.0,0.0,0.0,0.0,0.0,0.0,0.0,0.0,0.0,0.0,0.0,0.0,0.0,0.0,0.0,0.0,0.0,0.3161856963613551,0.0,0.0,0.0,0.0,0.0,0.0,0.02969468841488917,0.0,0.02425763278962777,0.0,0.0,0.040568799665411964,0.0,0.0,0.0,0.0,0.0,0.0,0.0,0.0,0.0,0.0,0.0,0.0,0.0,0.0,0.019657047260560435,0.01589293182768716,0.002509410288582183,0.0,0.0,0.0,0.0,0.0,0.0,0.0,0.0,0.0,0.0,0.0,0.00878293601003764,0.006691760769552488,0.0,0.0,0.0,0.0,0.0,0.0,0.0,0.0,0.0,0.0,0.0,0.0,0.0,0.0,0.0,0.0,0.0,0.0,0.0,0.0,0.0,0.0,0.0,0.0,0.0,0.0,0.0,0.0,0.0,0.0,0.0,0.0,0.005855290673358427,0.0,0.0,0.03220409870347135,0.0,0.0,0.0,0.0,0.00794646591384358,0.0004182350480970305,0.0,0.0,0.002509410288582183,0.0,0.0,0.0,0.04140526976160602,0.0,0.0,0.0029276453366792136,0.0,0.007109995817649519,0.005437055625261397,0.0,0.0,0.0,0.016729401923881223,0.0,0.010037641154328732,0.004600585529067336,0.0,0.016729401923881223,0.0,0.0,0.0,0.0,0.000836470096194061,0.0037641154328732747,0.002509410288582183,0.0,0.0,0.0,0.0,0.0,0.05562526139690506,0.004600585529067336,0.0,0.0,0.0,0.0,0.0,0.0,0.0,0.0,0.05437055625261397,0.0004182350480970305,0.0,0.013801756587202008,0.0,0.0,0.0,0.0,0.0,0.005437055625261397,0.0,0.011710581346716854,0.0,0.0,0.002091175240485153,0.0,0.0,0.0,0.0,0.0,0.0,0.0,0.20502092050209206,0.0,0.015481171548117154,0.0,0.0,0.0,0.0,0.0,0.0,0.0,0.0,0.0,0.0,0.0,0.0,0.0,0.0,0.0,0.0,0.0,0.0,0.0,0.0,0.0,0.0,0.0,0.0,0.013389121338912133,0.0,0.0,0.0,0.0,0.0,0.0,0.0,0.0,0.0,0.02384937238493724,0.015481171548117154,0.0,0.00041841004184100416,0.00041841004184100416,0.0,0.0,0.0,0.0,0.0,0.0,0.0,0.0,0.0,0.0,0.0,0.0,0.0,0.0,0.0,0.0,0.0,0.0,0.0,0.0,0.0,0.0,0.0,0.0,0.0,0.0,0.0,0.0,0.0,0.0,0.0,0.0,0.0,0.0,0.0,0.0,0.0,0.0,0.0,0.0,0.0,0.0,0.0,0.0,0.0,0.0,0.0,0.0,0.007531380753138075,0.0,0.0,0.0,0.0,0.0,0.0,0.0,0.0,0.0,0.0,1.0,0.0,0.0,0.0,0.0,0.0,0.0,0.0
1780373136618790124,1264,0,0.0,0.4651898734177215,0.007911392405063292,0.06487341772151899,0.0,0.0949367088607595,0.0,0.0,0.0,0.0,0.0,0.11313291139240507,0.0,0.0,0.0,0.0,0.0,0.0,0.0,0.0,0.03164556962025317,0.0,0.0,0.0,0.0,0.0,0.015822784810126583,0.055379746835443035,0.0,0.0,0.0,0.0,0.0,0.0,0.0,0.0,0.0,0.0,0.0,0.0,0.007911392405063292,0.0,0.0,0.03164556962025317,0.0,0.0,0.09572784810126582,0.0,0.0,0.0,0.0,0.0,0.0,0.0,0.0,0.0,0.0,0.0,0.0,0.0,0.0,0.0,0.0,0.0,0.0,0.0,0.0,0.33808392715756136,0.0,0.0,0.0,0.0,0.0,0.0,0.035629453681710214,0.0,0.03642121931908155,0.0,0.0,0.030087094220110848,0.0,0.0,0.0,0.0,0.0,0.0,0.0,0.0,0.0,0.0,0.0,0.0,0.0,0.0,0.015043547110055424,0.023752969121140142,0.00395882818685669,0.0,0.0,0.0,0.0,0.0,0.0,0.0,0.0,0.0,0.0,0.0,0.003167062549485352,0.001583531274742676,0.0,0.0,0.0,0.0,0.0,0.0,0.0,0.0,0.0,0.0,0.0,0.0,0.0,0.0,0.0,0.0,0.0,0.0,0.0,0.0,0.0,0.0,0.0,0.0,0.0,0.0,0.0,0.0,0.0,0.0,0.0,0.0,0.000791765637371338,0.0,0.0,0.01979414093428345,0.0,0.0,0.0,0.0,0.013460015835312747,0.0,0.0,0.0,0.00395882818685669,0.0,0.0,0.0,0.034045922406967535,0.0,0.0,0.00395882818685669,0.0,0.012668250197941409,0.012668250197941409,0.0,0.0,0.0,0.02454473475851148,0.0,0.011876484560570071,0.010292953285827395,0.0,0.004750593824228029,0.0,0.0,0.0,0.000791765637371338,0.011084718923198733,0.007125890736342043,0.009501187648456057,0.0,0.0,0.0,0.0,0.0,0.03246239113222486,0.011084718923198733,0.0,0.0,0.0,0.0,0.0,0.0,0.0,0.0,0.027711797307996833,0.000791765637371338,0.0,0.00791765637371338,0.0,0.0,0.0,0.0,0.0,0.00395882818685669,0.0,0.013460015835312747,0.0,0.0,0.0,0.0,0.0,0.0,0.0,0.0,0.0,0.0,0.22107765451664024,0.0,0.014263074484944533,0.0,0.0,0.0,0.0,0.0,0.0,0.0,0.0,0.0,0.0,0.0,0.0,0.0,0.0,0.0,0.0,0.0,0.0,0.0,0.0,0.0,0.0,0.0,0.0,0.017432646592709985,0.0,0.0,0.0,0.0,0.0,0.0,0.0,0.0,0.0,0.03565768621236133,0.020602218700475437,0.001584786053882726,0.0,0.002377179080824089,0.0,0.0,0.0,0.0,0.0,0.0,0.0,0.0,0.0,0.0,0.0,0.0,0.0,0.0,0.0,0.0,0.0,0.0,0.0,0.0,0.0,0.0,0.0,0.0,0.0,0.0,0.0,0.0,0.0,0.0,0.0,0.0,0.0,0.0,0.0,0.0,0.0,0.0,0.0,0.0,0.0,0.0,0.0,0.0,0.0,0.0,0.0,0.0,0.003169572107765452,0.0,0.0,0.0,0.0,0.0,0.0,0.0,0.0,0.0,0.0,1.0,0.0,0.0,0.0,0.0,0.0,0.0,0.0
1780373141999692703,3408,1,0.004107981220657277,0.3926056338028169,0.008215962441314555,0.03403755868544601,0.008215962441314555,0.10944835680751173,0.002347417840375587,0.0,0.0,0.0029342723004694834,0.007042253521126761,0.0721830985915493,0.0,0.01056338028169014,0.0,0.0035211267605633804,0.0,0.002347417840375587,0.0020539906103286387,0.0,0.018192488262910797,0.0020539906103286387,0.0,0.0005868544600938967,0.0005868544600938967,0.006455399061032864,0.008215962441314555,0.02523474178403756,0.028755868544600938,0.0,0.0,0.0005868544600938967,0.0014671361502347417,0.0,0.0,0.0044014084507042256,0.0,0.0,0.0,0.0,0.00528169014084507,0.0017605633802816902,0.0017605633802816902,0.01643192488262911,0.0,0.0,0.041666666666666664,0.0,0.0,0.0005868544600938967,0.0005868544600938967,0.004694835680751174,0.0029342723004694834,0.0017605633802816902,0.0,0.0,0.0,0.0,0.005868544600938967,0.0,0.0,0.0,0.002347417840375587,0.0,0.0,0.0,0.0,0.2899911945993543,0.0014675667742882301,0.0,0.0,0.0,0.0,0.004989727032579982,0.018197828001174053,0.0,0.018784854710889344,0.004989727032579982,0.0,0.017023774581743468,0.002054593484003522,0.000587026709715292,0.0,0.0,0.000293513354857646,0.0,0.0,0.0,0.0,0.0,0.0,0.0,0.0,0.0,0.009979454065159965,0.01027296742001761,0.0035221602582917524,0.0,0.000293513354857646,0.0,0.008805400645729381,0.0,0.0,0.0,0.0,0.0,0.0,0.000293513354857646,0.0029351335485764602,0.0029351335485764602,0.0,0.000293513354857646,0.0,0.0,0.0,0.0,0.0,0.0,0.0,0.0,0.0,0.0,0.0,0.0,0.0,0.0,0.0,0.0,0.0,0.0,0.000587026709715292,0.0,0.0,0.0,0.0,0.0,0.0,0.0,0.000293513354857646,0.0,0.0,0.0008805400645729381,0.002348106838861168,0.0,0.000293513354857646,0.009979454065159965,0.0,0.0,0.0,0.0,0.0058702670971529205,0.0,0.0,0.0,0.002054593484003522,0.0,0.0,0.0,0.022307014969181096,0.0,0.0,0.002054593484003522,0.0,0.005576753742295274,0.006163780452010567,0.0,0.0,0.0,0.011447020839448195,0.0,0.005576753742295274,0.0044027003228646906,0.0,0.0067508071617258586,0.0,0.000293513354857646,0.000293513354857646,0.000293513354857646,0.004696213677722336,0.0026416201937188143,0.0038156736131493983,0.0,0.0,0.0,0.0,0.0,0.0146756677428823,0.0035221602582917524,0.0008805400645729381,0.0014675667742882301,0.0,0.0,0.0,0.0,0.0,0.0,0.013795127678309363,0.000587026709715292,0.0,0.003228646903434106,0.0,0.0,0.000293513354857646,0.0,0.0,0.002348106838861168,0.000293513354857646,0.0058702670971529205,0.0,0.000293513354857646,0.000587026709715292,0.0,0.000293513354857646,0.000293513354857646,0.0,0.001174053419430584,0.000293513354857646,0.0,0.19025249559600704,0.0,0.007046388725778039,0.0,0.0,0.0,0.0,0.0,0.0,0.0,0.0,0.0,0.0,0.0,0.0,0.0,0.0,0.0,0.0,0.0,0.0,0.0,0.0,0.002348796241926013,0.0,0.0,0.0,0.008220786846741044,0.002935995302407516,0.0,0.0,0.0,0.0,0.0,0.0,0.0,0.0,0.01790957134468585,0.009688784497944804,0.0002935995302407516,0.0,0.0011743981209630064,0.0,0.0,0.0,0.0,0.0,0.0,0.0,0.0,0.0,0.0,0.0,0.0,0.0,0.0,0.0,0.0,0.0,0.0,0.0005871990604815032,0.0,0.0,0.0,0.0,0.0,0.0,0.0,0.0,0.0,0.0,0.0,0.0,0.0,0.0,0.0,0.0,0.0,0.0,0.0,0.0,0.0,0.0,0.0,0.0,0.0,0.0,0.0,0.0,0.0,0.002055196711685261,0.0,0.0,0.0,0.0,0.0,0.0,0.0,0.0,1.0,0.0,1.0,0.0,0.0,0.0,0.0,0.0,0.0,0.0
1780373147510456698,2397,1,0.0,0.3479349186483104,0.023362536503963287,0.04505632040050062,0.006675010429703796,0.07968293700458907,0.006675010429703796,0.0,0.0,0.003337505214851898,0.0050062578222778474,0.09929078014184398,0.0,0.001668752607425949,0.0,0.0,0.0,0.003337505214851898,0.003337505214851898,0.0,0.025031289111389236,0.001668752607425949,0.0,0.0,0.001668752607425949,0.0,0.023362536503963287,0.03671255736337088,0.03170629954109303,0.0,0.0,0.001668752607425949,0.003337505214851898,0.0,0.0,0.0,0.0,0.0,0.0,0.005840634125990822,0.015018773466833541,0.01084689194826867,0.01084689194826867,0.02920317062995411,0.0,0.001668752607425949,0.057571964956195244,0.0,0.0,0.0,0.001668752607425949,0.003337505214851898,0.0,0.0050062578222778474,0.0,0.0,0.0,0.0,0.0,0.0,0.0,0.0,0.003337505214851898,0.0,0.0,0.0,0.0,0.255008347245409,0.0,0.0,0.0,0.0,0.0,0.005008347245409015,0.027545909849749584,0.0,0.02671118530884808,0.0025041736227045075,0.0,0.02378964941569282,0.0025041736227045075,0.0,0.0,0.0,0.0,0.0,0.0,0.0,0.0,0.0,0.0,0.0,0.0,0.0,0.009599332220367279,0.022120200333889815,0.010851419031719533,0.0,0.0,0.0,0.0008347245409015025,0.0,0.0,0.0,0.0,0.0,0.0,0.0012520868113522537,0.0025041736227045075,0.002086811352253756,0.0,0.0008347245409015025,0.0,0.00041736227045075126,0.0,0.0,0.0,0.0,0.001669449081803005,0.0,0.0,0.0,0.0,0.0,0.0,0.0,0.0,0.0,0.0,0.0,0.0008347245409015025,0.0,0.0,0.0,0.0,0.0,0.0,0.0,0.0008347245409015025,0.0,0.0,0.001669449081803005,0.00333889816360601,0.00041736227045075126,0.0008347245409015025,0.019198664440734557,0.0,0.0,0.0,0.0,0.007929883138564273,0.0,0.004173622704507512,0.0025041736227045075,0.005008347245409015,0.002086811352253756,0.002921535893155259,0.002086811352253756,0.0325542570951586,0.002086811352253756,0.0,0.005843071786310518,0.0,0.008764607679465776,0.00667779632721202,0.0,0.0,0.0,0.015859766277128547,0.0,0.007512520868113523,0.005425709515859766,0.0,0.005843071786310518,0.002086811352253756,0.00041736227045075126,0.0,0.002086811352253756,0.005008347245409015,0.004590984974958264,0.005008347245409015,0.0,0.0,0.0,0.0,0.0,0.022120200333889815,0.006260434056761269,0.00041736227045075126,0.002086811352253756,0.0,0.0008347245409015025,0.0,0.0,0.0,0.0,0.01961602671118531,0.00041736227045075126,0.0,0.004590984974958264,0.00041736227045075126,0.0,0.0,0.0,0.0,0.004590984974958264,0.0,0.01001669449081803,0.0,0.0,0.001669449081803005,0.00041736227045075126,0.0008347245409015025,0.0,0.0,0.0,0.0,0.0,0.17160751565762003,0.0,0.015866388308977037,0.0,0.0,0.0,0.0,0.0,0.0,0.0,0.0,0.0,0.0,0.0,0.0,0.0,0.0,0.0,0.0,0.0,0.0,0.0,0.0,0.003340292275574113,0.0,0.0,0.0,0.012526096033402923,0.0,0.0,0.0,0.0,0.0,0.0,0.0,0.0,0.0,0.025052192066805846,0.02045929018789144,0.0008350730688935282,0.0004175365344467641,0.0025052192066805845,0.0,0.0,0.0,0.0,0.0016701461377870565,0.0,0.0,0.0,0.0,0.0,0.0,0.0,0.0,0.0,0.0,0.0,0.0,0.0,0.0008350730688935282,0.0,0.0,0.0,0.0,0.0,0.0,0.0,0.0,0.0,0.0,0.0,0.0,0.0,0.0,0.0,0.0,0.0,0.0,0.0,0.0,0.0,0.0,0.0,0.0,0.0,0.0,0.0,0.0,0.0,0.0016701461377870565,0.0,0.0,0.0,0.0,0.0,0.0,0.0,0.0,1.0,0.0,1.0,0.0,0.0,0.0,0.0,0.0,0.0,0.0
1780373151858232607,3065,1,0.0,0.44241435562805875,0.01566068515497553,0.03588907014681892,0.009135399673735726,0.0766721044045677,0.0065252854812398045,0.0,0.0,0.0013050570962479609,0.0052202283849918435,0.07797716150081566,0.0,0.01631321370309951,0.0006525285481239804,0.0,0.0,0.004567699836867863,0.004567699836867863,0.0,0.022838499184339316,0.0022838499184339315,0.0,0.0,0.0022838499184339315,0.0,0.010440456769983687,0.03066884176182708,0.04176182707993475,0.0,0.0,0.001957585644371941,0.0052202283849918435,0.0,0.0,0.0,0.0,0.0,0.0,0.0,0.0065252854812398045,0.001957585644371941,0.001957585644371941,0.020880913539967374,0.0,0.001957585644371941,0.06851549755301795,0.0,0.0,0.0,0.0006525285481239804,0.004567699836867863,0.0,0.003915171288743882,0.0,0.0,0.0,0.0,0.0,0.0,0.0,0.0,0.004567699836867863,0.0,0.0,0.0,0.0,0.34856396866840733,0.0,0.0,0.0,0.0,0.0,0.00685378590078329,0.02154046997389034,0.0,0.025783289817232376,0.0026109660574412533,0.00032637075718015666,0.015992167101827676,0.0009791122715404699,0.0,0.0,0.0,0.0,0.0,0.0,0.0,0.0,0.0,0.0,0.0,0.0,0.0,0.01468668407310705,0.017297650130548303,0.007180156657963447,0.0,0.0,0.0,0.014360313315926894,0.0,0.0,0.0,0.0,0.0,0.0,0.0019582245430809398,0.00293733681462141,0.0013054830287206266,0.0,0.00032637075718015666,0.0,0.0,0.0,0.0,0.0,0.0,0.0009791122715404699,0.0,0.0,0.0,0.0,0.0,0.0,0.0,0.0,0.0,0.0,0.0,0.0009791122715404699,0.0,0.0,0.0,0.0,0.0,0.0,0.0,0.0013054830287206266,0.0,0.0,0.0016318537859007832,0.0016318537859007832,0.0,0.0006527415143603133,0.009138381201044387,0.0,0.0,0.0,0.00032637075718015666,0.00685378590078329,0.0,0.0,0.0,0.0022845953002610967,0.0,0.0,0.0,0.02447780678851175,0.0,0.0,0.0026109660574412533,0.0,0.007180156657963447,0.006201044386422976,0.0,0.0,0.0,0.015339425587467363,0.0,0.007506527415143603,0.005548302872062663,0.0,0.006527415143603133,0.0006527415143603133,0.00032637075718015666,0.0,0.0006527415143603133,0.0045691906005221935,0.0026109660574412533,0.006201044386422976,0.0016318537859007832,0.0,0.0016318537859007832,0.0,0.0,0.026762402088772844,0.00685378590078329,0.0,0.0009791122715404699,0.0,0.0,0.0,0.0,0.0,0.0,0.02643603133159269,0.0,0.0,0.011096605744125326,0.0,0.0,0.0,0.0,0.0,0.00489556135770235,0.0,0.007832898172323759,0.0,0.0,0.0006527415143603133,0.0,0.0006527415143603133,0.0,0.0,0.0,0.0,0.0,0.2611818478615736,0.0,0.010773751224289911,0.0,0.0,0.0,0.0,0.0,0.0,0.0,0.0,0.0,0.0,0.0,0.0,0.0,0.0,0.0,0.0,0.0,0.0,0.0,0.0,0.004570682337577538,0.0,0.0,0.0,0.011753183153770812,0.0,0.0,0.0,0.0,0.0,0.0,0.0,0.0,0.0,0.024812275546849494,0.015670910871694418,0.000326477309826967,0.0,0.004244205027750571,0.0,0.0,0.0,0.0,0.0009794319294809011,0.0,0.0,0.0,0.0,0.0,0.0,0.0,0.0,0.0,0.0,0.0,0.0,0.0,0.0009794319294809011,0.0,0.0,0.0,0.0,0.0,0.0,0.0,0.0,0.0,0.0,0.0,0.0,0.0,0.0,0.0,0.0,0.0,0.0,0.0,0.0,0.0,0.0,0.0,0.0,0.0,0.0,0.0,0.0,0.0,0.002285341168788769,0.0,0.0,0.0,0.0,0.0,0.0,0.0,0.0,1.0,0.0,1.0,0.0,0.0,0.0,0.0,0.0,0.0,0.0
1780373156618793774,1181,1,0.0,0.40812870448772226,0.00846740050804403,0.06096528365791702,0.006773920406435224,0.08975444538526672,0.0,0.0,0.0,0.0,0.003386960203217612,0.10922946655376799,0.0,0.0,0.001693480101608806,0.0,0.0,0.003386960203217612,0.003386960203217612,0.0,0.03386960203217612,0.003386960203217612,0.0,0.0,0.003386960203217612,0.0,0.01693480101608806,0.05080440304826418,0.03048264182895851,0.0,0.0,0.003386960203217612,0.004233700254022015,0.0,0.0,0.0,0.0,0.0,0.0,0.0,0.00846740050804403,0.0,0.0,0.03386960203217612,0.0,0.001693480101608806,0.06943268416596104,0.0,0.0,0.0,0.0,0.003386960203217612,0.0,0.0,0.0,0.0,0.0,0.0,0.0,0.0,0.0,0.0,0.003386960203217612,0.0,0.0,0.0,0.0,0.30677966101694915,0.0,0.0,0.0,0.0,0.0,0.005084745762711864,0.03728813559322034,0.0,0.03305084745762712,0.001694915254237288,0.000847457627118644,0.02711864406779661,0.0,0.0,0.0,0.0,0.0,0.0,0.0,0.0,0.0,0.0,0.0,0.0,0.0,0.0,0.012711864406779662,0.022033898305084745,0.00423728813559322,0.0,0.0,0.0,0.0,0.0,0.0,0.0,0.0,0.0,0.0,0.003389830508474576,0.006779661016949152,0.003389830508474576,0.0,0.0,0.0,0.0,0.0,0.0,0.0,0.0,0.0,0.0,0.0,0.0,0.0,0.0,0.0,0.0,0.0,0.0,0.0,0.0,0.001694915254237288,0.0,0.0,0.0,0.0,0.0,0.0,0.0,0.0,0.0,0.0,0.001694915254237288,0.003389830508474576,0.0,0.0,0.019491525423728815,0.0,0.0,0.0,0.0,0.011864406779661017,0.0,0.0,0.0,0.00423728813559322,0.0,0.0,0.0,0.03220338983050847,0.0,0.0,0.00423728813559322,0.0,0.013559322033898305,0.011016949152542373,0.0,0.0,0.0,0.025423728813559324,0.0,0.012711864406779662,0.007627118644067797,0.0,0.003389830508474576,0.0,0.0,0.0,0.000847457627118644,0.007627118644067797,0.003389830508474576,0.007627118644067797,0.0,0.0,0.0,0.0,0.0,0.030508474576271188,0.00847457627118644,0.0,0.000847457627118644,0.0,0.0,0.0,0.0,0.0,0.0,0.025423728813559324,0.0,0.0,0.00423728813559322,0.0,0.0,0.0,0.0,0.0,0.006779661016949152,0.0,0.012711864406779662,0.0,0.0,0.000847457627118644,0.0,0.0,0.0,0.0,0.0,0.0,0.0,0.20949957591178966,0.0,0.019508057675996608,0.0,0.0,0.0,0.0,0.0,0.0,0.0,0.0,0.0,0.0,0.0,0.0,0.0,0.0,0.0,0.0,0.0,0.0,0.0,0.0,0.0033927056827820186,0.0,0.0,0.0,0.017811704834605598,0.0,0.0,0.0,0.0,0.0,0.0,0.0,0.0,0.0,0.03307888040712468,0.021204410517387615,0.0,0.0,0.0008481764206955047,0.0,0.0,0.0,0.0,0.0,0.0,0.0,0.0,0.0,0.0,0.0,0.0,0.0,0.0,0.0,0.0,0.0,0.0,0.0016963528413910093,0.0,0.0,0.0,0.0,0.0,0.0,0.0,0.0,0.0,0.0,0.0,0.0,0.0,0.0,0.0,0.0,0.0,0.0,0.0,0.0,0.0,0.0,0.0,0.0,0.0,0.0,0.0,0.0,0.0,0.004240882103477523,0.0,0.0,0.0,0.0,0.0,0.0,0.0,0.0,1.0,0.0,1.0,0.0,0.0,0.0,0.0,0.0,0.0,0.0
1780373161618789877,1552,0,0.0,0.4497422680412371,0.006443298969072165,0.04896907216494845,0.0,0.1404639175257732,0.0,0.0,0.0,0.0,0.0,0.1018041237113402,0.0,0.0,0.0,0.0,0.0,0.0,0.0,0.0,0.024484536082474227,0.0,0.0,0.0,0.0,0.0,0.01288659793814433,0.04381443298969072,0.0,0.0,0.0,0.0,0.0,0.0,0.0,0.0,0.0,0.0,0.0,0.0,0.006443298969072165,0.0,0.0,0.02577319587628866,0.0,0.006443298969072165,0.11984536082474227,0.0,0.0,0.0,0.0,0.0,0.0,0.0,0.0,0.0,0.0,0.0,0.0,0.0,0.0,0.0,0.0,0.0,0.0,0.0,0.0,0.32817537072856223,0.0,0.0,0.0,0.0,0.0,0.0,0.029658284977433915,0.0,0.027724049000644745,0.0,0.0,0.030303030303030304,0.0,0.0,0.0,0.0,0.0,0.0,0.0,0.0,0.0,0.0,0.0,0.0,0.0,0.0,0.018052869116698903,0.019987105093488073,0.0025789813023855577,0.0,0.0,0.0,0.0,0.0,0.0,0.0,0.0,0.0,0.0,0.0,0.004513217279174726,0.005802707930367505,0.0,0.0,0.0,0.0,0.0,0.0,0.0,0.0,0.0,0.0,0.0,0.0,0.0,0.0,0.0,0.0,0.0,0.0,0.0,0.0,0.0,0.0,0.0,0.0,0.0,0.0,0.0,0.0,0.0,0.0,0.0,0.0,0.008381689232753063,0.0,0.0,0.024500322372662798,0.0,0.0,0.0,0.0,0.010315925209542231,0.0,0.0,0.0,0.003223726627981947,0.0,0.0,0.0,0.03288201160541586,0.0,0.0,0.003223726627981947,0.0,0.009026434558349452,0.0051579626047711154,0.0,0.0,0.0,0.02192134107027724,0.0,0.01160541586073501,0.0070921985815602835,0.0,0.02256608639587363,0.0,0.0,0.0,0.0006447453255963894,0.004513217279174726,0.0038684719535783366,0.0051579626047711154,0.0,0.0,0.0,0.0,0.0,0.050934880722114766,0.0038684719535783366,0.0,0.0006447453255963894,0.0,0.0,0.0,0.0,0.0,0.0,0.05029013539651837,0.0,0.0,0.008381689232753063,0.0,0.0,0.0,0.0,0.0,0.0038684719535783366,0.0,0.01096067053513862,0.0,0.0,0.0019342359767891683,0.0,0.0,0.0,0.0,0.0,0.0,0.0,0.21225806451612902,0.0,0.016129032258064516,0.0,0.0,0.0,0.0,0.0,0.0,0.0,0.0,0.0,0.0,0.0,0.0,0.0,0.0,0.0,0.0,0.0,0.0,0.0,0.0,0.0,0.0,0.0,0.0,0.014193548387096775,0.0,0.0,0.0,0.0,0.0,0.0,0.0,0.0,0.0,0.026451612903225806,0.017419354838709676,0.0,0.0,0.0012903225806451613,0.0,0.0,0.0,0.0,0.0,0.0,0.0,0.0,0.0,0.0,0.0,0.0,0.0,0.0,0.0,0.0,0.0,0.0,0.0,0.0,0.0,0.0,0.0,0.0,0.0,0.0,0.0,0.0,0.0,0.0,0.0,0.0,0.0,0.0,0.0,0.0,0.0,0.0,0.0,0.0,0.0,0.0,0.0,0.0,0.0,0.0,0.0,0.0,0.0032258064516129032,0.0,0.0,0.0,0.0,0.0,0.0,0.0,0.0,0.0,0.0,1.0,0.0,0.0,0.0,0.0,0.0,0.0,0.0
1780373166618817094,1809,0,0.0,0.435599778883361,0.00552791597567717,0.04643449419568822,0.0,0.14870093974571585,0.0,0.0,0.0,0.0,0.0,0.12161415146489774,0.0,0.0,0.0,0.0,0.0,0.0,0.0,0.0,0.02211166390270868,0.0,0.0,0.0,0.0,0.0,0.01105583195135434,0.03980099502487562,0.0,0.0,0.0,0.0,0.0,0.0,0.0,0.0,0.0,0.0,0.0,0.0,0.00552791597567717,0.0,0.0,0.02211166390270868,0.0,0.013266998341625208,0.11719181868435599,0.0,0.0,0.0,0.0,0.0,0.0,0.0,0.0,0.0,0.0,0.0,0.0,0.0,0.0,0.0,0.0,0.0,0.0,0.0,0.0,0.31692477876106195,0.0,0.0,0.0,0.0,0.0,0.0,0.030420353982300884,0.0,0.029867256637168143,0.0,0.0,0.0420353982300885,0.0,0.0,0.0,0.0,0.0,0.0,0.0,0.0,0.0,0.0,0.0,0.0,0.0,0.0,0.01991150442477876,0.02101769911504425,0.0027654867256637168,0.0,0.0,0.0,0.0,0.0,0.0,0.0,0.0,0.0,0.0,0.0,0.008849557522123894,0.007743362831858407,0.0,0.0,0.0,0.0,0.0,0.0,0.0,0.0,0.0,0.0,0.0,0.0,0.0,0.0,0.0,0.0,0.0,0.0,0.0,0.0,0.0,0.0,0.0,0.0,0.0,0.0,0.0,0.0,0.0,0.0,0.0,0.0,0.006084070796460177,0.0,0.0,0.03263274336283186,0.0,0.0,0.0,0.0,0.008296460176991151,0.0,0.0,0.0,0.0027654867256637168,0.0,0.0,0.0,0.040376106194690266,0.0,0.0,0.0027654867256637168,0.0,0.007743362831858407,0.00497787610619469,0.0,0.0,0.0,0.017146017699115043,0.0,0.011061946902654867,0.0038716814159292035,0.0,0.012721238938053098,0.0,0.0,0.0,0.0,0.0011061946902654867,0.00497787610619469,0.0011061946902654867,0.0,0.0,0.0,0.0,0.0,0.051991150442477874,0.006084070796460177,0.0,0.0005530973451327434,0.0,0.0,0.0,0.0,0.0,0.0,0.05254424778761062,0.0,0.0,0.012168141592920354,0.0,0.0,0.0,0.0,0.0,0.004424778761061947,0.0,0.011615044247787611,0.0,0.0,0.0022123893805309734,0.0,0.0,0.0,0.0,0.0,0.0,0.0,0.20088544548976203,0.0,0.016602102933038185,0.0,0.0,0.0,0.0,0.0,0.0,0.0,0.0,0.0,0.0,0.0,0.0,0.0,0.0,0.0,0.0,0.0,0.0,0.0,0.0,0.0,0.0,0.0,0.0,0.016048699501936912,0.0,0.0,0.0,0.0,0.0,0.0,0.0,0.0,0.0,0.02933038184836746,0.020475926950747094,0.0,0.0,0.0005534034311012728,0.0,0.0,0.0,0.0,0.0,0.0,0.0,0.0,0.0,0.0,0.0,0.0,0.0,0.0,0.0,0.0,0.0,0.0,0.0,0.0,0.0,0.0,0.0,0.0,0.0,0.0,0.0,0.0,0.0,0.0,0.0,0.0,0.0,0.0,0.0,0.0,0.0,0.0,0.0,0.0,0.0,0.0,0.0,0.0,0.0,0.0,0.0,0.0,0.008301051466519093,0.0,0.0,0.0,0.0,0.0,0.0,0.0,0.0,0.0,0.0,1.0,0.0,0.0,0.0,0.0,0.0,0.0,0.0
1780373171766049353,2453,0,0.0,0.4443538524256013,0.005707297187117815,0.04647370566653078,0.0,0.14961271911944557,0.0,0.0,0.0,0.0,0.0,0.10110069302894414,0.0,0.0,0.0,0.0,0.0,0.0,0.0,0.0,0.022013860578883,0.0,0.0,0.0,0.0,0.0,0.01141459437423563,0.03995108030982471,0.0,0.0,0.0,0.0,0.0,0.0,0.0,0.0,0.0,0.0,0.0,0.0,0.005707297187117815,0.0,0.0,0.02282918874847126,0.0,0.01141459437423563,0.1280065226253567,0.0,0.0,0.0,0.0,0.0,0.0,0.0,0.0,0.0,0.0,0.0,0.0,0.0,0.0,0.0,0.0,0.0,0.0,0.0,0.0,0.3299347471451876,0.0,0.0,0.0,0.0,0.0,0.0,0.02936378466557912,0.0,0.022838499184339316,0.0,0.0,0.035481239804241435,0.0,0.0,0.0,0.0,0.0,0.0,0.0,0.0,0.0,0.0,0.0,0.0,0.0,0.0,0.020799347471451877,0.013866231647634585,0.0028548123980424145,0.0,0.0,0.0,0.0,0.0,0.0,0.0,0.0,0.0,0.0,0.0,0.006933115823817292,0.005709624796084829,0.0,0.0,0.0,0.0,0.0,0.0,0.0,0.0,0.0,0.0,0.0,0.0,0.0,0.0,0.0,0.0,0.0,0.0,0.0,0.0,0.0,0.0,0.0,0.0,0.0,0.0,0.0,0.0,0.0,0.0,0.0,0.0,0.006933115823817292,0.0,0.0,0.026101141924959218,0.0,0.0,0.0,0.0,0.00897226753670473,0.0004078303425774878,0.0,0.0,0.0024469820554649264,0.0,0.0,0.0,0.03425774877650897,0.0,0.0,0.0020391517128874386,0.0,0.008564437194127243,0.005709624796084829,0.0,0.0,0.0,0.016721044045676998,0.0,0.01101141924959217,0.005709624796084829,0.0,0.017128874388254486,0.0004078303425774878,0.0,0.0,0.0004078303425774878,0.0032626427406199023,0.004486133768352365,0.0024469820554649264,0.0,0.0,0.0,0.0,0.0,0.05954323001631321,0.00367047308319739,0.0,0.0,0.0,0.0,0.0,0.0,0.0,0.0,0.05587275693311582,0.0012234910277324632,0.0,0.008564437194127243,0.0,0.0016313213703099511,0.0,0.0,0.0,0.00367047308319739,0.0,0.01101141924959217,0.0,0.0,0.0012234910277324632,0.0,0.0,0.0,0.0,0.0,0.0,0.0,0.2178702570379437,0.0,0.015503875968992248,0.0,0.0,0.0,0.0,0.0,0.0,0.0,0.0,0.0,0.0,0.0,0.0,0.0,0.0,0.0,0.0,0.0,0.0,0.0,0.0,0.0,0.0,0.0,0.0,0.011831905344757242,0.0,0.0,0.0,0.0,0.0,0.0,0.0,0.0,0.0,0.02284781721746226,0.01346389228886169,0.0004079967360261118,0.0,0.0012239902080783353,0.0,0.0,0.0,0.0,0.0,0.0,0.0,0.0,0.0,0.0,0.0,0.0,0.0,0.0,0.0,0.0,0.0,0.0,0.0,0.0,0.0,0.0,0.0,0.0,0.0,0.0,0.0,0.0,0.0,0.0,0.0,0.0,0.0,0.0,0.0,0.0,0.0,0.0,0.0,0.0,0.0,0.0,0.0,0.0,0.0,0.0,0.0,0.0,0.006119951040391677,0.0,0.0,0.0,0.0,0.0,0.0,0.0,0.0,0.0,0.0,1.0,0.0,0.0,0.0,0.0,0.0,0.0,0.0
1780373176618790384,2160,0,0.0,0.4666666666666667,0.011111111111111112,0.03888888888888889,0.0,0.12037037037037036,0.0,0.0,0.0,0.0,0.0,0.08796296296296297,0.0,0.001851851851851852,0.0,0.0,0.0,0.0,0.0,0.0,0.020370370370370372,0.0,0.0,0.0,0.0,0.0,0.022222222222222223,0.02962962962962963,0.0,0.0,0.0,0.0,0.0,0.0,0.0,0.0,0.0,0.0,0.0,0.006481481481481481,0.011111111111111112,0.006481481481481481,0.006481481481481481,0.025,0.0,0.005555555555555556,0.13055555555555556,0.0,0.0,0.0,0.0,0.0,0.0,0.0,0.0,0.0,0.0,0.0,0.0,0.0,0.0,0.0,0.0,0.0,0.0,0.0,0.0,0.3436776285317277,0.0,0.0,0.0,0.0,0.0,0.0,0.02269569245020843,0.0,0.018990273274664196,0.0,0.0,0.025474756831866605,0.0,0.0,0.0,0.0,0.0,0.0,0.0,0.0,0.0,0.0,0.0,0.0,0.0,0.0,0.015284854099119963,0.01621120889300602,0.0041685965724872626,0.0,0.0,0.0,0.0004631773969430292,0.0,0.0,0.0,0.0,0.0,0.0,0.0,0.004631773969430292,0.0037054191755442334,0.0,0.0,0.0,0.0,0.0,0.0,0.0,0.0,0.0,0.0,0.0,0.0,0.0,0.0,0.0,0.0,0.0,0.0,0.0,0.0,0.0,0.0,0.0,0.0,0.0,0.0,0.0,0.0,0.0,0.0,0.0,0.0,0.00555812876331635,0.0004631773969430292,0.0,0.02269569245020843,0.0,0.0,0.0,0.0,0.006021306160259379,0.0009263547938860583,0.002779064381658175,0.002315886984715146,0.00555812876331635,0.002315886984715146,0.002315886984715146,0.002315886984715146,0.031032885595182955,0.002315886984715146,0.0,0.006021306160259379,0.0,0.007874015748031496,0.0041685965724872626,0.0,0.0,0.0,0.012042612320518759,0.0,0.007410838351088467,0.007410838351088467,0.0,0.00555812876331635,0.002315886984715146,0.0,0.0,0.0013895321908290875,0.0018527095877721167,0.002779064381658175,0.0041685965724872626,0.0,0.0,0.0,0.0,0.0,0.05789717461787865,0.004631773969430292,0.0,0.0013895321908290875,0.0,0.0009263547938860583,0.0009263547938860583,0.0,0.0,0.0,0.052802223251505326,0.0009263547938860583,0.0,0.007874015748031496,0.0004631773969430292,0.0,0.0,0.0,0.0,0.004631773969430292,0.0,0.008800370541917554,0.0004631773969430292,0.0,0.0018527095877721167,0.0004631773969430292,0.0,0.0,0.0,0.0,0.0,0.0,0.2293790546802595,0.0,0.012511584800741427,0.0,0.0,0.0,0.0,0.0,0.0,0.0,0.0,0.0,0.0,0.0,0.0,0.0,0.0,0.0,0.0,0.0,0.0,0.0,0.0,0.0,0.0,0.0,0.0,0.010658016682113068,0.0,0.0,0.0,0.0,0.0,0.0,0.0,0.0,0.0,0.018535681186283594,0.015755329008341055,0.0004633920296570899,0.0004633920296570899,0.0009267840593141798,0.0,0.0,0.0004633920296570899,0.0,0.0,0.0,0.0,0.0,0.0,0.0,0.0,0.0,0.0,0.0,0.0,0.0,0.0,0.0,0.0,0.0,0.0,0.0,0.0,0.0,0.0,0.0,0.0,0.0,0.0,0.0,0.0,0.0,0.0,0.0,0.0,0.0,0.0,0.0,0.0,0.0,0.0,0.0,0.0,0.0,0.0,0.0,0.0,0.0,0.0037071362372567192,0.0,0.0,0.0,0.0,0.0,0.0,0.0004633920296570899,0.0,0.0,0.0,1.0,0.0,0.0,0.0,0.0,0.0,0.0,0.0
1780373181729319491,1614,0,0.0,0.45724907063197023,0.007434944237918215,0.055762081784386616,0.0,0.11524163568773234,0.0,0.0,0.0,0.0,0.0,0.10408921933085502,0.0,0.0,0.0,0.0,0.0,0.0,0.0,0.0,0.030978934324659233,0.0,0.0,0.0,0.0,0.0,0.01486988847583643,0.04584882280049566,0.0,0.0,0.0,0.0,0.0,0.0,0.0,0.0,0.0,0.0,0.0,0.0,0.007434944237918215,0.0,0.0,0.02973977695167286,0.0,0.004956629491945477,0.11152416356877323,0.0,0.0,0.0,0.0,0.0,0.0,0.0,0.0,0.0,0.0,0.0,0.0,0.0,0.0,0.0,0.0,0.0,0.0,0.0,0.0,0.33663980161190327,0.0,0.0,0.0,0.0,0.0,0.0,0.035337879727216366,0.0,0.030998140111593304,0.0,0.0,0.030998140111593304,0.0,0.0,0.0,0.0,0.0,0.0,0.0,0.0,0.0,0.0,0.0,0.0,0.0,0.0,0.016119032858028518,0.02045877247365158,0.0024798512089274642,0.0,0.0,0.0,0.0,0.0,0.0,0.0,0.0,0.0,0.0,0.0,0.0037197768133911966,0.0049597024178549285,0.0,0.0,0.0,0.0,0.0,0.0,0.0,0.0,0.0,0.0,0.0,0.0,0.0,0.0,0.0,0.0,0.0,0.0,0.0,0.0,0.0,0.0,0.0,0.0,0.0,0.0,0.0,0.0,0.0,0.0,0.0,0.0,0.0043397396156230625,0.0,0.0,0.019838809671419714,0.0,0.0,0.0,0.0,0.009919404835709857,0.0006199628022318661,0.0,0.0,0.0037197768133911966,0.0,0.0,0.0,0.030998140111593304,0.0,0.0,0.0030998140111593306,0.0,0.009299442033477991,0.008679479231246125,0.0,0.0,0.0,0.02045877247365158,0.0,0.011779293242405457,0.006819590824550527,0.0,0.0043397396156230625,0.0,0.0,0.0,0.0,0.006199628022318661,0.0049597024178549285,0.005579665220086794,0.0,0.0,0.0,0.0,0.0,0.04277743335399876,0.008059516429014259,0.0,0.0018598884066955983,0.0,0.0,0.0,0.0,0.0,0.0,0.04525728456292622,0.0012399256044637321,0.0,0.009919404835709857,0.0,0.0006199628022318661,0.0,0.0,0.0,0.006819590824550527,0.0,0.013639181649101054,0.0,0.0,0.0018598884066955983,0.0,0.0,0.0,0.0,0.0,0.0,0.0,0.22084367245657568,0.0,0.019851116625310174,0.0,0.0,0.0,0.0,0.0,0.0,0.0,0.0,0.0,0.0,0.0,0.0,0.0,0.0,0.0,0.0,0.0,0.0,0.0,0.0,0.0,0.0,0.0,0.0,0.016129032258064516,0.0,0.0,0.0,0.0,0.0,0.0,0.0,0.0,0.0,0.031017369727047148,0.019230769230769232,0.0006203473945409429,0.0,0.0012406947890818859,0.0,0.0,0.0,0.0,0.0,0.0,0.0,0.0,0.0,0.0,0.0,0.0,0.0,0.0,0.0,0.0,0.0,0.0,0.0,0.0,0.0,0.0,0.0,0.0,0.0,0.0,0.0,0.0,0.0,0.0,0.0,0.0,0.0,0.0,0.0,0.0,0.0,0.0,0.0,0.0,0.0,0.0,0.0,0.0,0.0,0.0,0.0,0.0,0.003101736972704715,0.0,0.0,0.0,0.0,0.0,0.0,0.0,0.0,0.0,0.0,1.0,0.0,0.0,0.0,0.0,0.0,0.0,0.0
1780373187189494218,3950,1,0.004050632911392405,0.4607594936708861,0.007088607594936709,0.027848101265822784,0.006582278481012658,0.11215189873417722,0.0010126582278481013,0.0,0.0,0.002531645569620253,0.00810126582278481,0.0779746835443038,0.0,0.005063291139240506,0.0,0.002531645569620253,0.0,0.0015189873417721519,0.0012658227848101266,0.0,0.013164556962025316,0.0017721518987341772,0.0,0.0005063291139240507,0.00025316455696202533,0.007088607594936709,0.007088607594936709,0.02278481012658228,0.021265822784810127,0.0,0.0,0.0,0.0007594936708860759,0.0,0.0,0.004556962025316456,0.0,0.0,0.0,0.0,0.0035443037974683543,0.0005063291139240507,0.00025316455696202533,0.014683544303797468,0.0,0.005063291139240506,0.053670886075949366,0.0,0.0,0.0005063291139240507,0.0,0.004050632911392405,0.0030379746835443038,0.0005063291139240507,0.0,0.0,0.0,0.0,0.0060759493670886075,0.0,0.0,0.0,0.0015189873417721519,0.0,0.0,0.0,0.0,0.358571790326665,0.002025829323879463,0.0,0.0,0.0,0.0,0.0035452013167890607,0.016966320587490504,0.0,0.0192453785768549,0.006330716637123322,0.0,0.02177766523170423,0.0017726006583945303,0.0007596859964547987,0.0,0.0,0.0,0.0,0.0,0.0,0.0,0.0,0.0,0.0,0.0,0.0,0.012661433274246644,0.009875917953912383,0.0037984299822739933,0.0,0.0002532286654849329,0.0,0.004558115978728792,0.0,0.0,0.0,0.0,0.0,0.0,0.0002532286654849329,0.002785515320334262,0.0032919726513041276,0.0,0.0002532286654849329,0.0,0.0,0.0,0.0,0.0,0.0,0.0,0.0,0.0,0.0,0.0,0.0,0.0,0.0,0.0,0.0,0.0,0.0,0.0,0.0,0.0,0.0,0.0,0.0,0.0,0.0,0.0005064573309698658,0.0,0.0,0.0005064573309698658,0.0037984299822739933,0.0,0.0,0.015953405925550772,0.0,0.0,0.0,0.0,0.004051658647758926,0.0002532286654849329,0.0,0.0,0.0015193719929095975,0.0,0.0,0.0002532286654849329,0.025069637883008356,0.0,0.0,0.0017726006583945303,0.0,0.004304887313243859,0.002785515320334262,0.0,0.0,0.0,0.010382375284882249,0.0,0.005317801975183591,0.004304887313243859,0.0,0.004558115978728792,0.0002532286654849329,0.0,0.0,0.0,0.002279057989364396,0.002279057989364396,0.002785515320334262,0.0002532286654849329,0.0,0.0002532286654849329,0.0,0.0,0.02279057989364396,0.002025829323879463,0.0002532286654849329,0.0005064573309698658,0.0,0.0,0.0,0.0,0.0,0.0,0.02101797923524943,0.0002532286654849329,0.0,0.006583945302608255,0.0,0.0,0.0005064573309698658,0.0,0.0,0.0032919726513041276,0.0,0.006837173968093188,0.0,0.0002532286654849329,0.0010129146619397315,0.0,0.0,0.0,0.0002532286654849329,0.0007596859964547987,0.0005064573309698658,0.0,0.25987841945288753,0.0,0.009371833839918946,0.0,0.0,0.0,0.0,0.0,0.0,0.0,0.0,0.0,0.0,0.0,0.0,0.0,0.0,0.0,0.0,0.0,0.0,0.0,0.0,0.001519756838905775,0.0,0.0,0.0,0.009878419452887538,0.004559270516717325,0.0,0.0,0.0,0.0,0.0,0.0,0.0,0.0,0.018490374873353598,0.009371833839918946,0.0005065856129685917,0.00025329280648429586,0.0010131712259371835,0.0,0.0,0.0005065856129685917,0.0,0.0,0.0,0.0,0.0,0.0,0.0,0.0,0.0,0.0,0.0,0.0,0.0,0.0,0.0,0.0,0.0,0.0,0.0,0.0,0.0,0.0,0.0,0.0,0.0,0.0,0.0,0.0,0.0,0.0,0.0,0.0,0.0,0.0,0.0,0.0,0.0,0.0,0.0,0.0,0.0,0.0,0.0,0.0,0.0,0.0022796352583586625,0.0,0.0,0.0,0.0,0.0,0.0,0.0,0.0,1.0,0.0,1.0,0.0,0.0,0.0,0.0,0.0,0.0,0.0
1780373191803392405,1455,1,0.0,0.3697594501718213,0.016494845360824743,0.049484536082474224,0.008247422680412371,0.10034364261168385,0.0027491408934707906,0.0,0.0,0.0027491408934707906,0.013745704467353952,0.10515463917525773,0.0,0.008247422680412371,0.0,0.0,0.0,0.004123711340206186,0.004123711340206186,0.0,0.027491408934707903,0.002061855670103093,0.0,0.0,0.002061855670103093,0.0,0.013745704467353952,0.041237113402061855,0.03848797250859107,0.0,0.0,0.0,0.005498281786941581,0.0,0.0,0.0006872852233676976,0.0,0.0,0.0,0.0,0.006872852233676976,0.0013745704467353953,0.0013745704467353953,0.0288659793814433,0.0,0.006872852233676976,0.08109965635738832,0.0,0.0,0.0,0.0,0.004123711340206186,0.0,0.0013745704467353953,0.0,0.0,0.0,0.0,0.0,0.0,0.0,0.0,0.004123711340206186,0.0,0.0,0.0,0.0,0.2730398899587345,0.0,0.0,0.0,0.0,0.0,0.004814305364511692,0.029573590096286108,0.0,0.023383768913342505,0.0068775790921595595,0.0,0.029573590096286108,0.001375515818431912,0.0,0.0,0.0,0.0,0.0,0.0,0.0,0.0,0.0,0.0,0.0,0.0,0.0,0.011691884456671253,0.016506189821182942,0.008253094910591471,0.0,0.0,0.0,0.007565337001375516,0.0,0.0,0.0,0.0,0.0,0.0,0.0020632737276478678,0.005502063273727648,0.002751031636863824,0.0,0.000687757909215956,0.0,0.0,0.0,0.0,0.0,0.0,0.000687757909215956,0.0,0.0,0.0,0.0,0.0,0.0,0.0,0.0,0.0,0.0,0.0,0.000687757909215956,0.0,0.0,0.0,0.0,0.0,0.0,0.0,0.000687757909215956,0.0,0.0,0.0020632737276478678,0.0034387895460797797,0.0,0.0,0.02200825309491059,0.0,0.0,0.0,0.0,0.007565337001375516,0.000687757909215956,0.0,0.0,0.002751031636863824,0.0,0.0,0.000687757909215956,0.033012379642365884,0.0,0.0,0.0034387895460797797,0.0,0.008940852819807428,0.008253094910591471,0.0,0.0,0.0,0.015130674002751032,0.0,0.01031636863823934,0.007565337001375516,0.0,0.005502063273727648,0.000687757909215956,0.0,0.0,0.000687757909215956,0.0034387895460797797,0.006189821182943604,0.0068775790921595595,0.0,0.0,0.0,0.0,0.0,0.035075653370013754,0.007565337001375516,0.0,0.0020632737276478678,0.0,0.0,0.0,0.0,0.0,0.0,0.03163686382393398,0.000687757909215956,0.0,0.007565337001375516,0.0,0.0,0.0,0.0,0.0,0.006189821182943604,0.0,0.013755158184319119,0.0,0.0,0.0,0.0,0.0,0.0,0.0,0.001375515818431912,0.0,0.0,0.182381280110117,0.0,0.015829318651066758,0.0,0.0,0.0,0.0,0.0,0.0,0.0,0.0,0.0,0.0,0.0,0.0,0.0,0.0,0.0,0.0,0.0,0.0,0.0,0.0,0.0027529249827942187,0.0,0.0,0.0,0.01307639366827254,0.0013764624913971094,0.0,0.0,0.0,0.0,0.0,0.0,0.0,0.0,0.02339986235375086,0.015829318651066758,0.0,0.0,0.0,0.0,0.0,0.0020646937370956643,0.0,0.0006882312456985547,0.0,0.0,0.0,0.0,0.0,0.0,0.0,0.0,0.0,0.0,0.0,0.0,0.0,0.0006882312456985547,0.0,0.0,0.0,0.0,0.0,0.0,0.0,0.0,0.0,0.0,0.0,0.0,0.0,0.0,0.0,0.0,0.0,0.0,0.0,0.0,0.0,0.0,0.0,0.0,0.0,0.0,0.0,0.0,0.0,0.0055058499655884375,0.0,0.0,0.0,0.0,0.0,0.0,0.0,0.0,1.0,0.0,1.0,0.0,0.0,0.0,0.0,0.0,0.0,0.0
1780373196618786446,2092,1,0.0,0.34990439770554493,0.027724665391969407,0.04206500956022945,0.01338432122370937,0.10611854684512428,0.0009560229445506692,0.0,0.0,0.0,0.0038240917782026767,0.08652007648183556,0.0,0.017208413001912046,0.0,0.0,0.0,0.006692160611854685,0.006692160611854685,0.0,0.020076481835564052,0.0038240917782026767,0.0,0.0,0.0038240917782026767,0.0,0.009560229445506692,0.03441682600382409,0.06309751434034416,0.0,0.0,0.0,0.008604206500956023,0.0,0.0,0.0004780114722753346,0.0,0.0,0.0,0.0,0.004780114722753346,0.0,0.0004780114722753346,0.019120458891013385,0.0,0.0009560229445506692,0.08986615678776291,0.0,0.0,0.0,0.0,0.0076481835564053535,0.0,0.0,0.0,0.0,0.0,0.0,0.0,0.0,0.0,0.0,0.006692160611854685,0.0,0.0,0.0,0.0,0.2582496413199426,0.0,0.0,0.0,0.0,0.0,0.007651841224294596,0.0234337637494022,0.0,0.02391200382592061,0.001912960306073649,0.0,0.022477283596365374,0.0,0.0,0.0,0.0,0.0,0.0,0.0,0.0,0.0,0.0,0.0,0.0,0.0,0.0,0.009564801530368245,0.01721664275466284,0.01291248206599713,0.0,0.0,0.0,0.015303682448589193,0.0,0.0,0.0,0.0,0.0,0.0,0.0023912003825920613,0.001912960306073649,0.003347680535628886,0.0,0.00047824007651841227,0.0,0.00047824007651841227,0.0,0.0,0.0,0.0,0.00047824007651841227,0.0,0.00047824007651841227,0.0,0.0,0.0,0.0,0.0,0.0,0.0,0.0,0.0,0.0009564801530368245,0.0,0.0,0.0,0.0,0.0,0.0,0.0,0.0009564801530368245,0.0,0.0,0.0023912003825920613,0.001912960306073649,0.0,0.0,0.016260162601626018,0.0,0.0,0.0,0.00047824007651841227,0.007173601147776184,0.00047824007651841227,0.0,0.0,0.0023912003825920613,0.0,0.0,0.0,0.026781444285031087,0.0,0.0,0.0023912003825920613,0.0,0.007173601147776184,0.006695361071257772,0.0,0.0,0.0,0.01721664275466284,0.0,0.00860832137733142,0.006217120994739359,0.0,0.016260162601626018,0.0,0.00047824007651841227,0.0,0.00047824007651841227,0.005738880918220947,0.003825920612147298,0.004782400765184123,0.0,0.0,0.0,0.0,0.0,0.03873744619799139,0.005738880918220947,0.00047824007651841227,0.00047824007651841227,0.0,0.0,0.0,0.0,0.00047824007651841227,0.00047824007651841227,0.035868005738880916,0.0,0.0,0.004782400765184123,0.0,0.0,0.00047824007651841227,0.0,0.0,0.0028694404591104736,0.0,0.00860832137733142,0.0,0.0,0.001912960306073649,0.0,0.0,0.0,0.0,0.0014347202295552368,0.0,0.0,0.1708133971291866,0.0,0.010047846889952153,0.0,0.0,0.0,0.0,0.0,0.0,0.0,0.0,0.0,0.0,0.0,0.0,0.0,0.0,0.0,0.0,0.0,0.0,0.0,0.0,0.0033492822966507177,0.0,0.0,0.0,0.011961722488038277,0.0,0.0,0.0,0.0,0.0,0.0,0.0,0.0,0.0,0.022966507177033493,0.016267942583732056,0.0,0.0004784688995215311,0.0019138755980861245,0.0,0.0,0.0028708133971291866,0.0,0.0004784688995215311,0.0,0.0,0.0,0.0,0.0,0.0,0.0,0.0,0.0,0.0,0.0,0.0,0.0,0.0009569377990430622,0.0,0.0,0.0,0.0,0.0,0.0,0.0,0.0,0.0,0.0,0.0,0.0,0.0,0.0,0.0,0.0,0.0,0.0,0.0,0.0,0.0,0.0,0.0,0.0,0.0,0.0,0.0,0.0,0.0,0.0014354066985645933,0.0,0.0,0.0,0.0,0.0,0.0,0.0,0.0004784688995215311,1.0,0.0,1.0,0.0,0.0,0.0,0.0,0.0,0.0,0.0
1780373202525562221,1504,1,0.0,0.386968085106383,0.015957446808510637,0.04654255319148936,0.010638297872340425,0.08710106382978723,0.003989361702127659,0.0,0.0,0.0026595744680851063,0.014627659574468085,0.0851063829787234,0.0,0.0,0.0,0.0,0.0,0.005319148936170213,0.005319148936170213,0.0,0.026595744680851064,0.0026595744680851063,0.0,0.0,0.0026595744680851063,0.0,0.013297872340425532,0.03856382978723404,0.04920212765957447,0.0,0.0,0.0,0.006648936170212766,0.0,0.0,0.0006648936170212766,0.0,0.0,0.0,0.0,0.006648936170212766,0.0013297872340425532,0.0013297872340425532,0.027925531914893616,0.0,0.0,0.09175531914893617,0.0,0.0,0.0,0.0,0.005319148936170213,0.0,0.0013297872340425532,0.0,0.0,0.0,0.0,0.0,0.0,0.0,0.0,0.005319148936170213,0.0,0.0,0.0,0.0,0.2834331337325349,0.0,0.0,0.0,0.0,0.0,0.005988023952095809,0.027944111776447105,0.0,0.02661343978709248,0.00998003992015968,0.0,0.020625415834996674,0.001996007984031936,0.0,0.0,0.0,0.0,0.0,0.0,0.0,0.0,0.0,0.0,0.0,0.0,0.0,0.011976047904191617,0.017298735861610112,0.007984031936127744,0.0,0.0,0.0,0.0,0.0,0.0,0.0,0.0,0.0,0.0,0.001996007984031936,0.001996007984031936,0.0026613439787092482,0.0,0.0006653359946773121,0.0,0.0,0.0,0.0,0.0,0.0,0.0006653359946773121,0.0,0.0,0.0,0.0,0.0,0.0,0.0,0.0,0.0,0.0,0.0,0.0013306719893546241,0.0,0.0,0.0,0.0,0.0,0.0,0.0,0.0013306719893546241,0.0,0.0,0.001996007984031936,0.0026613439787092482,0.0,0.0,0.011310711909514305,0.0,0.0,0.0,0.0,0.008649367930805056,0.0006653359946773121,0.0,0.0,0.00332667997338656,0.0,0.0,0.0006653359946773121,0.02262142381902861,0.0,0.0,0.00332667997338656,0.0,0.009314703925482368,0.008649367930805056,0.0,0.0,0.0,0.015302727877578177,0.0,0.009314703925482368,0.005988023952095809,0.0,0.0026613439787092482,0.0006653359946773121,0.0006653359946773121,0.0006653359946773121,0.0006653359946773121,0.005988023952095809,0.0053226879574184965,0.003992015968063872,0.0,0.0006653359946773121,0.0,0.0,0.0,0.0385894876912841,0.007984031936127744,0.0,0.001996007984031936,0.0,0.0,0.0,0.0,0.0,0.0,0.034597471723220224,0.0,0.0,0.00332667997338656,0.0,0.0,0.0006653359946773121,0.0,0.0,0.0053226879574184965,0.0,0.012641383898868928,0.0,0.0,0.0006653359946773121,0.0,0.0,0.0,0.0,0.0006653359946773121,0.0,0.0,0.1877496671105193,0.0,0.016644474034620507,0.0,0.0,0.0,0.0,0.0,0.0,0.0,0.0,0.0,0.0,0.0,0.0,0.0,0.0,0.0,0.0,0.0,0.0,0.0,0.0,0.002663115845539281,0.0,0.0,0.0,0.013981358189081226,0.005326231691078562,0.0,0.0,0.0,0.0,0.0,0.0,0.0,0.0,0.02596537949400799,0.015978695073235686,0.0006657789613848203,0.0,0.0019973368841544607,0.0,0.0,0.0013315579227696406,0.0,0.0006657789613848203,0.0,0.0,0.0,0.0,0.0,0.0,0.0,0.0,0.0,0.0,0.0,0.0,0.0,0.0013315579227696406,0.0,0.0,0.0,0.0,0.0,0.0,0.0,0.0,0.0,0.0,0.0,0.0,0.0,0.0,0.0,0.0,0.0,0.0,0.0,0.0,0.0,0.0,0.0,0.0,0.0,0.0,0.0,0.0,0.0,0.0013315579227696406,0.0,0.0,0.0,0.0,0.0,0.0,0.0,0.0,1.0,0.0,1.0,0.0,0.0,0.0,0.0,0.0,0.0,0.0
1780373206925553554,2450,0,0.0,0.43918367346938775,0.011428571428571429,0.05061224489795919,0.0,0.11673469387755102,0.0,0.0,0.0,0.0,0.0,0.12122448979591836,0.0,0.0016326530612244899,0.0,0.0,0.0,0.0,0.0,0.0,0.024489795918367346,0.0008163265306122449,0.0,0.0,0.0008163265306122449,0.0,0.022857142857142857,0.03918367346938775,0.0,0.0,0.0,0.0,0.00040816326530612246,0.0,0.0,0.0,0.0,0.0,0.0,0.005714285714285714,0.011428571428571429,0.005714285714285714,0.005714285714285714,0.02857142857142857,0.0,0.00816326530612245,0.09346938775510204,0.0,0.0,0.0,0.0,0.0,0.0,0.0,0.0,0.0,0.0,0.0,0.0,0.0,0.0,0.0,0.0,0.0,0.0,0.0,0.0,0.3246222948142099,0.0,0.0,0.0,0.0,0.0,0.0,0.030216414863209473,0.0,0.03144140465496121,0.0,0.0,0.034708044099632504,0.0,0.0,0.0,0.0,0.0,0.0,0.0,0.0,0.0,0.0,0.0,0.0,0.0,0.0,0.018783176806859942,0.024091465904450795,0.004899959167006942,0.0,0.0,0.0,0.0008166598611678236,0.0,0.0,0.0,0.0,0.0,0.0,0.0008166598611678236,0.00449162923642303,0.004899959167006942,0.0,0.0,0.0,0.0,0.0,0.0,0.0,0.0,0.0,0.0,0.0,0.0,0.0,0.0,0.0,0.0,0.0,0.0,0.0,0.0,0.0,0.0,0.0,0.0,0.0,0.0,0.0,0.0,0.0,0.0,0.0,0.0,0.004083299305839118,0.0004083299305839118,0.0,0.027766435279706004,0.0,0.0,0.0,0.0,0.008166598611678236,0.0008166598611678236,0.002449979583503471,0.0028583095140873828,0.00449162923642303,0.002041649652919559,0.002449979583503471,0.002449979583503471,0.04246631278072683,0.0016333197223356473,0.0,0.0057166190281747655,0.0,0.009391588403429971,0.008166598611678236,0.0,0.0,0.0,0.017558187015108206,0.0,0.008574928542262147,0.006533278889342589,0.0,0.007758268681094325,0.002041649652919559,0.0,0.0,0.0016333197223356473,0.006941608819926501,0.0028583095140873828,0.00449162923642303,0.0,0.0,0.0,0.0,0.0,0.04083299305839118,0.0057166190281747655,0.0,0.0012249897917517355,0.0,0.0008166598611678236,0.0,0.0,0.0,0.0,0.03511637403021641,0.0016333197223356473,0.0,0.008166598611678236,0.0004083299305839118,0.0,0.0,0.0,0.0,0.004083299305839118,0.0,0.011024908125765618,0.0004083299305839118,0.0,0.0008166598611678236,0.0,0.0,0.0,0.0,0.0,0.0,0.0,0.21691176470588236,0.0,0.016339869281045753,0.0,0.0,0.0,0.0,0.0,0.0,0.0,0.0,0.0,0.0,0.0,0.0,0.0,0.0,0.0,0.0,0.0,0.0,0.0,0.0,0.0,0.0,0.0,0.0,0.015931372549019607,0.0,0.0,0.0,0.0,0.0,0.0,0.0,0.0,0.0,0.0298202614379085,0.02287581699346405,0.0008169934640522876,0.0004084967320261438,0.0024509803921568627,0.0,0.0,0.0004084967320261438,0.0,0.0,0.0,0.0,0.0,0.0,0.0,0.0,0.0,0.0,0.0,0.0,0.0,0.0,0.0,0.0,0.0,0.0,0.0,0.0,0.0,0.0,0.0,0.0,0.0,0.0,0.0,0.0,0.0,0.0,0.0,0.0,0.0,0.0,0.0,0.0,0.0,0.0,0.0,0.0,0.0,0.0,0.0,0.0,0.0,0.0032679738562091504,0.0,0.0,0.0,0.0,0.0,0.0,0.0004084967320261438,0.0,1.0,0.0,1.0,0.0,0.0,0.0,0.0,0.0,0.0,0.0
1780373211618819068,1522,0,0.0,0.4507227332457293,0.006570302233902759,0.052562417871222074,0.0,0.11957950065703023,0.0,0.0,0.0,0.0,0.0,0.11498028909329829,0.0,0.0,0.0,0.0,0.0,0.0,0.0,0.0,0.026281208935611037,0.0,0.0,0.0,0.0,0.0,0.013140604467805518,0.04336399474375821,0.0,0.0,0.0,0.0,0.0,0.0,0.0,0.0,0.0,0.0,0.0,0.0,0.006570302233902759,0.0,0.0,0.026281208935611037,0.0,0.009198423127463863,0.1176084099868594,0.0,0.0,0.0,0.0,0.0,0.0,0.0,0.0,0.0,0.0,0.0,0.0,0.0,0.0,0.0,0.0,0.0,0.0,0.0,0.0,0.3320184089414859,0.0,0.0,0.0,0.0,0.0,0.0,0.03418803418803419,0.0,0.032215647600262985,0.0,0.0,0.03747534516765286,0.0,0.0,0.0,0.0,0.0,0.0,0.0,0.0,0.0,0.0,0.0,0.0,0.0,0.0,0.012491781722550954,0.0210387902695595,0.003287310979618672,0.0,0.0,0.0,0.0,0.0,0.0,0.0,0.0,0.0,0.0,0.0,0.006574621959237344,0.0026298487836949377,0.0,0.0,0.0,0.0,0.0,0.0,0.0,0.0,0.0,0.0,0.0,0.0,0.0,0.0,0.0,0.0,0.0,0.0,0.0,0.0,0.0,0.0,0.0,0.0,0.0,0.0,0.0,0.0,0.0,0.0,0.0,0.0,0.0046022353714661405,0.0,0.0,0.024326101249178174,0.0,0.0,0.0,0.0,0.007889546351084813,0.0,0.0,0.0,0.003287310979618672,0.0,0.0,0.0,0.03879026955950033,0.0,0.0,0.0019723865877712033,0.0,0.008547008547008548,0.005917159763313609,0.0,0.0,0.0,0.01643655489809336,0.0,0.011834319526627219,0.005917159763313609,0.0,0.005259697567389875,0.0006574621959237344,0.0,0.0,0.0006574621959237344,0.0019723865877712033,0.005259697567389875,0.005259697567389875,0.0,0.0,0.0,0.0,0.0,0.05259697567389875,0.007889546351084813,0.0,0.0013149243918474688,0.0,0.0,0.0,0.0,0.0,0.0,0.047337278106508875,0.0006574621959237344,0.0,0.005259697567389875,0.0,0.0006574621959237344,0.0,0.0,0.0,0.0039447731755424065,0.0,0.011834319526627219,0.0,0.0,0.0006574621959237344,0.0,0.0,0.0,0.0,0.0,0.0,0.0,0.21842105263157896,0.0,0.020394736842105264,0.0,0.0,0.0,0.0,0.0,0.0,0.0,0.0,0.0,0.0,0.0,0.0,0.0,0.0,0.0,0.0,0.0,0.0,0.0,0.0,0.0,0.0,0.0,0.0,0.017105263157894738,0.0,0.0,0.0,0.0,0.0,0.0,0.0,0.0,0.0,0.031578947368421054,0.019078947368421053,0.0,0.0,0.002631578947368421,0.0,0.0,0.0,0.0,0.0,0.0,0.0,0.0,0.0,0.0,0.0,0.0,0.0,0.0,0.0,0.0,0.0,0.0,0.0,0.0,0.0,0.0,0.0,0.0,0.0,0.0,0.0,0.0,0.0,0.0,0.0,0.0,0.0,0.0,0.0,0.0,0.0,0.0,0.0,0.0,0.0,0.0,0.0,0.0,0.0,0.0,0.0,0.0,0.0059210526315789476,0.0,0.0,0.0,0.0,0.0,0.0,0.0,0.0,0.0,0.0,1.0,0.0,0.0,0.0,0.0,0.0,0.0,0.0
1780373216618796274,2130,0,0.0,0.5605633802816902,0.005633802816901409,0.03943661971830986,0.0,0.09765258215962441,0.0,0.0,0.0,0.0,0.0,0.07417840375586854,0.0,0.0,0.0,0.0,0.0,0.0,0.0,0.0,0.022535211267605635,0.0,0.0,0.0,0.0,0.0,0.011267605633802818,0.03568075117370892,0.0,0.0,0.0,0.0,0.0,0.0,0.0,0.0,0.0,0.0,0.0,0.0,0.005633802816901409,0.0,0.0,0.022535211267605635,0.0,0.010328638497652582,0.10328638497652583,0.0,0.0,0.0,0.0,0.0,0.0,0.0,0.0,0.0,0.0,0.0,0.0,0.0,0.0,0.0,0.0,0.0,0.0,0.0,0.0,0.4542038515735087,0.0,0.0,0.0,0.0,0.0,0.0,0.02489431658055425,0.0,0.02207609206200094,0.0,0.0,0.017848755284170972,0.0,0.0,0.0,0.0,0.0,0.0,0.0,0.0,0.0,0.0,0.0,0.0,0.0,0.0,0.013151714419915453,0.017848755284170972,0.0023485204321277596,0.0,0.0,0.0,0.0,0.0,0.0,0.0,0.0,0.0,0.0,0.0,0.0028182245185533112,0.0018788163457022077,0.0,0.0,0.0,0.0,0.0,0.0,0.0,0.0,0.0,0.0,0.0,0.0,0.0,0.0,0.0,0.0,0.0,0.0,0.0,0.0,0.0,0.0,0.0,0.0,0.0,0.0,0.0,0.0,0.0,0.0,0.0,0.0,0.0037576326914044154,0.0,0.0,0.012682010333489901,0.0,0.0,0.0,0.0,0.007984969469234382,0.0004697040864255519,0.0,0.0,0.0023485204321277596,0.0,0.0,0.0,0.02677313292625646,0.0,0.0,0.0028182245185533112,0.0,0.008924377642085486,0.004697040864255519,0.0,0.0,0.0,0.01737905119774542,0.0,0.00986378581493659,0.0061061531235321745,0.0,0.01456082667919211,0.0,0.0,0.0,0.0004697040864255519,0.0032879286049788633,0.0037576326914044154,0.004227336777829967,0.0018788163457022077,0.0,0.0018788163457022077,0.0,0.0,0.04509159229685298,0.007045561296383279,0.0,0.0009394081728511038,0.0,0.0,0.0,0.0,0.0,0.0,0.03616721465476749,0.0004697040864255519,0.0,0.0037576326914044154,0.0,0.0004697040864255519,0.0,0.0,0.0,0.0014091122592766556,0.0,0.009394081728511038,0.0,0.0,0.0,0.0,0.0,0.0,0.0,0.0,0.0,0.0,0.35150375939849626,0.0,0.014097744360902255,0.0,0.0,0.0,0.0,0.0,0.0,0.0,0.0,0.0,0.0,0.0,0.0,0.0,0.0,0.0,0.0,0.0,0.0,0.0,0.0,0.0,0.0,0.0,0.0,0.009868421052631578,0.0,0.0,0.0,0.0,0.0,0.0,0.0,0.0,0.0,0.020676691729323307,0.01644736842105263,0.0,0.0,0.002819548872180451,0.0,0.0,0.0,0.0,0.0,0.0,0.0,0.0,0.0,0.0,0.0,0.0,0.0,0.0,0.0,0.0,0.0,0.0,0.0,0.0,0.0,0.0,0.0,0.0,0.0,0.0,0.0,0.0,0.0,0.0,0.0,0.0,0.0,0.0,0.0,0.0,0.0,0.0,0.0,0.0,0.0,0.0,0.0,0.0,0.0,0.0,0.0,0.0,0.0018796992481203006,0.0,0.0,0.0,0.0,0.0,0.0,0.0,0.0,0.0,0.0,1.0,0.0,0.0,0.0,0.0,0.0,0.0,0.0
1780373221618795125,997,0,0.0,0.46138415245737213,0.010030090270812437,0.07021063189568706,0.0,0.08726178535606821,0.0,0.0,0.0,0.0,0.0,0.11033099297893681,0.0,0.0,0.0,0.0,0.0,0.0,0.0,0.0,0.03811434302908726,0.0,0.0,0.0,0.0,0.0,0.020060180541624874,0.05616850551654965,0.0,0.0,0.0,0.0,0.0,0.0,0.0,0.0,0.0,0.0,0.0,0.0,0.010030090270812437,0.0,0.0,0.04012036108324975,0.0,0.0,0.07622868605817452,0.0,0.0,0.0,0.0,0.0,0.0,0.0,0.0,0.0,0.0,0.0,0.0,0.0,0.0,0.0,0.0,0.0,0.0,0.0,0.0,0.3493975903614458,0.0,0.0,0.0,0.0,0.0,0.0,0.04618473895582329,0.0,0.03714859437751004,0.0,0.0,0.03112449799196787,0.0,0.0,0.0,0.0,0.0,0.0,0.0,0.0,0.0,0.0,0.0,0.0,0.0,0.0,0.01104417670682731,0.023092369477911646,0.004016064257028112,0.0,0.0,0.0,0.0,0.0,0.0,0.0,0.0,0.0,0.0,0.0,0.002008032128514056,0.002008032128514056,0.0,0.0,0.0,0.0,0.0,0.0,0.0,0.0,0.0,0.0,0.0,0.0,0.0,0.0,0.0,0.0,0.0,0.0,0.0,0.0,0.0,0.0,0.0,0.0,0.0,0.0,0.0,0.0,0.0,0.0,0.0,0.0,0.001004016064257028,0.0,0.0,0.023092369477911646,0.0,0.0,0.0,0.0,0.014056224899598393,0.0,0.0,0.0,0.0050200803212851405,0.0,0.0,0.0,0.03112449799196787,0.0,0.0,0.0050200803212851405,0.0,0.01706827309236948,0.010040160642570281,0.0,0.0,0.0,0.02610441767068273,0.0,0.015060240963855422,0.010040160642570281,0.0,0.002008032128514056,0.0,0.0,0.0,0.001004016064257028,0.007028112449799197,0.004016064257028112,0.009036144578313253,0.0,0.0,0.0,0.0,0.0,0.030120481927710843,0.013052208835341365,0.0,0.001004016064257028,0.0,0.0,0.0,0.0,0.0,0.0,0.03112449799196787,0.0,0.0,0.004016064257028112,0.0,0.0,0.0,0.0,0.0,0.007028112449799197,0.0,0.014056224899598393,0.0,0.0,0.001004016064257028,0.0,0.0,0.0,0.0,0.0,0.0,0.0,0.23819095477386934,0.0,0.02814070351758794,0.0,0.0,0.0,0.0,0.0,0.0,0.0,0.0,0.0,0.0,0.0,0.0,0.0,0.0,0.0,0.0,0.0,0.0,0.0,0.0,0.0,0.0,0.0,0.0,0.021105527638190954,0.0,0.0,0.0,0.0,0.0,0.0,0.0,0.0,0.0,0.0371859296482412,0.023115577889447236,0.0,0.0,0.0,0.0,0.0,0.0,0.0,0.0,0.0,0.0,0.0,0.0,0.0,0.0,0.0,0.0,0.0,0.0,0.0,0.0,0.0,0.0,0.0,0.0,0.0,0.0,0.0,0.0,0.0,0.0,0.0,0.0,0.0,0.0,0.0,0.0,0.0,0.0,0.0,0.0,0.0,0.0,0.0,0.0,0.0,0.0,0.0,0.0,0.0,0.0,0.0,0.0010050251256281408,0.0,0.0,0.0,0.0,0.0,0.0,0.0,0.0,0.0,0.0,1.0,0.0,0.0,0.0,0.0,0.0,0.0,0.0
1780373226828918600,1803,0,0.0,0.47032723239046037,0.00776483638380477,0.0632279534109817,0.0,0.09706045479755962,0.0,0.0,0.0,0.0,0.0,0.08763172490293955,0.0,0.0,0.0,0.0,0.0,0.0,0.0,0.0,0.029950083194675542,0.0,0.0,0.0,0.0,0.0,0.016638935108153077,0.051026067665002776,0.0,0.0,0.0,0.0,0.0,0.0,0.0,0.0,0.0,0.0,0.0,0.0011092623405435386,0.00887409872434831,0.0011092623405435386,0.0011092623405435386,0.03438713255684969,0.0,0.0,0.11092623405435385,0.0,0.0,0.0,0.0,0.0,0.0,0.0,0.0,0.0,0.0,0.0,0.0,0.0,0.0,0.0,0.0,0.0,0.0,0.0022185246810870773,0.0,0.3490566037735849,0.0,0.0,0.0,0.0,0.0,0.0,0.03607103218645949,0.0,0.029966703662597113,0.0,0.0,0.020532741398446172,0.0,0.0,0.0,0.0,0.0,0.0,0.0,0.0,0.0,0.0,0.0,0.0,0.0,0.0,0.012763596004439512,0.01997780244173141,0.002774694783573807,0.0,0.0,0.0,0.0,0.0,0.0,0.0,0.0,0.0,0.0,0.0,0.004994450610432853,0.003329633740288568,0.0,0.0,0.0,0.0,0.0,0.0,0.0,0.0,0.0,0.0,0.0,0.0,0.0,0.0,0.0,0.0,0.0,0.0,0.0,0.0,0.0,0.0,0.0,0.0,0.0,0.0,0.0,0.0,0.0,0.0,0.0,0.0,0.00388457269700333,0.0005549389567147614,0.0,0.011653718091009988,0.0,0.0,0.0,0.0,0.009433962264150943,0.0011098779134295228,0.0005549389567147614,0.0005549389567147614,0.00388457269700333,0.0005549389567147614,0.0005549389567147614,0.0005549389567147614,0.021642619311875694,0.0,0.0,0.003329633740288568,0.0,0.01220865704772475,0.008879023307436182,0.0,0.0,0.0,0.022752497225305215,0.0,0.011098779134295227,0.009988901220865706,0.0,0.006659267480577136,0.0005549389567147614,0.0,0.0,0.0,0.007214206437291898,0.004439511653718091,0.009988901220865706,0.0,0.0,0.0,0.0,0.0,0.04439511653718091,0.008324084350721421,0.0,0.002774694783573807,0.0,0.0,0.0,0.0,0.0,0.0,0.041065482796892344,0.0,0.0,0.004994450610432853,0.0,0.0,0.0,0.0,0.0,0.006659267480577136,0.0,0.013318534961154272,0.0,0.0,0.0011098779134295228,0.0,0.0,0.0,0.0,0.0,0.0,0.0,0.2359800111049417,0.0,0.019988895058300944,0.0,0.0,0.0,0.0,0.0,0.0,0.0,0.0,0.0,0.0,0.0,0.0,0.0,0.0,0.0,0.0,0.0,0.0,0.0,0.0,0.0,0.0,0.0,0.0,0.013325930038867296,0.0,0.0,0.0,0.0,0.0,0.0,0.0,0.0,0.0,0.028317601332593003,0.01665741254858412,0.001110494169905608,0.0,0.003886729594669628,0.0,0.0,0.0,0.0,0.0,0.0,0.0,0.0,0.0,0.0,0.0,0.0,0.0,0.0,0.0,0.0,0.0,0.0,0.0,0.0,0.0,0.0,0.0,0.0,0.0,0.0,0.0,0.0,0.0,0.0,0.0,0.0,0.0,0.0,0.0,0.0,0.0,0.0,0.0,0.0,0.0,0.0,0.0,0.0,0.0,0.0,0.0,0.0,0.001665741254858412,0.0,0.0,0.0,0.0,0.0,0.0,0.0,0.0,0.0,0.0,1.0,0.0,0.0,0.0,0.0,0.0,0.0,0.0
1780373231618856799,1154,0,0.0,0.4540727902946274,0.008665511265164644,0.058925476603119586,0.0,0.11611785095320624,0.0,0.0,0.0,0.0,0.0,0.11265164644714037,0.0,0.0,0.0,0.0,0.0,0.0,0.0,0.0,0.03292894280762565,0.0,0.0,0.0,0.0,0.0,0.01733102253032929,0.045060658578856154,0.0,0.0,0.0,0.0,0.0,0.0,0.0,0.0,0.0,0.0,0.0,0.0,0.008665511265164644,0.0,0.0,0.03466204506065858,0.0,0.0034662045060658577,0.09012131715771231,0.0,0.0,0.0,0.0,0.0,0.0,0.0,0.0,0.0,0.0,0.0,0.0,0.0,0.0,0.0,0.0,0.0,0.0,0.0,0.0,0.3339115351257589,0.0,0.0,0.0,0.0,0.0,0.0,0.0398959236773634,0.0,0.03816131830008673,0.0,0.0,0.03469210754553339,0.0,0.0,0.0,0.0,0.0,0.0,0.0,0.0,0.0,0.0,0.0,0.0,0.0,0.0,0.020815264527320035,0.023417172593235037,0.004336513443191674,0.0,0.0,0.0,0.0,0.0,0.0,0.0,0.0,0.0,0.0,0.0,0.004336513443191674,0.003469210754553339,0.0,0.0,0.0,0.0,0.0,0.0,0.0,0.0,0.0,0.0,0.0,0.0,0.0,0.0,0.0,0.0,0.0,0.0,0.0,0.0,0.0,0.0,0.0,0.0,0.0,0.0,0.0,0.0,0.0,0.0,0.0,0.0,0.003469210754553339,0.0,0.0,0.02515177797051171,0.0,0.0,0.0,0.0,0.011274934952298352,0.0008673026886383347,0.0,0.0,0.003469210754553339,0.0,0.0,0.0,0.03295750216825672,0.0,0.0,0.004336513443191674,0.0,0.013009540329575022,0.008673026886383347,0.0,0.0,0.0,0.0199479618386817,0.0,0.011274934952298352,0.005203816131830009,0.0,0.007805724197745013,0.0,0.0,0.0,0.0008673026886383347,0.006071118820468344,0.0026019080659150044,0.005203816131830009,0.0,0.0,0.0,0.0,0.0,0.03816131830008673,0.010407632263660017,0.0,0.0008673026886383347,0.0,0.0,0.0,0.0,0.0,0.0,0.0372940156114484,0.0017346053772766695,0.0,0.011274934952298352,0.0,0.0,0.0,0.0,0.0,0.006071118820468344,0.0,0.013009540329575022,0.0,0.0,0.0017346053772766695,0.0,0.0,0.0,0.0,0.0,0.0,0.0,0.21614583333333334,0.0,0.0234375,0.0,0.0,0.0,0.0,0.0,0.0,0.0,0.0,0.0,0.0,0.0,0.0,0.0,0.0,0.0,0.0,0.0,0.0,0.0,0.0,0.0,0.0,0.0,0.0,0.019965277777777776,0.0,0.0,0.0,0.0,0.0,0.0,0.0,0.0,0.0,0.03732638888888889,0.0234375,0.0008680555555555555,0.0,0.0026041666666666665,0.0,0.0,0.0,0.0,0.0,0.0,0.0,0.0,0.0,0.0,0.0,0.0,0.0,0.0,0.0,0.0,0.0,0.0,0.0,0.0,0.0,0.0,0.0,0.0,0.0,0.0,0.0,0.0,0.0,0.0,0.0,0.0,0.0,0.0,0.0,0.0,0.0,0.0,0.0,0.0,0.0,0.0,0.0,0.0,0.0,0.0,0.0,0.0,0.003472222222222222,0.0,0.0,0.0,0.0,0.0,0.0,0.0,0.0,0.0,0.0,1.0,0.0,0.0,0.0,0.0,0.0,0.0,0.0
1780373237883162922,3733,1,0.003750334851326011,0.3766407714974551,0.01017948031074203,0.028395392445754085,0.007500669702652022,0.14117331904634342,0.0010715242432360033,0.0,0.0,0.002678810608090008,0.00964371818912403,0.0996517546209483,0.0,0.00964371818912403,0.0,0.0021430484864720066,0.0,0.0021430484864720066,0.0018751674256630056,0.0,0.012322528797214037,0.0018751674256630056,0.0,0.0005357621216180017,0.0005357621216180017,0.006429145459416019,0.012858290918832038,0.01982319849986606,0.02625234395928208,0.0,0.0,0.0,0.0018751674256630056,0.0,0.0,0.004286096972944013,0.0,0.0,0.0,0.003750334851326011,0.006429145459416019,0.004286096972944013,0.004286096972944013,0.015001339405304044,0.0,0.007500669702652022,0.08625770158049825,0.0,0.0,0.0005357621216180017,0.0,0.004286096972944013,0.002678810608090008,0.0005357621216180017,0.0,0.0,0.0,0.0,0.005357621216180016,0.0,0.0,0.0,0.0021430484864720066,0.0,0.0,0.0,0.0,0.2754555198285102,0.0018756698821007502,0.0,0.0,0.0,0.0,0.004287245444801715,0.01929260450160772,0.0,0.018756698821007504,0.007234726688102894,0.0,0.02867095391211147,0.0018756698821007502,0.0008038585209003215,0.0,0.0,0.0,0.0,0.0,0.0,0.0,0.0,0.0,0.0,0.0,0.0,0.01339764201500536,0.013665594855305467,0.00482315112540193,0.0,0.0002679528403001072,0.0,0.008038585209003215,0.0,0.0,0.0,0.0,0.0,0.0,0.0005359056806002144,0.0053590568060021436,0.004555198285101822,0.0,0.0002679528403001072,0.0,0.0,0.0,0.0,0.0,0.0,0.0,0.0,0.0,0.0,0.0,0.0,0.0,0.0,0.0,0.0,0.0,0.0,0.0002679528403001072,0.0,0.0,0.0,0.0,0.0,0.0,0.0,0.0005359056806002144,0.0,0.0,0.0008038585209003215,0.005627009646302251,0.0002679528403001072,0.0,0.025991425509110398,0.0,0.0,0.0,0.0,0.00482315112540193,0.0002679528403001072,0.0018756698821007502,0.001607717041800643,0.002947481243301179,0.0008038585209003215,0.0013397642015005359,0.0018756698821007502,0.03697749196141479,0.0021436227224008574,0.0,0.002947481243301179,0.0,0.0040192926045016075,0.0026795284030010718,0.0,0.0,0.0,0.00857449088960343,0.0,0.00482315112540193,0.001607717041800643,0.0,0.015809217577706324,0.0005359056806002144,0.0,0.0,0.0005359056806002144,0.0008038585209003215,0.001607717041800643,0.0002679528403001072,0.0,0.0,0.0,0.0,0.0,0.04019292604501608,0.0010718113612004287,0.0008038585209003215,0.0002679528403001072,0.0,0.0005359056806002144,0.0005359056806002144,0.0,0.0,0.0,0.0409967845659164,0.0008038585209003215,0.0,0.009914255091103965,0.0002679528403001072,0.0002679528403001072,0.0002679528403001072,0.0,0.0,0.002947481243301179,0.0,0.005091103965702036,0.0002679528403001072,0.0,0.0026795284030010718,0.0,0.0,0.0,0.0005359056806002144,0.0010718113612004287,0.0,0.0,0.1766282497989815,0.0,0.01098901098901099,0.0,0.0,0.0,0.0,0.0,0.0,0.0,0.0,0.0,0.0,0.0,0.0,0.0,0.0,0.0,0.0,0.0,0.0,0.0,0.0,0.0016081479496113642,0.0,0.0,0.0,0.008844813722862504,0.004824443848834093,0.0,0.0,0.0,0.0,0.0,0.0,0.0,0.0,0.018225676762262128,0.012597158938622354,0.0002680246582685607,0.0,0.0016081479496113642,0.0,0.0,0.0008040739748056821,0.0,0.0,0.0,0.0,0.0,0.0,0.0,0.0,0.0,0.0,0.0,0.0,0.0,0.0,0.0,0.0002680246582685607,0.0,0.0,0.0,0.0,0.0,0.0,0.0,0.0,0.0,0.0,0.0,0.0,0.0,0.0,0.0,0.0,0.0,0.0,0.0,0.0,0.0,0.0,0.0,0.0,0.0,0.0,0.0,0.0,0.0,0.0050924685071026534,0.0,0.0,0.0,0.0,0.0,0.0,0.0,0.0,1.0,0.0,1.0,0.0,0.0,0.0,0.0,0.0,0.0,0.0
1780373241618815561,1532,1,0.0,0.3733681462140992,0.015665796344647518,0.05221932114882506,0.007832898172323759,0.09856396866840732,0.0026109660574412533,0.0,0.0,0.0026109660574412533,0.013054830287206266,0.12336814621409922,0.0,0.0,0.0,0.0,0.0,0.0039164490861618795,0.0039164490861618795,0.0,0.02741514360313316,0.0019582245430809398,0.0,0.0,0.0019582245430809398,0.0,0.013054830287206266,0.04699738903394256,0.03655352480417755,0.0,0.0,0.0,0.005221932114882507,0.0,0.0,0.0006527415143603133,0.0,0.0,0.0,0.0,0.006527415143603133,0.0013054830287206266,0.0013054830287206266,0.02741514360313316,0.0,0.005221932114882507,0.0731070496083551,0.0,0.0,0.0,0.0,0.0039164490861618795,0.0,0.0013054830287206266,0.0,0.0,0.0,0.0,0.0,0.0,0.0,0.0,0.0039164490861618795,0.0,0.0,0.0,0.0,0.2762900065316786,0.0,0.0,0.0,0.0,0.0,0.005878510777269758,0.03527106466361855,0.0,0.03527106466361855,0.009144350097975179,0.0,0.034617896799477466,0.001959503592423253,0.0,0.0,0.0,0.0,0.0,0.0,0.0,0.0,0.0,0.0,0.0,0.0,0.0,0.009144350097975179,0.024820378837361202,0.008491182233834096,0.0,0.0,0.0,0.0,0.0,0.0,0.0,0.0,0.0,0.0,0.001959503592423253,0.002612671456564337,0.001959503592423253,0.0,0.0006531678641410843,0.0,0.0,0.0,0.0,0.0,0.0,0.0006531678641410843,0.0,0.0,0.0,0.0,0.0,0.0,0.0,0.0,0.0,0.0,0.0,0.0006531678641410843,0.0,0.0,0.0,0.0,0.0,0.0,0.0,0.0006531678641410843,0.0,0.0,0.001959503592423253,0.0045721750489875895,0.0,0.0,0.02612671456564337,0.0,0.0,0.0,0.0006531678641410843,0.009144350097975179,0.0,0.0,0.0,0.0032658393207054214,0.0,0.0,0.0006531678641410843,0.038536903984323974,0.0,0.0,0.0032658393207054214,0.0,0.009144350097975179,0.006531678641410843,0.0,0.0,0.0,0.02155453951665578,0.0,0.011103853690398433,0.005225342913128674,0.0,0.005878510777269758,0.0,0.0,0.0,0.0006531678641410843,0.006531678641410843,0.005225342913128674,0.005878510777269758,0.0,0.0,0.0,0.0,0.0,0.02939255388634879,0.008491182233834096,0.0006531678641410843,0.0006531678641410843,0.0,0.0,0.0,0.0,0.0,0.0,0.03069888961463096,0.0,0.0,0.006531678641410843,0.0,0.0,0.0,0.0,0.0,0.005225342913128674,0.0,0.011757021554539516,0.0,0.0,0.0006531678641410843,0.0,0.0,0.0,0.0,0.0,0.0,0.0,0.1830065359477124,0.0,0.02091503267973856,0.0,0.0,0.0,0.0,0.0,0.0,0.0,0.0,0.0,0.0,0.0,0.0,0.0,0.0,0.0,0.0,0.0,0.0,0.0,0.0,0.00392156862745098,0.0,0.0,0.0,0.018300653594771243,0.00522875816993464,0.0,0.0,0.0,0.0,0.0,0.0,0.0,0.0,0.03529411764705882,0.023529411764705882,0.0,0.0,0.00065359477124183,0.0,0.0,0.00130718954248366,0.0,0.00065359477124183,0.0,0.0,0.0,0.0,0.0,0.0,0.0,0.0,0.0,0.0,0.0,0.0,0.0,0.00065359477124183,0.0,0.0,0.0,0.0,0.0,0.0,0.0,0.0,0.0,0.0,0.0,0.0,0.0,0.0,0.0,0.0,0.0,0.0,0.0,0.0,0.0,0.0,0.0,0.0,0.0,0.0,0.0,0.0,0.0,0.00261437908496732,0.0,0.0,0.0,0.0,0.0,0.0,0.0,0.0,1.0,0.0,1.0,0.0,0.0,0.0,0.0,0.0,0.0,0.0
1780373246618787425,1877,1,0.0,0.3649440596696857,0.022376132125732553,0.05966968566862014,0.010655301012253596,0.0713905167820991,0.004262120404901438,0.0,0.0,0.004262120404901438,0.019179541822056473,0.10229088971763452,0.0,0.0,0.0,0.0,0.0,0.005327650506126798,0.005327650506126798,0.0,0.03090037293553543,0.002663825253063399,0.0,0.0,0.002663825253063399,0.0,0.014917421417155035,0.0500799147575919,0.0500799147575919,0.0,0.0,0.0,0.006393180607352157,0.0,0.0,0.0005327650506126798,0.0,0.0,0.0,0.0,0.007458710708577517,0.002131060202450719,0.0015982951518380393,0.031965903036760786,0.0,0.0,0.05647309536494406,0.0,0.0,0.0,0.0,0.005327650506126798,0.0,0.002131060202450719,0.0,0.0,0.0,0.0,0.0,0.0,0.0,0.0,0.005327650506126798,0.0,0.0,0.0,0.0,0.27665245202558636,0.0,0.0,0.0,0.0,0.0,0.005863539445628998,0.03997867803837953,0.0,0.02931769722814499,0.013859275053304905,0.0,0.02398720682302772,0.0031982942430703624,0.0,0.0,0.0,0.0,0.0,0.0,0.0,0.0,0.0,0.0,0.0,0.0,0.0,0.006396588486140725,0.02025586353944563,0.011194029850746268,0.0,0.0,0.0,0.0,0.0,0.0,0.0,0.0,0.0,0.0,0.0021321961620469083,0.0015991471215351812,0.0015991471215351812,0.0,0.0010660980810234541,0.0,0.0,0.0,0.0,0.0,0.0,0.0010660980810234541,0.0,0.0,0.0,0.0,0.0,0.0,0.0,0.0,0.0,0.0,0.0,0.0005330490405117271,0.0,0.0,0.0,0.0,0.0,0.0,0.0,0.0021321961620469083,0.0,0.0,0.0021321961620469083,0.0031982942430703624,0.0,0.0,0.019722814498933903,0.0,0.0,0.0,0.0,0.010660980810234541,0.0,0.0,0.0,0.0037313432835820895,0.0,0.0,0.0010660980810234541,0.03091684434968017,0.0,0.0,0.0031982942430703624,0.0,0.012260127931769723,0.008528784648187633,0.0,0.0,0.0,0.02398720682302772,0.0,0.012260127931769723,0.006929637526652452,0.0,0.0,0.0,0.0,0.0,0.0015991471215351812,0.007995735607675906,0.004797441364605544,0.006929637526652452,0.0,0.0,0.0,0.0,0.0,0.023454157782515993,0.008528784648187633,0.0,0.0010660980810234541,0.0,0.0,0.0,0.0,0.0,0.0,0.021321961620469083,0.0,0.0,0.0015991471215351812,0.0,0.0,0.0005330490405117271,0.0,0.0,0.0042643923240938165,0.0,0.01279317697228145,0.0,0.0,0.0005330490405117271,0.0,0.0,0.0,0.0,0.0005330490405117271,0.0,0.0,0.19253333333333333,0.0,0.0224,0.0,0.0,0.0,0.0,0.0,0.0,0.0,0.0,0.0,0.0,0.0,0.0,0.0,0.0,0.0,0.0,0.0,0.0,0.0,0.0,0.0021333333333333334,0.0,0.0,0.0,0.015466666666666667,0.008533333333333334,0.0,0.0,0.0,0.0,0.0,0.0,0.0,0.0,0.029333333333333333,0.019733333333333332,0.0,0.0,0.0005333333333333334,0.0,0.0,0.0026666666666666666,0.0,0.0010666666666666667,0.0,0.0,0.0,0.0,0.0,0.0,0.0,0.0,0.0,0.0,0.0,0.0,0.0,0.0005333333333333334,0.0,0.0,0.0,0.0,0.0,0.0,0.0,0.0,0.0,0.0,0.0,0.0,0.0,0.0,0.0,0.0,0.0,0.0,0.0,0.0,0.0,0.0,0.0,0.0,0.0,0.0,0.0,0.0,0.0,0.0010666666666666667,0.0,0.0,0.0,0.0,0.0,0.0,0.0,0.0,1.0,0.0,1.0,0.0,0.0,0.0,0.0,0.0,0.0,0.0
1780373251618783742,2182,1,0.0,0.5265811182401466,0.00458295142071494,0.032080659945004586,0.0036663611365719525,0.11319890009165903,0.0,0.0,0.0,0.0,0.002749770852428964,0.08065994500458296,0.0,0.0,0.0,0.0,0.0,0.0018331805682859762,0.0018331805682859762,0.0,0.017415215398716773,0.0009165902841429881,0.0,0.0,0.0009165902841429881,0.0,0.00916590284142988,0.02933088909257562,0.016498625114573784,0.0,0.0,0.0,0.002749770852428964,0.0,0.0,0.00045829514207149406,0.0,0.0,0.0,0.0,0.00458295142071494,0.0,0.00045829514207149406,0.01833180568285976,0.0,0.0036663611365719525,0.10311640696608616,0.0,0.0,0.0,0.0,0.0018331805682859762,0.0,0.0,0.0,0.0,0.0,0.0,0.0,0.0,0.0,0.0,0.0018331805682859762,0.0,0.0,0.0,0.0,0.4218248509857863,0.0,0.0,0.0,0.0,0.0,0.002751031636863824,0.02200825309491059,0.0,0.024759284731774415,0.001375515818431912,0.0,0.020174232003668042,0.0,0.0,0.0,0.0,0.0,0.0,0.0,0.0,0.0,0.0,0.0,0.0,0.0,0.0,0.016047684548372305,0.016964695093993582,0.0018340210912425492,0.0,0.0,0.0,0.0,0.0,0.0,0.0,0.0,0.0,0.0,0.0009170105456212746,0.002751031636863824,0.002751031636863824,0.0,0.0,0.0,0.0,0.0,0.0,0.0,0.0,0.0,0.0,0.0,0.0,0.0,0.0,0.0,0.0,0.0,0.0,0.0,0.0,0.0009170105456212746,0.0,0.0,0.0,0.0,0.0,0.0,0.0,0.0,0.0,0.0,0.0009170105456212746,0.0022925263640531865,0.0,0.0,0.015130674002751032,0.0,0.0,0.0,0.0,0.005960568546538285,0.0004585052728106373,0.0,0.0,0.0018340210912425492,0.0,0.0,0.0,0.026593305823016965,0.0,0.0,0.0022925263640531865,0.0,0.0068775790921595595,0.0032095369096744614,0.0,0.0,0.0,0.013755158184319119,0.0,0.0068775790921595595,0.002751031636863824,0.0,0.015589179275561669,0.0004585052728106373,0.0,0.0,0.0004585052728106373,0.0032095369096744614,0.0022925263640531865,0.002751031636863824,0.0,0.0,0.0004585052728106373,0.0,0.0,0.04630903255387437,0.005502063273727648,0.0,0.0009170105456212746,0.0,0.0,0.0,0.0,0.0,0.0,0.04676753782668501,0.0004585052728106373,0.0,0.015130674002751032,0.0,0.0,0.0,0.0,0.0,0.0041265474552957355,0.0,0.007794589637780834,0.0,0.0,0.001375515818431912,0.0,0.0,0.0,0.0,0.0,0.0,0.0,0.32522935779816514,0.0,0.012844036697247707,0.0,0.0,0.0,0.0,0.0,0.0,0.0,0.0,0.0,0.0,0.0,0.0,0.0,0.0,0.0,0.0,0.0,0.0,0.0,0.0,0.001834862385321101,0.0,0.0,0.0,0.01055045871559633,0.0,0.0,0.0,0.0,0.0,0.0,0.0,0.0,0.0,0.022935779816513763,0.015137614678899083,0.00045871559633027525,0.00045871559633027525,0.0027522935779816515,0.0,0.0,0.0,0.0,0.0,0.0,0.0,0.0,0.0,0.0,0.0,0.0,0.0,0.0,0.0,0.0,0.0,0.0,0.0009174311926605505,0.0,0.0,0.0,0.0,0.0,0.0,0.0,0.0,0.0,0.0,0.0,0.0,0.0,0.0,0.0,0.0,0.0,0.0,0.0,0.0,0.0,0.0,0.0,0.0,0.0,0.0,0.0,0.0,0.0,0.0022935779816513763,0.0,0.0,0.0,0.0,0.0,0.0,0.0,0.0,1.0,0.0,1.0,0.0,0.0,0.0,0.0,0.0,0.0,0.0
1780373256618843177,1951,1,0.0,0.380317785750897,0.018452075858534086,0.04818042029728344,0.008200922603792926,0.10763710917478217,0.0020502306509482316,0.0,0.0,0.0020502306509482316,0.011276268580215274,0.0912352639671963,0.0,0.010251153254741158,0.0,0.0,0.0,0.004100461301896463,0.004100461301896463,0.0,0.02665299846232701,0.0020502306509482316,0.0,0.0,0.0020502306509482316,0.0,0.01230138390568939,0.043054843669912864,0.037929267042542285,0.0,0.0,0.0,0.005125576627370579,0.0,0.0,0.0005125576627370579,0.0,0.0,0.0,0.0,0.006150691952844695,0.0010251153254741158,0.0010251153254741158,0.025627883136852898,0.0,0.0010251153254741158,0.0912352639671963,0.0,0.0,0.0,0.0,0.004100461301896463,0.0,0.0010251153254741158,0.0,0.0,0.0,0.0,0.0,0.0,0.0,0.0,0.004100461301896463,0.0,0.0,0.0,0.0,0.2835897435897436,0.0,0.0,0.0,0.0,0.0,0.006153846153846154,0.03128205128205128,0.0,0.027692307692307693,0.007692307692307693,0.0,0.024102564102564103,0.0015384615384615385,0.0,0.0,0.0,0.0,0.0,0.0,0.0,0.0,0.0,0.0,0.0,0.0,0.0,0.012307692307692308,0.015384615384615385,0.009230769230769232,0.0,0.0,0.0,0.009230769230769232,0.0,0.0,0.0,0.0,0.0,0.0,0.0015384615384615385,0.0035897435897435897,0.002564102564102564,0.0,0.0005128205128205128,0.0,0.0,0.0,0.0,0.0,0.0,0.0005128205128205128,0.0,0.0,0.0,0.0,0.0,0.0,0.0,0.0,0.0,0.0,0.0,0.0005128205128205128,0.0,0.0,0.0,0.0,0.0,0.0,0.0,0.0015384615384615385,0.0,0.0,0.0015384615384615385,0.003076923076923077,0.0,0.0,0.017948717948717947,0.0,0.0,0.0,0.0005128205128205128,0.010769230769230769,0.0010256410256410256,0.0,0.0,0.0020512820512820513,0.0,0.0,0.0005128205128205128,0.02666666666666667,0.0,0.0,0.003076923076923077,0.0,0.009743589743589744,0.006666666666666667,0.0,0.0,0.0,0.020512820512820513,0.0,0.010256410256410256,0.0056410256410256415,0.0,0.013846153846153847,0.0005128205128205128,0.0005128205128205128,0.0005128205128205128,0.0005128205128205128,0.006666666666666667,0.0020512820512820513,0.006153846153846154,0.0,0.0,0.0,0.0,0.0,0.04153846153846154,0.0071794871794871795,0.0,0.0015384615384615385,0.0,0.0,0.0,0.0,0.0,0.0,0.03948717948717949,0.0005128205128205128,0.0,0.0035897435897435897,0.0,0.0,0.0,0.0,0.0,0.006666666666666667,0.0,0.010256410256410256,0.0,0.0,0.0015384615384615385,0.0,0.0005128205128205128,0.0,0.0,0.0,0.0,0.0,0.1893278604412519,0.0,0.017444843509492047,0.0,0.0,0.0,0.0,0.0,0.0,0.0,0.0,0.0,0.0,0.0,0.0,0.0,0.0,0.0,0.0,0.0,0.0,0.0,0.0,0.004104669061056952,0.0,0.0,0.0,0.013340174448435094,0.004104669061056952,0.0,0.0,0.0,0.0,0.0,0.0,0.0,0.0,0.02719343252950231,0.014366341713699333,0.002052334530528476,0.0,0.002565418163160595,0.0,0.0,0.002052334530528476,0.0,0.000513083632632119,0.0,0.0,0.0,0.0,0.0,0.0,0.0,0.0,0.0,0.0,0.0,0.0,0.0,0.000513083632632119,0.0,0.0,0.0,0.0,0.0,0.0,0.0,0.0,0.0,0.0,0.0,0.0,0.0,0.0,0.0,0.0,0.0,0.0,0.0,0.0,0.0,0.0,0.0,0.0,0.0,0.0,0.0,0.0,0.0,0.0035915854284248334,0.0,0.0,0.0,0.0,0.0,0.0,0.0,0.0,1.0,0.0,1.0,0.0,0.0,0.0,0.0,0.0,0.0,0.0
1780373261618805647,1551,1,0.0,0.3584784010315925,0.016763378465506126,0.061895551257253385,0.010315925209542231,0.07672469374597034,0.007736943907156673,0.0,0.0,0.0,0.0051579626047711154,0.11218568665377177,0.0,0.007736943907156673,0.0051579626047711154,0.0,0.0,0.0051579626047711154,0.0051579626047711154,0.0,0.032237266279819474,0.0025789813023855577,0.0,0.0,0.0025789813023855577,0.0,0.018052869116698903,0.05544809800128949,0.04642166344294004,0.0,0.0,0.0,0.006447453255963894,0.0,0.0,0.0,0.0,0.0,0.0,0.0,0.009026434558349452,0.0,0.0,0.036105738233397806,0.0,0.0012894906511927789,0.04642166344294004,0.0,0.0,0.0,0.0,0.0051579626047711154,0.0,0.0025789813023855577,0.0,0.0,0.0,0.0,0.0,0.0,0.0,0.0,0.0051579626047711154,0.0,0.0,0.0,0.0,0.27548387096774196,0.0,0.0,0.0,0.0,0.0,0.007741935483870968,0.041935483870967745,0.0,0.03225806451612903,0.0025806451612903226,0.003870967741935484,0.027096774193548386,0.0,0.0,0.0,0.0,0.0,0.0,0.0,0.0,0.0,0.0,0.0,0.0,0.0,0.0,0.004516129032258065,0.02258064516129032,0.008387096774193548,0.0,0.0,0.0,0.0070967741935483875,0.0,0.0,0.0,0.0,0.0,0.0,0.0025806451612903226,0.0012903225806451613,0.001935483870967742,0.0,0.0006451612903225806,0.0,0.0,0.0,0.0,0.0,0.0,0.0012903225806451613,0.0,0.0,0.0,0.0,0.0,0.0,0.0,0.0,0.0,0.0,0.0,0.0012903225806451613,0.0,0.0,0.0,0.0,0.0,0.0,0.0,0.0012903225806451613,0.0,0.0,0.0025806451612903226,0.001935483870967742,0.0,0.0,0.023870967741935485,0.0,0.0,0.0,0.0,0.012903225806451613,0.0,0.0,0.0,0.004516129032258065,0.0,0.0,0.0,0.036774193548387096,0.0,0.0,0.004516129032258065,0.0,0.013548387096774193,0.0070967741935483875,0.0,0.0,0.0,0.027096774193548386,0.0,0.014193548387096775,0.0064516129032258064,0.0,0.0012903225806451613,0.0,0.0,0.0,0.0006451612903225806,0.007741935483870968,0.005161290322580645,0.007741935483870968,0.0,0.0,0.0,0.0,0.0,0.02064516129032258,0.01032258064516129,0.0012903225806451613,0.0012903225806451613,0.0,0.0,0.0,0.0,0.0,0.0,0.02,0.0012903225806451613,0.0,0.0025806451612903226,0.0,0.0,0.0006451612903225806,0.0,0.0,0.0032258064516129032,0.0,0.014193548387096775,0.0,0.0,0.0006451612903225806,0.0,0.0,0.0,0.0,0.0,0.0,0.0,0.19302775984506132,0.0,0.02194964493221433,0.0,0.0,0.0,0.0,0.0,0.0,0.0,0.0,0.0,0.0,0.0025823111684958036,0.0,0.0,0.0,0.0,0.0,0.0,0.0,0.0,0.0,0.005164622336991607,0.0,0.0,0.0,0.016785022595222725,0.0,0.0,0.0,0.0,0.0,0.0,0.0,0.0,0.0,0.03227888960619755,0.02194964493221433,0.0,0.0,0.0006455777921239509,0.0,0.0,0.0,0.0,0.0012911555842479018,0.0,0.0,0.0,0.0,0.0,0.0,0.0,0.0,0.0,0.0,0.0,0.0,0.0,0.0012911555842479018,0.0,0.0,0.0,0.0,0.0,0.0,0.0,0.0,0.0,0.0,0.0,0.0,0.0,0.0,0.0,0.0,0.0,0.0,0.0,0.0,0.0,0.0,0.0,0.0,0.0,0.0,0.0,0.0,0.0,0.0012911555842479018,0.0,0.0,0.0,0.0,0.0,0.0,0.0,0.0,1.0,0.0,1.0,0.0,0.0,0.0,0.0,0.0,0.0,0.0
1780373266618816402,1725,0,0.0,0.4301449275362319,0.01391304347826087,0.05217391304347826,0.0,0.11304347826086956,0.0,0.0,0.0,0.0,0.0,0.11246376811594203,0.0,0.002318840579710145,0.0,0.0,0.0,0.0,0.0,0.0,0.025507246376811593,0.0011594202898550724,0.0,0.0,0.0011594202898550724,0.0,0.02782608695652174,0.049855072463768114,0.0,0.0,0.0,0.0,0.0005797101449275362,0.0,0.0,0.0,0.0,0.0,0.0,0.008115942028985508,0.01391304347826087,0.008115942028985508,0.008115942028985508,0.03130434782608696,0.0,0.0034782608695652175,0.08463768115942029,0.0,0.0,0.0,0.0,0.0,0.0,0.0,0.0,0.0,0.0,0.0,0.0,0.0,0.0,0.0,0.0,0.0,0.0,0.0,0.0,0.31554524361948955,0.0,0.0,0.0,0.0,0.0,0.0,0.033642691415313224,0.0,0.031902552204176336,0.0,0.0,0.03306264501160093,0.0,0.0,0.0,0.0,0.0,0.0,0.0,0.0,0.0,0.0,0.0,0.0,0.0,0.0,0.012761020881670533,0.021461716937354988,0.00580046403712297,0.0,0.0,0.0,0.000580046403712297,0.0,0.0,0.0,0.0,0.0,0.0,0.001160092807424594,0.004640371229698376,0.0034802784222737818,0.0,0.0,0.0,0.0,0.0,0.0,0.0,0.0,0.0,0.0,0.0,0.0,0.0,0.0,0.0,0.0,0.0,0.0,0.0,0.0,0.0,0.0,0.0,0.0,0.0,0.0,0.0,0.0,0.0,0.0,0.0,0.0,0.005220417633410673,0.000580046403712297,0.0,0.02262180974477958,0.0,0.0,0.0,0.0,0.009280742459396751,0.0,0.004640371229698376,0.002320185614849188,0.0063805104408352666,0.0017401392111368909,0.002900232018561485,0.0034802784222737818,0.034222737819025524,0.0034802784222737818,0.0,0.004640371229698376,0.0,0.010440835266821345,0.0075406032482598605,0.0,0.0,0.0,0.02262180974477958,0.0,0.012180974477958236,0.004640371229698376,0.0,0.014501160092807424,0.002320185614849188,0.0,0.0,0.002320185614849188,0.0069605568445475635,0.004640371229698376,0.004060324825986079,0.0,0.0,0.0,0.0,0.0,0.034222737819025524,0.00580046403712297,0.0,0.002900232018561485,0.0,0.001160092807424594,0.001160092807424594,0.0,0.0,0.0,0.03538283062645012,0.0017401392111368909,0.0,0.00580046403712297,0.000580046403712297,0.000580046403712297,0.0,0.0,0.0,0.004640371229698376,0.0,0.012180974477958236,0.001160092807424594,0.0,0.000580046403712297,0.000580046403712297,0.0,0.0,0.0,0.0,0.0,0.0,0.21242019733023795,0.0,0.019733023795705164,0.0,0.0,0.0,0.0,0.0,0.0,0.0,0.0,0.0,0.0,0.0,0.0,0.0,0.0,0.0,0.0,0.0,0.0,0.0,0.0,0.0,0.0,0.0,0.0,0.014509576320371444,0.0,0.0,0.0,0.0,0.0,0.0,0.0,0.0,0.0,0.030760301799187463,0.021474172954149738,0.0,0.0005803830528148578,0.002901915264074289,0.0,0.0,0.0005803830528148578,0.0,0.0,0.0,0.0,0.0,0.0,0.0,0.0,0.0,0.0,0.0,0.0,0.0,0.0,0.0,0.0,0.0,0.0,0.0,0.0,0.0,0.0,0.0,0.0,0.0,0.0,0.0,0.0,0.0,0.0,0.0,0.0,0.0,0.0,0.0,0.0,0.0,0.0,0.0,0.0,0.0,0.0,0.0,0.0,0.0,0.003482298316889147,0.0,0.0,0.0,0.0,0.0,0.0,0.0,0.0,1.0,0.0,1.0,0.0,0.0,0.0,0.0,0.0,0.0,0.0
1780373271618915374,1343,0,0.0,0.47356664184661207,0.007446016381236039,0.058078927773641105,0.0,0.10201042442293373,0.0,0.0,0.0,0.0,0.0,0.11392405063291139,0.0,0.0,0.0,0.0,0.0,0.0,0.0,0.0,0.029784065524944156,0.0,0.0,0.0,0.0,0.0,0.014892032762472078,0.04616530156366344,0.0,0.0,0.0,0.0,0.0,0.0,0.0,0.0,0.0,0.0,0.0,0.0,0.007446016381236039,0.0,0.0,0.029784065524944156,0.0,0.0,0.10201042442293373,0.0,0.0,0.0,0.0,0.0,0.0,0.0,0.0,0.0,0.0,0.0,0.0,0.0,0.0,0.0,0.0,0.0,0.0,0.0,0.0,0.349478390461997,0.0,0.0,0.0,0.0,0.0,0.0,0.03353204172876304,0.0,0.038748137108792845,0.0,0.0,0.03129657228017884,0.0,0.0,0.0,0.0,0.0,0.0,0.0,0.0,0.0,0.0,0.0,0.0,0.0,0.0,0.011922503725782414,0.028315946348733235,0.0029806259314456036,0.0,0.0,0.0,0.0,0.0,0.0,0.0,0.0,0.0,0.0,0.0,0.0022354694485842027,0.0022354694485842027,0.0,0.0,0.0,0.0,0.0,0.0,0.0,0.0,0.0,0.0,0.0,0.0,0.0,0.0,0.0,0.0,0.0,0.0,0.0,0.0,0.0,0.0,0.0,0.0,0.0,0.0,0.0,0.0,0.0,0.0,0.0,0.0,0.0007451564828614009,0.0,0.0,0.022354694485842028,0.0,0.0,0.0,0.0,0.010432190760059613,0.0,0.0,0.0,0.0022354694485842027,0.0,0.0,0.0,0.03204172876304024,0.0,0.0,0.0037257824143070045,0.0,0.012667660208643815,0.012667660208643815,0.0,0.0,0.0,0.021609538002980627,0.0,0.011922503725782414,0.007451564828614009,0.0,0.007451564828614009,0.0014903129657228018,0.0,0.0,0.0014903129657228018,0.00894187779433681,0.004470938897168405,0.005961251862891207,0.0,0.0,0.0,0.0,0.0,0.043219076005961254,0.00894187779433681,0.0,0.0014903129657228018,0.0,0.0,0.0,0.0,0.0,0.0,0.039493293591654245,0.0,0.0,0.004470938897168405,0.0,0.0,0.0,0.0,0.0,0.005961251862891207,0.0,0.012667660208643815,0.0,0.0,0.0014903129657228018,0.0,0.0,0.0,0.0,0.0,0.0,0.0,0.23117076808351977,0.0,0.019388516032811335,0.0,0.0,0.0,0.0,0.0,0.0,0.0,0.0,0.0,0.0,0.0,0.0,0.0,0.0,0.0,0.0,0.0,0.0,0.0,0.0,0.0,0.0,0.0,0.0,0.023117076808351976,0.0,0.0,0.0,0.0,0.0,0.0,0.0,0.0,0.0,0.03877703206562267,0.028337061894108874,0.0007457121551081282,0.0,0.0,0.0,0.0,0.0,0.0,0.0,0.0,0.0,0.0,0.0,0.0,0.0,0.0,0.0,0.0,0.0,0.0,0.0,0.0,0.0,0.0,0.0,0.0,0.0,0.0,0.0,0.0,0.0,0.0,0.0,0.0,0.0,0.0,0.0,0.0,0.0,0.0,0.0,0.0,0.0,0.0,0.0,0.0,0.0,0.0,0.0,0.0,0.0,0.0,0.0014914243102162564,0.0,0.0,0.0,0.0,0.0,0.0,0.0,0.0,0.0,0.0,1.0,0.0,0.0,0.0,0.0,0.0,0.0,0.0
1780373277438626911,1819,0,0.0,0.6047278724573941,0.005497526113249038,0.03958218801539307,0.0,0.06322155030236394,0.0,0.0,0.0,0.0,0.0,0.07531610775151182,0.0,0.0,0.0,0.0,0.0,0.0,0.0,0.0,0.020890599230346345,0.0,0.0,0.0,0.0,0.0,0.010995052226498075,0.03628367234744365,0.0,0.0,0.0,0.0,0.0,0.0,0.0,0.0,0.0,0.0,0.0,0.0,0.005497526113249038,0.0,0.0,0.02199010445299615,0.0,0.04068169323804288,0.06432105552501374,0.0,0.0,0.0,0.0,0.0,0.0,0.0,0.0,0.0,0.0,0.0,0.0,0.0,0.0,0.0,0.0,0.0,0.0,0.0,0.0,0.5088008800880088,0.0,0.0,0.0,0.0,0.0,0.0,0.025302530253025302,0.0,0.027502750275027504,0.0,0.0,0.0165016501650165,0.0,0.0,0.0,0.0,0.0,0.0,0.0,0.0,0.0,0.0,0.0,0.0,0.0,0.0,0.012651265126512651,0.018151815181518153,0.0027502750275027505,0.0,0.0,0.0,0.0,0.0,0.0,0.0,0.0,0.0,0.0,0.0,0.0022002200220022,0.0016501650165016502,0.0,0.0,0.0,0.0,0.0,0.0,0.0,0.0,0.0,0.0,0.0,0.0,0.0,0.0,0.0,0.0,0.0,0.0,0.0,0.0,0.0,0.0,0.0,0.0,0.0,0.0,0.0,0.0,0.0,0.0,0.0,0.0,0.0027502750275027505,0.0,0.0,0.010451045104510451,0.0,0.0,0.0,0.0,0.006600660066006601,0.0,0.0,0.0,0.0027502750275027505,0.0,0.0,0.0,0.020902090209020903,0.0,0.0,0.0022002200220022,0.0,0.00935093509350935,0.007150715071507151,0.0,0.0,0.0,0.01595159515951595,0.0,0.007700770077007701,0.005500550055005501,0.0,0.0027502750275027505,0.0,0.0,0.0,0.00055005500550055,0.0044004400440044,0.0038503850385038503,0.0027502750275027505,0.01485148514851485,0.0,0.01485148514851485,0.0,0.0,0.026402640264026403,0.005500550055005501,0.0,0.0016501650165016502,0.0,0.0,0.0,0.0,0.0,0.0,0.02145214521452145,0.00055005500550055,0.0,0.0044004400440044,0.0,0.00055005500550055,0.0,0.0,0.0,0.006600660066006601,0.0,0.011001100110011002,0.0,0.0,0.0,0.0,0.0,0.0,0.0,0.0,0.0,0.0,0.41827187671986793,0.0,0.015410016510731976,0.0,0.0,0.0,0.0,0.0,0.0,0.0,0.0,0.0,0.0,0.0,0.0,0.0,0.0,0.0,0.0,0.0,0.0,0.0,0.0,0.0,0.0,0.0,0.0,0.011557512383048982,0.0,0.0,0.0,0.0,0.0,0.0,0.0,0.0,0.0,0.026967528893780957,0.0170610897083104,0.0,0.0,0.00275178866263071,0.0,0.0,0.0,0.0,0.0,0.0,0.0,0.0,0.0,0.0,0.0,0.0,0.0,0.0,0.0,0.0,0.0,0.0,0.0,0.0,0.0,0.0,0.0,0.0,0.0,0.0,0.0,0.0,0.0,0.0,0.0,0.0,0.0,0.0,0.0,0.0,0.0,0.0,0.0,0.0,0.0,0.0,0.0,0.0,0.0,0.0,0.0,0.0,0.000550357732526142,0.0,0.0,0.0,0.0,0.0,0.0,0.0,0.0,0.0,0.0,1.0,0.0,0.0,0.0,0.0,0.0,0.0,0.0
1780373281618832759,488,0,0.0,0.45901639344262296,0.00819672131147541,0.08196721311475409,0.0,0.08401639344262295,0.0,0.0,0.0,0.0,0.0,0.13114754098360656,0.0,0.0,0.0,0.0,0.0,0.0,0.0,0.0,0.03278688524590164,0.0,0.0,0.0,0.0,0.0,0.01639344262295082,0.06557377049180328,0.0,0.0,0.0,0.0,0.0,0.0,0.0,0.0,0.0,0.0,0.0,0.0,0.00819672131147541,0.0,0.0,0.03278688524590164,0.0,0.0,0.06352459016393443,0.0,0.0,0.0,0.0,0.0,0.0,0.0,0.0,0.0,0.0,0.0,0.0,0.0,0.0,0.0,0.0,0.0,0.0,0.0,0.0,0.34496919917864477,0.0,0.0,0.0,0.0,0.0,0.0,0.055441478439425054,0.0,0.0513347022587269,0.0,0.0,0.03490759753593429,0.0,0.0,0.0,0.0,0.0,0.0,0.0,0.0,0.0,0.0,0.0,0.0,0.0,0.0,0.012320328542094456,0.026694045174537988,0.004106776180698152,0.0,0.0,0.0,0.0,0.0,0.0,0.0,0.0,0.0,0.0,0.0,0.0,0.004106776180698152,0.0,0.0,0.0,0.0,0.0,0.0,0.0,0.0,0.0,0.0,0.0,0.0,0.0,0.0,0.0,0.0,0.0,0.0,0.0,0.0,0.0,0.0,0.0,0.0,0.0,0.0,0.0,0.0,0.0,0.0,0.0,0.0,0.002053388090349076,0.0,0.0,0.022587268993839837,0.0,0.0,0.0,0.0,0.01026694045174538,0.0,0.0,0.0,0.004106776180698152,0.0,0.0,0.0,0.030800821355236138,0.0,0.0,0.004106776180698152,0.0,0.012320328542094456,0.012320328542094456,0.0,0.0,0.0,0.026694045174537988,0.0,0.018480492813141684,0.008213552361396304,0.0,0.002053388090349076,0.0,0.0,0.0,0.002053388090349076,0.014373716632443531,0.004106776180698152,0.008213552361396304,0.0,0.0,0.0,0.0,0.0,0.02053388090349076,0.01026694045174538,0.0,0.002053388090349076,0.0,0.0,0.0,0.0,0.0,0.0,0.02053388090349076,0.0,0.0,0.006160164271047228,0.0,0.0,0.0,0.0,0.0,0.01026694045174538,0.0,0.018480492813141684,0.0,0.0,0.0,0.0,0.0,0.0,0.0,0.0,0.0,0.0,0.2366255144032922,0.0,0.03292181069958848,0.0,0.0,0.0,0.0,0.0,0.0,0.0,0.0,0.0,0.0,0.0,0.0,0.0,0.0,0.0,0.0,0.0,0.0,0.0,0.0,0.0,0.0,0.0,0.0,0.026748971193415638,0.0,0.0,0.0,0.0,0.0,0.0,0.0,0.0,0.0,0.051440329218107,0.024691358024691357,0.0,0.0,0.00411522633744856,0.0,0.0,0.0,0.0,0.0,0.0,0.0,0.0,0.0,0.0,0.0,0.0,0.0,0.0,0.0,0.0,0.0,0.0,0.0,0.0,0.0,0.0,0.0,0.0,0.0,0.0,0.0,0.0,0.0,0.0,0.0,0.0,0.0,0.0,0.0,0.0,0.0,0.0,0.0,0.0,0.0,0.0,0.0,0.0,0.0,0.0,0.0,0.0,0.0,0.0,0.0,0.0,0.0,0.0,0.0,0.0,0.0,0.0,0.0,1.0,0.0,0.0,0.0,0.0,0.0,0.0,0.0
1780373286618793605,174,0,0.0,0.5172413793103449,0.0,0.04597701149425287,0.0,0.10919540229885058,0.0,0.0,0.0,0.0,0.0,0.22413793103448276,0.0,0.0,0.0,0.0,0.0,0.0,0.0,0.0,0.011494252873563218,0.0,0.0,0.0,0.0,0.0,0.0,0.022988505747126436,0.0,0.0,0.0,0.0,0.0,0.0,0.0,0.0,0.0,0.0,0.0,0.0,0.0,0.0,0.0,0.0,0.0,0.0,0.06896551724137931,0.0,0.0,0.0,0.0,0.0,0.0,0.0,0.0,0.0,0.0,0.0,0.0,0.0,0.0,0.0,0.0,0.0,0.0,0.0,0.0,0.35260115606936415,0.0,0.0,0.0,0.0,0.0,0.0,0.03468208092485549,0.0,0.10404624277456648,0.0,0.0,0.06358381502890173,0.0,0.0,0.0,0.0,0.0,0.0,0.0,0.0,0.0,0.0,0.0,0.0,0.0,0.0,0.005780346820809248,0.09248554913294797,0.0,0.0,0.0,0.0,0.0,0.0,0.0,0.0,0.0,0.0,0.0,0.0,0.0,0.0,0.0,0.0,0.0,0.0,0.0,0.0,0.0,0.0,0.0,0.0,0.0,0.0,0.0,0.0,0.0,0.0,0.0,0.0,0.0,0.0,0.0,0.0,0.0,0.0,0.0,0.0,0.0,0.0,0.0,0.0,0.0,0.0,0.0,0.0,0.0,0.05202312138728324,0.0,0.0,0.0,0.0,0.005780346820809248,0.0,0.0,0.0,0.0,0.0,0.0,0.0,0.057803468208092484,0.0,0.0,0.0,0.0,0.005780346820809248,0.005780346820809248,0.0,0.0,0.0,0.0,0.0,0.005780346820809248,0.005780346820809248,0.0,0.005780346820809248,0.0,0.0,0.0,0.0,0.005780346820809248,0.011560693641618497,0.005780346820809248,0.0,0.0,0.0,0.0,0.0,0.028901734104046242,0.005780346820809248,0.0,0.0,0.0,0.0,0.0,0.0,0.0,0.0,0.028901734104046242,0.0,0.0,0.005780346820809248,0.0,0.0,0.0,0.0,0.0,0.005780346820809248,0.0,0.011560693641618497,0.0,0.0,0.0,0.0,0.0,0.0,0.0,0.0,0.0,0.0,0.19767441860465115,0.0,0.023255813953488372,0.0,0.0,0.0,0.0,0.0,0.0,0.0,0.0,0.0,0.0,0.0,0.0,0.0,0.0,0.0,0.0,0.0,0.0,0.0,0.0,0.0,0.0,0.0,0.0,0.05813953488372093,0.0,0.0,0.0,0.0,0.0,0.0,0.0,0.0,0.0,0.09883720930232558,0.0872093023255814,0.005813953488372093,0.0,0.011627906976744186,0.0,0.0,0.0,0.0,0.0,0.0,0.0,0.0,0.0,0.0,0.0,0.0,0.0,0.0,0.0,0.0,0.0,0.0,0.0,0.0,0.0,0.0,0.0,0.0,0.0,0.0,0.0,0.0,0.0,0.0,0.0,0.0,0.0,0.0,0.0,0.0,0.0,0.0,0.0,0.0,0.0,0.0,0.0,0.0,0.0,0.0,0.0,0.0,0.0,0.0,0.0,0.0,0.0,0.0,0.0,0.0,0.0,0.0,0.0,1.0,0.0,0.0,0.0,0.0,0.0,0.0,0.0
1780373296618501454,25,0,0.0,0.56,0.0,0.0,0.0,0.12,0.0,0.0,0.0,0.0,0.0,0.24,0.0,0.0,0.0,0.0,0.0,0.0,0.0,0.0,0.0,0.0,0.0,0.0,0.0,0.0,0.0,0.0,0.0,0.0,0.0,0.0,0.0,0.0,0.0,0.0,0.0,0.0,0.0,0.0,0.0,0.0,0.0,0.0,0.0,0.0,0.08,0.0,0.0,0.0,0.0,0.0,0.0,0.0,0.0,0.0,0.0,0.0,0.0,0.0,0.0,0.0,0.0,0.0,0.0,0.0,0.0,0.4166666666666667,0.0,0.0,0.0,0.0,0.0,0.0,0.0,0.0,0.125,0.0,0.0,0.08333333333333333,0.0,0.0,0.0,0.0,0.0,0.0,0.0,0.0,0.0,0.0,0.0,0.0,0.0,0.0,0.0,0.125,0.0,0.0,0.0,0.0,0.0,0.0,0.0,0.0,0.0,0.0,0.0,0.0,0.0,0.0,0.0,0.0,0.0,0.0,0.0,0.0,0.0,0.0,0.0,0.0,0.0,0.0,0.0,0.0,0.0,0.0,0.0,0.0,0.0,0.0,0.0,0.0,0.0,0.0,0.0,0.0,0.0,0.0,0.0,0.0,0.0,0.0,0.0,0.0,0.0,0.041666666666666664,0.0,0.0,0.0,0.0,0.0,0.0,0.0,0.0,0.0,0.0,0.0,0.0,0.041666666666666664,0.0,0.0,0.0,0.0,0.0,0.0,0.0,0.0,0.0,0.0,0.0,0.0,0.0,0.0,0.0,0.0,0.0,0.0,0.0,0.0,0.0,0.0,0.0,0.0,0.0,0.0,0.0,0.041666666666666664,0.0,0.0,0.0,0.0,0.0,0.0,0.0,0.0,0.0,0.041666666666666664,0.0,0.0,0.0,0.0,0.0,0.0,0.0,0.0,0.0,0.0,0.0,0.0,0.0,0.0,0.0,0.0,0.0,0.0,0.0,0.0,0.0,0.2608695652173913,0.0,0.0,0.0,0.0,0.0,0.0,0.0,0.0,0.0,0.0,0.0,0.0,0.0,0.0,0.0,0.0,0.0,0.0,0.0,0.0,0.0,0.0,0.0,0.0,0.0,0.0,0.08695652173913043,0.0,0.0,0.0,0.0,0.0,0.0,0.0,0.0,0.0,0.13043478260869565,0.13043478260869565,0.0,0.0,0.0,0.0,0.0,0.0,0.0,0.0,0.0,0.0,0.0,0.0,0.0,0.0,0.0,0.0,0.0,0.0,0.0,0.0,0.0,0.0,0.0,0.0,0.0,0.0,0.0,0.0,0.0,0.0,0.0,0.0,0.0,0.0,0.0,0.0,0.0,0.0,0.0,0.0,0.0,0.0,0.0,0.0,0.0,0.0,0.0,0.0,0.0,0.0,0.0,0.0,0.0,0.0,0.0,0.0,0.0,0.0,0.0,0.0,0.0,0.0,1.0,0.0,0.0,0.0,0.0,0.0,0.0,0.0
1780373301618457759,25,0,0.0,0.56,0.0,0.0,0.0,0.12,0.0,0.0,0.0,0.0,0.0,0.24,0.0,0.0,0.0,0.0,0.0,0.0,0.0,0.0,0.0,0.0,0.0,0.0,0.0,0.0,0.0,0.0,0.0,0.0,0.0,0.0,0.0,0.0,0.0,0.0,0.0,0.0,0.0,0.0,0.0,0.0,0.0,0.0,0.0,0.0,0.08,0.0,0.0,0.0,0.0,0.0,0.0,0.0,0.0,0.0,0.0,0.0,0.0,0.0,0.0,0.0,0.0,0.0,0.0,0.0,0.0,0.4166666666666667,0.0,0.0,0.0,0.0,0.0,0.0,0.0,0.0,0.125,0.0,0.0,0.08333333333333333,0.0,0.0,0.0,0.0,0.0,0.0,0.0,0.0,0.0,0.0,0.0,0.0,0.0,0.0,0.0,0.125,0.0,0.0,0.0,0.0,0.0,0.0,0.0,0.0,0.0,0.0,0.0,0.0,0.0,0.0,0.0,0.0,0.0,0.0,0.0,0.0,0.0,0.0,0.0,0.0,0.0,0.0,0.0,0.0,0.0,0.0,0.0,0.0,0.0,0.0,0.0,0.0,0.0,0.0,0.0,0.0,0.0,0.0,0.0,0.0,0.0,0.0,0.0,0.0,0.0,0.041666666666666664,0.0,0.0,0.0,0.0,0.0,0.0,0.0,0.0,0.0,0.0,0.0,0.0,0.041666666666666664,0.0,0.0,0.0,0.0,0.0,0.0,0.0,0.0,0.0,0.0,0.0,0.0,0.0,0.0,0.0,0.0,0.0,0.0,0.0,0.0,0.0,0.0,0.0,0.0,0.0,0.0,0.0,0.041666666666666664,0.0,0.0,0.0,0.0,0.0,0.0,0.0,0.0,0.0,0.041666666666666664,0.0,0.0,0.0,0.0,0.0,0.0,0.0,0.0,0.0,0.0,0.0,0.0,0.0,0.0,0.0,0.0,0.0,0.0,0.0,0.0,0.0,0.2608695652173913,0.0,0.0,0.0,0.0,0.0,0.0,0.0,0.0,0.0,0.0,0.0,0.0,0.0,0.0,0.0,0.0,0.0,0.0,0.0,0.0,0.0,0.0,0.0,0.0,0.0,0.0,0.08695652173913043,0.0,0.0,0.0,0.0,0.0,0.0,0.0,0.0,0.0,0.13043478260869565,0.13043478260869565,0.0,0.0,0.0,0.0,0.0,0.0,0.0,0.0,0.0,0.0,0.0,0.0,0.0,0.0,0.0,0.0,0.0,0.0,0.0,0.0,0.0,0.0,0.0,0.0,0.0,0.0,0.0,0.0,0.0,0.0,0.0,0.0,0.0,0.0,0.0,0.0,0.0,0.0,0.0,0.0,0.0,0.0,0.0,0.0,0.0,0.0,0.0,0.0,0.0,0.0,0.0,0.0,0.0,0.0,0.0,0.0,0.0,0.0,0.0,0.0,0.0,0.0,1.0,0.0,0.0,0.0,0.0,0.0,0.0,0.0
1780373301736159358,557,0,0.0,0.44165170556552963,0.025134649910233394,0.04308797127468582,0.0,0.07719928186714542,0.0,0.0,0.0,0.0,0.0,0.1400359066427289,0.0,0.00718132854578097,0.0,0.0,0.0,0.0,0.0,0.0,0.01436265709156194,0.0,0.0,0.0,0.0,0.0,0.05026929982046679,0.03590664272890485,0.0,0.0,0.0,0.0,0.0,0.0,0.0,0.0,0.0,0.0,0.0,0.025134649910233394,0.025134649910233394,0.025134649910233394,0.025134649910233394,0.025134649910233394,0.0,0.0,0.03949730700179533,0.0,0.0,0.0,0.0,0.0,0.0,0.0,0.0,0.0,0.0,0.0,0.0,0.0,0.0,0.0,0.0,0.0,0.0,0.0,0.0,0.3327338129496403,0.0,0.0,0.0,0.0,0.0,0.0,0.02877697841726619,0.0,0.039568345323741004,0.0,0.0,0.03237410071942446,0.0,0.0,0.0,0.0,0.0,0.0,0.0,0.0,0.0,0.0,0.0,0.0,0.0,0.0,0.008992805755395683,0.04136690647482014,0.012589928057553957,0.0,0.0,0.0,0.0035971223021582736,0.0,0.0,0.0,0.0,0.0,0.0,0.0,0.0,0.0,0.0,0.0,0.0,0.0,0.0,0.0,0.0,0.0,0.0,0.0,0.0,0.0,0.0,0.0,0.0,0.0,0.0,0.0,0.0,0.0,0.0,0.0,0.0,0.0,0.0,0.0,0.0,0.0,0.0,0.0,0.0,0.0,0.0017985611510791368,0.0035971223021582736,0.0,0.0341726618705036,0.0,0.0,0.0,0.0,0.008992805755395683,0.0,0.012589928057553957,0.01079136690647482,0.012589928057553957,0.008992805755395683,0.01079136690647482,0.01079136690647482,0.048561151079136694,0.008992805755395683,0.0,0.012589928057553957,0.0,0.007194244604316547,0.00539568345323741,0.0,0.0,0.0,0.017985611510791366,0.0,0.008992805755395683,0.0035971223021582736,0.0,0.0017985611510791368,0.008992805755395683,0.0,0.0,0.00539568345323741,0.007194244604316547,0.00539568345323741,0.0035971223021582736,0.0,0.0,0.0,0.0,0.0,0.012589928057553957,0.00539568345323741,0.0,0.0035971223021582736,0.0,0.0035971223021582736,0.0035971223021582736,0.0,0.0,0.0,0.014388489208633094,0.0,0.0,0.008992805755395683,0.0035971223021582736,0.0,0.0,0.0,0.0,0.0017985611510791368,0.0,0.008992805755395683,0.0,0.0,0.0035971223021582736,0.0017985611510791368,0.0,0.0,0.0,0.0,0.0,0.0,0.22522522522522523,0.0,0.014414414414414415,0.0,0.0,0.0,0.0,0.0,0.0,0.0,0.0,0.0,0.0,0.0,0.0,0.0,0.0,0.0,0.0,0.0,0.0,0.0,0.0,0.0,0.0,0.0,0.0,0.01981981981981982,0.0,0.0,0.0,0.0,0.0,0.0,0.0,0.0,0.0,0.03963963963963964,0.04144144144144144,0.0018018018018018018,0.0,0.0018018018018018018,0.0,0.0,0.0,0.0,0.0,0.0,0.0,0.0,0.0,0.0,0.0,0.0,0.0,0.0,0.0,0.0,0.0,0.0,0.0,0.0,0.0,0.0,0.0,0.0,0.0,0.0,0.0,0.0,0.0,0.0,0.0,0.0,0.0,0.0,0.0,0.0,0.0,0.0,0.0,0.0,0.0,0.0,0.0,0.0,0.0,0.0,0.0,0.0,0.0,0.0,0.0,0.0,0.0,0.0,0.0,0.0,0.0,0.0,0.0,1.0,0.0,0.0,0.0,0.0,0.0,0.0,0.0
