sc_mmap,sc_clock_gettime,sc_close,sc_read,sc_mprotect,sc_switch,sc_open,sc_fstat,sc_access,sc_brk,sc_rt_sigaction,sc_futex,sc_times,sc_stat,sc_lstat,sc_munmap,sc_dup,sc_arch_prctl,sc_execve,sc_gettimeofday,sc_write,sc_procexit,sc_geteuid,sc_getppid,sc_exit_group,sc_getpid,sc_epoll_ctl,sc_epoll_wait,sc_rt_sigprocmask,sc_clone,sc_setsid,sc_ioctl,sc_wait4,sc_uname,sc_statfs,sc_signaldeliver,sc_chdir,sc_sigreturn,sc_recvfrom,sc_getpeername,sc_getsockname,sc_socket,sc_connect,sc_setsockopt,sc_sendto,sc_sched_yield,sc_select,sc_pread,sc_io_getevents,sc_getcwd,sc_lseek,sc_gettid,sc_set_robust_list,sc_fcntl,sc_pwrite,sc_getdents,sc_container,sc_openat,sc_sigaltstack,sc_getrlimit,sc_fsync,sc_unlink,sc_set_tid_address,sc_sched_getaffinity,sc_setrlimit,sc_madvise,sc_exit,bg_clock_gettime_clock_gettime,bg_mmap_mmap,bg_fstat_mmap,bg_times_times,bg_access_open,bg_mmap_close,bg_mprotect_mprotect,bg_read_read,bg_open_fstat,bg_clock_gettime_futex,bg_rt_sigaction_rt_sigaction,bg_lstat_lstat,bg_futex_switch,bg_brk_brk,bg_mmap_mprotect,bg_close_access,bg_mmap_arch_prctl,bg_mprotect_munmap,bg_mprotect_mmap,bg_read_fstat,bg_mmap_access,bg_open_read,bg_access_mmap,bg_close_mmap,bg_brk_access,bg_arch_prctl_mprotect,bg_execve_brk,bg_switch_clock_gettime,bg_futex_clock_gettime,bg_close_close,bg_rt_sigaction_geteuid,bg_getpid_rt_sigaction,bg_close_munmap,bg_stat_stat,bg_getppid_stat,bg_dup_dup,bg_brk_getppid,bg_geteuid_brk,bg_munmap_getpid,bg_gettimeofday_gettimeofday,bg_exit_group_procexit,bg_switch_read,bg_read_switch,bg_rt_sigaction_read,bg_close_open,bg_mmap_read,bg_read_close,bg_ioctl_rt_sigaction,bg_uname_statfs,bg_fstat_close,bg_close_exit_group,bg_close_rt_sigprocmask,bg_statfs_stat,bg_rt_sigprocmask_execve,bg_dup_setsid,bg_stat_uname,bg_read_clone,bg_signaldeliver_sigreturn,bg_lstat_stat,bg_munmap_close,bg_stat_ioctl,bg_stat_rt_sigaction,bg_dup_close,bg_rt_sigaction_execve,bg_mmap_write,bg_stat_fstat,bg_brk_open,bg_munmap_lstat,bg_sigreturn_write,bg_procexit_signaldeliver,bg_chdir_dup,bg_close_execve,bg_munmap_brk,bg_setsid_close,bg_wait4_switch,bg_write_switch,bg_write_read,bg_switch_open,bg_switch_futex,bg_open_dup,bg_clone_wait4,bg_read_chdir,bg_switch_exit_group,bg_epoll_wait_switch,bg_switch_close,bg_clock_gettime_socket,bg_getsockname_getpeername,bg_epoll_ctl_close,bg_setsockopt_connect,bg_connect_epoll_ctl,bg_socket_setsockopt,bg_futex_futex,bg_getpeername_clock_gettime,bg_procexit_clock_gettime,bg_epoll_ctl_getsockname,bg_recvfrom_switch,bg_clock_gettime_write,bg_read_futex,bg_gettimeofday_sendto,bg_gettimeofday_recvfrom,bg_clock_gettime_gettimeofday,bg_epoll_wait_epoll_wait,bg_switch_recvfrom,bg_switch_epoll_wait,bg_clock_gettime_read,bg_recvfrom_clock_gettime,bg_switch_switch,bg_clock_gettime_epoll_ctl,bg_switch_procexit,bg_exit_group_switch,bg_close_clock_gettime,bg_futex_read,bg_clock_gettime_epoll_wait,bg_read_clock_gettime,bg_clock_gettime_sched_yield,bg_switch_brk,bg_sched_yield_clock_gettime,bg_write_close,bg_sendto_gettimeofday,bg_select_switch,bg_write_clock_gettime,bg_execve_switch,bg_close_futex,bg_switch_gettimeofday,bg_clock_gettime_stat,bg_read_epoll_ctl,bg_sendto_switch,bg_read_exit_group,bg_procexit_read,bg_switch_select,bg_epoll_ctl_switch,bg_switch_chdir,bg_clock_gettime_switch,bg_stat_clock_gettime,bg_switch_getsockname,bg_switch_mprotect,bg_switch_dup,bg_procexit_select,bg_futex_epoll_wait,bg_procexit_futex,bg_epoll_wait_clock_gettime,bg_stat_futex,bg_munmap_switch,bg_close_switch,bg_getpeername_epoll_ctl,bg_open_switch,bg_arch_prctl_switch,bg_switch_mmap,bg_procexit_switch,bg_mmap_switch,tg_times_times_times,tg_clock_gettime_clock_gettime_clock_gettime,tg_open_fstat_mmap,tg_read_read_read,tg_close_access_open,tg_mmap_close_access,tg_fstat_mmap_close,tg_fstat_mmap_mprotect,tg_mmap_mprotect_mmap,tg_read_fstat_mmap,tg_mmap_mmap_arch_prctl,tg_access_open_read,tg_mprotect_mprotect_munmap,tg_mmap_mmap_mmap,tg_lstat_lstat_lstat,tg_open_read_fstat,tg_mmap_access_open,tg_access_open_fstat,tg_access_mmap_access,tg_mprotect_mmap_mmap,tg_mmap_mmap_close,tg_close_mmap_mmap,tg_mmap_close_mmap,tg_brk_access_mmap,tg_mprotect_mprotect_mprotect,tg_mmap_arch_prctl_mprotect,tg_arch_prctl_mprotect_mprotect,tg_execve_brk_access,tg_clock_gettime_futex_switch,tg_rt_sigaction_rt_sigaction_rt_sigaction,tg_getpid_rt_sigaction_geteuid,tg_brk_brk_getppid,tg_getppid_stat_stat,tg_brk_getppid_stat,tg_rt_sigaction_geteuid_brk,tg_geteuid_brk_brk,tg_munmap_getpid_rt_sigaction,tg_mprotect_munmap_getpid,tg_clock_gettime_clock_gettime_futex,tg_futex_clock_gettime_clock_gettime,tg_futex_switch_clock_gettime,tg_switch_clock_gettime_futex,tg_clock_gettime_futex_clock_gettime,tg_gettimeofday_gettimeofday_gettimeofday,tg_rt_sigaction_rt_sigaction_read,tg_close_close_close,tg_ioctl_rt_sigaction_rt_sigaction,tg_close_close_rt_sigprocmask,tg_uname_statfs_stat,tg_fstat_mmap_read,tg_read_close_munmap,tg_close_rt_sigprocmask_execve,tg_rt_sigaction_read_clone,tg_fstat_close_open,tg_stat_uname_statfs,tg_close_munmap_close,tg_dup_dup_setsid,tg_stat_ioctl_rt_sigaction,tg_munmap_close_exit_group,tg_stat_rt_sigaction_rt_sigaction,tg_lstat_lstat_stat,tg_rt_sigaction_rt_sigaction_execve,tg_stat_stat_ioctl,tg_lstat_stat_uname,tg_dup_dup_dup,tg_open_fstat_close,tg_stat_stat_rt_sigaction,tg_fstat_mmap_write,tg_stat_fstat_mmap,tg_statfs_stat_fstat,tg_brk_brk_open,tg_close_munmap_lstat,tg_munmap_lstat_lstat,tg_brk_open_fstat,tg_mmap_read_read,tg_signaldeliver_sigreturn_write,tg_read_read_close,tg_procexit_signaldeliver_sigreturn,tg_close_open_fstat,tg_chdir_dup_dup,tg_dup_close_execve,tg_close_exit_group_procexit,tg_munmap_brk_brk,tg_mprotect_munmap_brk,tg_setsid_close_close,tg_exit_group_procexit_signaldeliver,tg_dup_setsid_close,tg_rt_sigprocmask_execve_brk,tg_open_dup_close,tg_switch_open_dup,tg_close_execve_brk,tg_switch_read_read,tg_read_clone_wait4,tg_wait4_switch_open,tg_rt_sigaction_execve_brk,tg_clone_wait4_switch,tg_read_chdir_dup,tg_read_read_chdir,tg_write_read_switch,tg_read_switch_exit_group,proc_sh,proc_df,proc_user,proc_erl_child_setup,proc_mysqld,proc_mongod,proc_container:011fdbdbf777,proc_container:95cf5d7c594f,proc_container:f8cd5974589d,proc_container:7aeb4e77cfbf
0.037002261728048325,0.0009041905868798494,0.21874456107616425,0.017875151708722115,0.016831856220960617,0.00991132017225027,0.0,0.0,0.008485481142997742,0.011893583461642265,0.027195271104574203,0.0,0.0,0.0,0.0,0.005286036990582943,0.0,0.007372630760073662,0.00472961226478219,0.0003477655991446227,0.007789949420839548,0.0018431576900184155,0.00417318707332015,0.0,0.0018431576900184155,0.004034081008285284,0.0,0.0,0.025178229436278343,0.005529473070055246,0.0,0.00445139966905117,0.006329333875328302,0.0003477655991446227,0.0012519562151283026,0.0013215092476457357,0.0,0.0,0.0,0.0,0.0,0.0011128499172627926,0.0011128499172627926,0.0,0.0,0.0,0.0,0.014745261520147324,0.0,0.0,0.0017388280248269439,0.0,0.007372630760073662,0.20212137699127197,0.0,0.0,0.0,0.03491566702723503,0.0,0.0,0.0,0.0,0.003686315380036831,0.0,0.0,0.0,0.0,0.0004520952934399247,0.025838984176516533,0.0,0.0,0.0,0.004242740571498871,0.012589114718139172,0.008868022821843624,0.0,0.0,0.02173534967005253,0.0,0.0,0.007720396388322115,0.002156146802008152,0.00031298905378207564,0.0018083811737596989,0.0,0.002156146802008152,0.0,0.0018431576900184155,0.0,0.0,0.0018083811737596989,3.477655991446227e-05,0.0,0.0016344983596354723,0.0,0.0,0.1226569265127182,0.0,0.0,0.0,0.0,0.0,0.0,0.0,0.0,0.0,0.00017388279957231134,0.0017040515085682273,0.0005216483841650188,0.0006607546238228679,0.0,0.0,0.0007650843472220004,0.0015997218433767557,0.0,0.0,0.0,0.0017736045410856605,0.002156146802008152,0.0,0.0,0.0,0.0,0.0,0.0,0.0,0.0007650843472220004,0.0,0.0,0.0,0.00048687183880247176,0.0,0.0,0.0,0.0,0.0,0.0,0.0,0.0006259781075641513,0.0,0.0,0.0015997218433767557,0.00013910623965784907,0.002747348276898265,0.0,0.0,0.0,0.0,0.0,3.477655991446227e-05,0.0,0.0007650843472220004,0.0,0.0,0.0,0.0,0.0,0.0,0.0,0.0,0.0,0.0,0.0,0.00024343591940123588,0.0,0.0,0.0,0.0,0.0,0.0,0.0,0.00013910623965784907,0.0,0.00017388279957231134,0.0,0.0001043296797433868,6.955311982892454e-05,0.00027821247931569815,0.0,0.0,0.0,0.0,0.0002086593594867736,0.0,0.0006259781075641513,0.0,0.0,0.00013910623965784907,0.0008694140124134719,0.0,0.0,0.0,0.0,0.0,0.0,0.0002086593594867736,0.0,0.0,0.0,3.477655991446227e-05,0.0,0.0,0.0004173187189735472,0.0,0.0,0.0,0.0,0.0,0.0,0.0001043296797433868,0.0008346374379470944,0.0,0.0,0.00013910623965784907,0.00024343591940123588,0.0002086593594867736,0.00017388279957231134,0.0,0.0,0.0,0.001008520252071321,0.0,0.0,0.0,0.0,0.0,0.0,0.0018083811737596989,0.0,0.0,0.014745261520147324,0.0,0.0,0.0,0.0,0.0,0.002156146802008152,0.004242740571498871,0.0018083811737596989,0.0,0.0,0.008381150662899017,0.0,0.0,0.0,0.0,0.016275430098176003,0.0,0.0,0.0,0.0,0.0,0.0,0.0,0.0,0.0,0.0,0.0,0.0,0.0,0.0,0.0,0.026777951046824455,0.0,0.002156146802008152,0.0,0.0,0.0,0.0,0.0,0.0,0.0,0.0,0.0,0.0,0.0,0.0,0.0,0.00048687183880247176,0.0,0.0,0.0,0.0,0.0,0.0,0.0,0.0,0.0,0.0,0.0,0.0,0.0006607546238228679,0.0,0.0014258390292525291,0.0,0.0,0.0,0.0,0.0016692748758941889,0.0,0.0,0.0,0.0,0.0,0.0,0.0,0.0,0.0,6.955311982892454e-05,0.0,0.0,0.0,0.0,0.0,0.0,0.0,0.0,0.0,0.0,0.0,0.0,0.0,0.0,0.0,0.0,0.0,0.0
0.03968385234475136,0.0010582359973341227,0.21197791397571564,0.019180528819561005,0.017857734113931656,0.009755613282322884,0.0,0.0,0.00859816838055849,0.012566553428769112,0.029762888327240944,0.0,0.0,0.0,0.0,0.005621878895908594,0.0,0.007936770096421242,0.00496048154309392,0.00033069876371882856,0.00859816838055849,0.0019841925241053104,0.003968385048210621,0.0,0.0019841925241053104,0.004299084190279245,0.0,0.0,0.02777869626879692,0.005952577572315931,0.0,0.00496048154309392,0.00694467406719923,0.00033069876371882856,0.0013227950548753142,0.0014881443930789828,0.0,0.0,0.0,0.0,0.0,0.0013227950548753142,0.0013227950548753142,0.0,0.0,0.0,0.0,0.015873540192842484,0.0,0.0,0.0019841925241053104,0.0,0.007936770096421242,0.19246667623519897,0.0,0.0,0.0,0.03538476675748825,0.0,0.0,0.0,0.0,0.003968385048210621,0.0,0.0,0.0,0.0,0.0005291179986670613,0.027712557464838028,0.0,0.0,0.0,0.0046297828666865826,0.013360230252146721,0.009755613282322884,0.0,0.0,0.023876450955867767,0.0,0.0,0.008168259635567665,0.0023148914333432913,0.00033069876371882856,0.001918052788823843,0.0,0.0023148914333432913,0.0,0.0019841925241053104,0.0,0.0,0.001918052788823843,0.0,0.0,0.0017857733182609081,0.0,0.0,0.1188531368970871,0.0,6.613974983338267e-05,0.0,0.0,0.0,0.0,0.0,0.0,0.0,0.00016534938185941428,0.0017527034506201744,0.0003637686313595623,0.0005291179986670613,0.0,0.0,0.0008267469238489866,0.0016534938476979733,0.0,0.0,0.0,0.001918052788823843,0.00221568183042109,0.0,0.0,0.0,0.0,0.0,0.0,0.0,0.0007936770562082529,0.0,0.0,0.0,0.0004960481310263276,0.0,0.0,0.0,0.0,0.0,0.0,0.0,0.0006944673950783908,0.0,0.0,0.001686563715338707,0.00019841926405206323,0.0029762887861579657,0.0,0.0,0.0,0.0,0.0,3.306987491669133e-05,0.0,0.0008598167914897203,0.0,0.0,0.0,0.0,0.0,0.0,0.0,0.0,0.0,0.0,0.0,0.00033069876371882856,0.0,0.0,0.0,0.0,0.0,0.0,0.0,0.00016534938185941428,0.0,0.00013227949966676533,0.0,0.00016534938185941428,0.00016534938185941428,0.00033069876371882856,0.0,0.0,0.0,0.0,0.00026455899933353066,0.0,0.0006613975274376571,0.0,0.0,0.00016534938185941428,0.0005952577921561897,0.0,0.0,0.0,0.0,0.0,0.0,0.00013227949966676533,0.0,0.0,0.0,0.0,0.0,0.0,0.00039683852810412645,0.0,0.0,0.0,0.0,0.0,0.0,0.00019841926405206323,0.0007936770562082529,0.0,0.0,9.920963202603161e-05,0.00023148913169279695,0.00019841926405206323,0.00013227949966676533,0.0,0.0,0.0,0.0011574457166716456,0.0,0.0,0.0,0.0,0.0,0.0,0.001918052788823843,0.0,0.0,0.015774331986904144,0.0,0.0,0.0,0.0,0.0,0.0022818215657025576,0.0046297828666865826,0.001918052788823843,0.0,0.0,0.008961936458945274,0.0,0.0,0.0,0.0,0.018122293055057526,0.0,0.0,0.0,0.0,0.0,0.0,0.0,0.0,0.0,0.0,0.0,0.0,0.0,0.0,0.0,0.02586064301431179,0.0,0.0021826119627803564,0.0,0.0,0.0,0.0,0.0,0.0,0.0,0.0,0.0,0.0,0.0,0.0,0.0,0.0004960481310263276,0.0,0.0,0.0,0.0,0.0,0.0,0.0,0.0,0.0,0.0,0.0,0.0,0.0008267469238489866,0.0,0.0014881443930789828,0.0,0.0,0.0,0.0,0.0017196335829794407,0.0,0.0,0.0,0.0,0.0,0.0,0.0,0.0,0.0,3.306987491669133e-05,0.0,0.0,0.0,0.0,0.0,0.0,0.0,0.0,0.0,0.0,0.0,0.0,0.0,0.0,0.0,0.0,0.0,0.0
0.0395987331867218,0.001055966247804463,0.21152323484420776,0.01913938671350479,0.01781943067908287,0.011879620142281055,0.0,0.0,0.00857972539961338,0.01253959909081459,0.02969904989004135,0.0,0.0,0.0,0.0,0.00560982059687376,0.0,0.007919746451079845,0.004949841648340225,0.00032998944516293705,0.00857972539961338,0.0019799366127699614,0.003959873225539923,0.0,0.0019799366127699614,0.00428986269980669,0.0,0.0,0.02771911211311817,0.005939810071140528,0.0,0.004949841648340225,0.006929778028279543,0.00032998944516293705,0.0013199577806517482,0.001484952517785132,0.0,0.0,0.0,0.0,0.0,0.0013199577806517482,0.0013199577806517482,0.0,0.0,0.0,0.0,0.01583949290215969,0.0,0.0,0.0019799366127699614,0.0,0.007919746451079845,0.19205385446548462,0.0,0.0,0.0,0.035308871418237686,0.0,0.0,0.0,0.0,0.003959873225539923,0.0,0.0,0.0,0.0,0.0005279831239022315,0.027455121278762817,0.0,0.0,0.0,0.004520855378359556,0.013034583069384098,0.009701689705252647,0.0,0.0,0.023891234770417213,0.0,0.0,0.008183738216757774,0.002342924941331148,0.0003629883867688477,0.0020129356998950243,0.0,0.002375924028456211,0.0,0.0019469376420602202,0.0,6.599789048777893e-05,0.0018809398170560598,0.0,0.0,0.0016499472549185157,0.0,0.0,0.11886219680309296,0.0,3.2998945243889466e-05,0.0,0.0,0.0,0.0,0.0,0.0,0.0,0.00016499472258146852,0.0015839493134990335,0.0004949841531924903,0.0006599788903258741,0.0,0.0,0.0008249736274592578,0.0016499472549185157,0.0,0.0,0.0,0.0019799366127699614,0.0021779302041977644,0.0,0.0,0.0,0.0,0.0,0.0,0.0,0.0008249736274592578,0.0,0.0,0.0,0.0004949841531924903,0.0,0.0,0.0,0.0,0.0,0.0,0.0,0.0006599788903258741,0.0,0.0,0.001715945079922676,0.00019799366418737918,0.002969905035570264,0.0,0.0,0.0,0.0,0.0,0.0,0.0,0.0009569693938829005,0.0,0.0,0.0,0.0,0.0,0.0,0.0,0.0,0.0,0.0,0.0,0.00032998944516293705,0.0,0.0,0.0,0.0,0.0,0.0,0.0,0.00016499472258146852,0.0,3.2998945243889466e-05,0.0,0.00039598732837475836,0.00039598732837475836,0.00032998944516293705,0.0,0.0,0.0,0.0,0.0003629883867688477,0.0,0.0006599788903258741,0.0,0.0,0.00016499472258146852,0.001253959839232266,0.0,0.0,0.0,0.0,0.0,0.0,6.599789048777893e-05,0.0,0.0,0.0,0.0,0.0,0.0,0.0005939810071140528,0.0,0.0,0.0,0.0,0.0,0.0,0.00019799366418737918,0.0006599788903258741,0.0,0.0,3.2998945243889466e-05,0.00023099260579328984,0.00026399156195111573,0.00032998944516293705,0.0,0.0,0.0,0.0010889651020988822,0.0,0.0,0.0,0.0,6.599789048777893e-05,0.0,0.001913938787765801,0.0,0.0,0.01550950389355421,0.0,0.0,0.0,0.0,3.2998945243889466e-05,0.0022439281456172466,0.004520855378359556,0.0018809398170560598,0.0,0.0,0.008546726778149605,0.0,0.0,0.0,0.0,0.018116420134902,0.0,0.0,0.0,0.0,0.0,0.0,0.0,0.0,0.0,0.0,0.0,0.0,0.0,0.0,0.0,0.02633315697312355,0.0,0.002144931349903345,0.0,0.0,0.0,0.0,0.0,0.0,0.0,0.0,0.0,0.0,0.0,0.0,0.0,0.0004949841531924903,0.0,0.0,0.0,0.0,0.0,0.0,0.0,0.0,0.0,0.0,0.0,0.0,0.0008249736274592578,0.0,0.001484952517785132,0.0,0.0,0.0,0.0,0.0015839493134990335,0.0,0.0,0.0,0.0,0.0,0.0,0.0,0.0,0.0,0.00019799366418737918,0.0,0.0,0.0,0.0,0.0,0.0,0.0,0.0,0.0,0.0,0.0,0.0,0.0,0.0,0.0,0.0,0.0,0.0
0.039666797965765,0.0010577812790870667,0.21188682317733765,0.019172286614775658,0.017850060015916824,0.010181144811213017,0.0,0.0,0.008594472892582417,0.012561152689158916,0.029750099405646324,0.0,0.0,0.0,0.0,0.005619463045150042,0.0,0.007933359593153,0.004958349745720625,0.00033055664971470833,0.008594472892582417,0.00198333989828825,0.0039666797965765,0.0,0.00198333989828825,0.004297236446291208,0.0,0.0,0.0277667585760355,0.00595001969486475,0.0,0.004958349745720625,0.006941689644008875,0.00033055664971470833,0.0013222265988588333,0.0014875049237161875,0.0,0.0,0.0,0.0,0.0,0.0013222265988588333,0.0013222265988588333,0.0,0.0,0.0,0.0,0.015866719186306,0.0,0.0,0.00198333989828825,0.0,0.007933359593153,0.19238397479057312,0.0,0.0,0.0,0.03536956384778023,0.0,0.0,0.0,0.0,0.0039666797965765,0.0,0.0,0.0,0.0,0.0005288906395435333,0.0262131430208683,0.0,0.0,0.0,0.004793071653693914,0.012428930029273033,0.009486976079642773,0.0,0.0,0.023535633459687233,0.0,0.0,0.007867248728871346,0.0022477852180600166,0.00039666797965765,0.0018180615734308958,0.0,0.0022477852180600166,0.0,0.0019172285683453083,0.0,0.00013222265988588333,0.002346952212974429,0.0,0.0,0.0015866719186306,0.0,0.0,0.11724844574928284,0.0,0.0,3.305566497147083e-05,0.0,0.0,0.0,0.0,0.0,0.0,0.00016527832485735416,0.0017519502434879541,0.0004958349745720625,0.0005288906395435333,0.0,0.0,0.0008263916242867708,0.0017188945785164833,0.0,0.0,0.0,0.0019172285683453083,0.0021155625581741333,0.0,0.0,0.0,0.0,0.0,0.0,0.0,0.0008263916242867708,0.0,0.0,0.0,0.0004297236446291208,0.0,0.0,0.0,0.0,0.0,0.0,0.0,0.0006611132994294167,0.0,0.0,0.0018180615734308958,9.91669949144125e-05,0.002975009847432375,0.0,0.0,0.0,0.0,0.0,6.611132994294167e-05,0.0,0.0006611132994294167,0.0,0.0,0.0,0.0,0.0,0.0,0.0,0.0,0.0,0.0,0.0,0.00033055664971470833,0.0,0.0,0.0,0.0,0.0,0.0,0.0,0.00016527832485735416,0.0,0.00013222265988588333,0.0,0.000198333989828825,0.000198333989828825,0.00033055664971470833,0.0,0.0,0.0,0.0,0.00023138965480029583,0.0,0.0007272246293723583,0.0,0.0,0.00016527832485735416,0.0007602802943438292,0.0,0.0,0.0,0.0,0.0,0.0,0.00013222265988588333,0.0,0.0,0.0,0.0,0.0,0.0,0.00039666797965765,0.0,0.0,0.0,0.0,0.0,0.0,0.00023138965480029583,0.0005619463045150042,0.0,0.0,0.00013222265988588333,0.00016527832485735416,0.0002975009847432375,0.000198333989828825,0.0,0.0,0.0,0.0011238926090300083,0.0,0.0,0.0,0.0,0.0,0.0,0.001785005908459425,0.0,0.0,0.014742827042937279,0.0,0.0,0.0,0.0,6.611132994294167e-05,0.002181673888117075,0.004165013786405325,0.001785005908459425,3.305566497147083e-05,0.0,0.00816474948078394,0.0,0.0,0.0,0.0,0.017684781923890114,0.0,0.0,0.0,0.0,0.0,0.0,0.0,0.0,0.0,0.0,0.0,0.0,0.0,0.0,0.0,0.025485917925834656,0.0,0.0020825068932026625,0.0,0.0,0.0,0.0,0.0,0.0,0.0,0.0,0.0,0.0,0.0,0.0,0.0,0.0004297236446291208,0.0,0.0,0.0,0.0,0.0,0.0,0.0,0.0,0.0,0.0,0.0,0.0,0.0007272246293723583,0.0,0.0014875049237161875,0.0,0.0,0.0,0.0,0.0016858389135450125,0.0,0.0,0.0,0.0,0.0,0.0,0.0,0.0,0.0,6.611132994294167e-05,0.0,0.0,0.0,0.0,0.0,0.0,0.0,0.0,0.0,0.0,0.0,0.0,0.0,0.0,0.0,0.0,0.0,0.0
0.039617035537958145,0.0010729613713920116,0.2116210013628006,0.01914823427796364,0.01782766543328762,0.01138989720493555,0.0,0.0,0.008583690971136093,0.012545394711196423,0.029712775722146034,0.0,0.0,0.0,0.0,0.00561241339892149,0.0,0.007923407480120659,0.004952129442244768,0.00033014194923453033,0.008583690971136093,0.0019808518700301647,0.0039617037400603294,0.0,0.0019808518700301647,0.004291845485568047,0.0,0.0,0.02773192524909973,0.005942555144429207,0.0,0.004952129442244768,0.006932981312274933,0.00033014194923453033,0.0013205677969381213,0.0014856387861073017,0.0,0.0,0.0,0.0,0.0,0.0013205677969381213,0.0013205677969381213,0.0,0.0,0.0,0.0,0.015846814960241318,0.0,0.0,0.0019808518700301647,0.0,0.007923407480120659,0.19214262068271637,0.0,0.0,0.0,0.03532518818974495,0.0,0.0,0.0,0.0,0.0039617037400603294,0.0,0.0,0.0,0.0,0.0005364806856960058,0.02769065648317337,0.0,0.0,0.0,0.0045807198621332645,0.01316441036760807,0.00957411713898182,0.0,0.0,0.0238527562469244,0.0,0.0,0.008253549225628376,0.002310993615537882,0.00028887420194223523,0.0018983163172379136,0.0,0.002310993615537882,0.0,0.0019808518700301647,0.0,0.0,0.0018983163172379136,0.0,0.0,0.0016094420570880175,0.0,0.0,0.11885110288858414,0.0,0.0,0.0,0.0,0.0,0.0,0.0,0.0,0.0,0.00016507097461726516,0.0017745130462571979,0.000619016180280596,0.0006602838984690607,0.0,0.0,0.000825354887638241,0.001650709775276482,0.0,0.0,0.0,0.0019808518700301647,0.002269726013764739,0.0,0.0,0.0,0.0,0.0,0.0,0.0,0.000825354887638241,0.0,0.0,0.0,0.0004952129675075412,0.0,0.0,0.0,0.0,0.0,0.0,0.0,0.0006602838984690607,0.0,0.0,0.0017332453280687332,0.00016507097461726516,0.0029712775722146034,0.0,0.0,0.0,4.126774365431629e-05,0.0,0.0,0.0,0.0008666226640343666,0.0,0.0,0.0,0.0,0.0,0.0,0.0,0.0,0.0,0.0,0.0,0.00033014194923453033,0.0,0.0,0.0,0.0,0.0,0.0,0.0,0.00016507097461726516,0.0,0.00033014194923453033,0.0,0.00020633872190956026,0.00020633872190956026,0.00033014194923453033,0.0,0.0,0.0,0.0,0.00037140969652682543,0.0,0.0006602838984690607,0.0,0.0,0.00016507097461726516,0.001155496807768941,0.0,0.0,0.0,0.0,0.0,0.0,0.0001238032418768853,0.0,0.0,0.0,0.0,0.0,0.0,0.0005777484038844705,0.0,0.0,0.0,0.0,0.0,0.0,8.253548730863258e-05,0.0007015516748651862,0.0,0.0,4.126774365431629e-05,0.00020633872190956026,0.00020633872190956026,0.00016507097461726516,0.0,0.0,0.0,0.001031693653203547,0.0,0.0,0.0,0.0,0.0,0.0,0.0018983163172379136,0.0,0.0,0.015846814960241318,0.0,0.0,0.0,0.0,0.0,0.002310993615537882,0.0045807198621332645,0.0018983163172379136,0.0,0.0,0.00862495880573988,0.0,0.0,0.0,0.0,0.01807527244091034,0.0,0.0,0.0,0.0,0.0,0.0,0.0,0.0,0.0,0.0,0.0,0.0,0.0,0.0,0.0,0.026163751259446144,0.0,0.0021871905773878098,0.0,0.0,0.0,0.0,0.0,0.0,0.0,0.0,0.0,0.0,0.0,0.0,0.0,0.0004952129675075412,0.0,0.0,0.0,0.0,0.0,0.0,0.0,0.0,0.0,0.0,0.0,0.0,0.0007840871694497764,0.0,0.0014856387861073017,0.0,0.0,0.0,0.0,0.0017745130462571979,0.0,0.0,0.0,0.0,0.0,0.0,0.0,0.0,0.0,0.00016507097461726516,0.0,0.0,0.0,4.126774365431629e-05,0.0,0.0,0.0,0.0,0.0,0.0,0.0,0.0,0.0,0.0,0.0,0.0,0.0,0.0
0.03974299505352974,0.001059813192114234,0.2122938334941864,0.019209114834666252,0.017884347587823868,0.008279791101813316,0.0,0.0,0.008610982447862625,0.012585281394422054,0.02980724722146988,0.0,0.0,0.0,0.0,0.005630257539451122,0.0,0.007948598824441433,0.004967874381691217,0.00033119163708761334,0.008610982447862625,0.0019871497061103582,0.0039742994122207165,0.0,0.0019871497061103582,0.0043054912239313126,0.0,0.0,0.027820097282528877,0.005961449351161718,0.0,0.004967874381691217,0.006955024320632219,0.00033119163708761334,0.0013247665483504534,0.0014903623377904296,0.0,0.0,0.0,0.0,0.0,0.0013247665483504534,0.0013247665483504534,0.0,0.0,0.0,0.0,0.015897197648882866,0.0,0.0,0.0019871497061103582,0.0,0.007948598824441433,0.19275352358818054,0.0,0.0,0.0,0.035437505692243576,0.0,0.0,0.0,0.0,0.0039742994122207165,0.0,0.0,0.0,0.0,0.000529906596057117,0.025336159393191338,0.0,0.0,0.0,0.004802278708666563,0.011724183335900307,0.009438961744308472,0.0,0.0,0.02315029501914978,0.0,0.0,0.007716764695942402,0.0022189838346093893,0.0004967874265275896,0.0017553155776113272,0.0,0.0023183412849903107,0.0,0.001821553916670382,0.0,3.311916225356981e-05,0.0022521030623465776,0.0,0.0,0.0014572431100532413,0.0,0.0,0.11631450057029724,0.0,0.0,9.935748676070943e-05,0.0,0.0,0.0,0.0,0.0,0.0,0.00016559581854380667,0.0016890773549675941,0.00043054911657236516,0.0002649532980285585,0.0,0.0,0.0008279790636152029,0.0017884348053485155,0.0,0.0,0.0,0.0019209114834666252,0.002053388161584735,0.0,3.311916225356981e-05,0.0,0.0,3.311916225356981e-05,0.0,0.0,0.0009273365722037852,0.0,0.0,0.0,0.00043054911657236516,0.0,0.0,0.0,0.0,0.0,0.0,0.0,0.0006955024437047541,0.0,0.0,0.0015566006768494844,0.00013247664901427925,0.002980724675580859,0.0,0.0,0.0,3.311916225356981e-05,0.0,0.0,0.0,0.0006292641046456993,0.0,0.0,0.0,0.0,0.0,0.0,0.0,0.0,0.0,0.0,0.0,0.00033119163708761334,0.0,0.0,0.0,0.0,0.0,0.0,0.0,0.00016559581854380667,0.0,0.0002649532980285585,0.0,0.00019871497352141887,0.00019871497352141887,0.00033119163708761334,0.0,0.0,0.0,0.0,0.00033119163708761334,0.0,0.0007286215550266206,0.0,0.0,0.00016559581854380667,0.000529906596057117,0.0,3.311916225356981e-05,0.0,0.0,0.0,0.0,6.623832450713962e-05,0.0,0.0,0.0,0.0,0.0,0.0,0.00013247664901427925,0.0,0.0,0.0,0.0,0.0,0.0,3.311916225356981e-05,0.00043054911657236516,0.0,0.0,6.623832450713962e-05,0.0002980724675580859,0.00019871497352141887,0.00013247664901427925,0.0,0.0,0.0,0.001059813192114234,0.0,0.0,0.0,0.0,0.0,0.0,0.0017553155776113272,0.0,0.0,0.01417500153183937,0.0,0.0,0.0,0.0,0.0,0.002053388161584735,0.004173014312982559,0.0017553155776113272,0.00013247664901427925,0.0,0.007617407478392124,0.0,0.0,0.0,0.0,0.017288202419877052,0.0,0.0,0.0,0.0,0.0,0.0,0.0,0.0,0.0,0.0,0.0,0.0,0.0,0.0,0.0,0.025336159393191338,0.0,0.0019209114834666252,0.0,0.0,0.0,0.0,0.0,0.0,0.0,3.311916225356981e-05,0.0,0.0,0.0,0.0,0.0,0.00039742994704283774,0.0,0.0,0.0,0.0,0.0,0.0,0.0,0.0,0.0,0.0,0.0,0.0,0.0007948598940856755,0.0,0.0014903623377904296,0.0,0.0,0.0,0.0,0.0016890773549675941,0.0,0.0,0.0,0.0,0.0,0.0,0.0,0.0,0.0,0.00013247664901427925,0.0,0.0,0.0,0.0,0.0,0.0,0.0,0.0,0.0,0.0,0.0,0.0,0.0,0.0,0.0,0.0,0.0,0.0
0.03963011875748634,0.0010568031575530767,0.21169088780879974,0.019154557958245277,0.01783355325460434,0.011096433736383915,0.0,0.0,0.008586525917053223,0.012549537234008312,0.029722589999437332,0.0,0.0,0.0,0.0,0.0056142667308449745,0.0,0.007926023565232754,0.004953764844685793,0.0003302510012872517,0.008586525917053223,0.0019815058913081884,0.003963011782616377,0.0,0.0019815058913081884,0.004293262958526611,0.0,0.0,0.0277410838752985,0.005944517906755209,0.0,0.004953764844685793,0.006935270968824625,0.0003302510012872517,0.0013210040051490068,0.0014861294766888022,0.0,0.0,0.0,0.0,0.0,0.0013210040051490068,0.0013210040051490068,0.0,0.0,0.0,0.0,0.015852047130465508,0.0,0.0,0.0019815058913081884,0.0,0.007926023565232754,0.19220606982707977,0.0,0.0,0.0,0.03533685579895973,0.0,0.0,0.0,0.0,0.003963011782616377,0.0,0.0,0.0,0.0,0.0005284015787765384,0.026717305183410645,0.0,0.0,0.0,0.004689563997089863,0.012879788875579834,0.0095442533493042,0.0,0.0,0.023414794355630875,0.0,0.0,0.008025099523365498,0.0023778071627020836,0.0005614266847260296,0.0019154557958245277,0.0,0.0023778071627020836,0.0,0.0019154557958245277,0.0,0.0,0.0020145310554653406,0.0,0.0,0.0015852047363296151,0.0,0.0,0.117701455950737,0.0,0.0,6.60501973470673e-05,0.0,0.0,0.0,0.0,0.0,0.0,0.00016512550064362586,0.0017833553720265627,0.0005614266847260296,0.0006935271085239947,0.0,0.0,0.0008256274741142988,0.0016182299004867673,0.0,0.0,0.0,0.001948480843566358,0.002179656643420458,0.0,0.0,0.0,0.0,0.0,0.0,0.0,0.0008916776860132813,0.0,0.0,0.0,0.0004953764728270471,0.0,0.0,0.0,0.0,0.0,0.0,0.0,0.0006605020025745034,0.0,0.0,0.0015852047363296151,0.0001981505920412019,0.0029722589533776045,0.0,0.0,0.0,3.302509867353365e-05,0.0,0.0,0.0,0.0011889035813510418,0.0,0.0,0.0,0.0,0.0,0.0,0.0,0.0,0.0,0.0,0.0,0.0003302510012872517,0.0,0.0,0.0,0.0,0.0,0.0,0.0,0.00016512550064362586,0.0,0.00023117569799069315,0.0,0.00016512550064362586,0.0001981505920412019,0.0003302510012872517,0.0,0.0,0.0,0.0,0.00029722589533776045,0.0,0.0006935271085239947,0.0,0.0,0.00016512550064362586,0.0010237781098112464,0.0,0.0,0.0,0.0,0.0,0.0,9.907529602060094e-05,0.0,0.0,0.0,0.0,0.0,0.0,0.0003963011840824038,0.0,0.0,0.0,0.0,0.0,0.0,0.00016512550064362586,0.0006935271085239947,0.0,0.0,9.907529602060094e-05,0.0004623513959813863,0.00016512550064362586,0.0003632760781329125,0.0,0.0,0.0,0.0010237781098112464,0.0,0.0,0.0,0.0,6.60501973470673e-05,0.0,0.0018824306316673756,0.0,0.0,0.01502642035484314,0.0,0.0,0.0,0.0,0.0,0.002179656643420458,0.004425363149493933,0.001816380419768393,6.60501973470673e-05,0.0,0.008553500287234783,0.0,0.0,0.0,0.0,0.017536327242851257,0.0,0.0,0.0,0.0,0.0,0.0,0.0,0.0,0.0,0.0,0.0,0.0,0.0,0.0,0.0,0.025660501793026924,0.0,0.0021466314792633057,0.0,0.0,0.0,0.0,0.0,0.0,0.0,3.302509867353365e-05,0.0,0.0,0.0,0.0,0.0,0.0004623513959813863,0.0,0.0,0.0,0.0,0.0,0.0,0.0,0.0,0.0,0.0,0.0,0.0,0.0007926023681648076,0.0,0.0014861294766888022,0.0,0.0,0.0,0.0,0.0017503302078694105,0.0,0.0,0.0,0.0,0.0,0.0,0.0,0.0,0.0,9.907529602060094e-05,0.0,0.0,0.0,3.302509867353365e-05,0.0,0.0,0.0,0.0,0.0,0.0,0.0,0.0,0.0,0.0,0.0,0.0,0.0,0.0
0.039771974086761475,0.0010605859570205212,0.2124486267566681,0.01922312006354332,0.017897387966513634,0.007556675001978874,0.0,0.0,0.008617261424660683,0.012594458647072315,0.029828980565071106,0.0,0.0,0.0,0.0,0.005634362809360027,0.0,0.007954394444823265,0.004971496760845184,0.00033143311156891286,0.008617261424660683,0.0019885986112058163,0.0039771972224116325,0.0,0.0019885986112058163,0.004308630712330341,0.0,0.0,0.027840381488204002,0.005965796299278736,0.0,0.004971496760845184,0.006960095372051001,0.00033143311156891286,0.0013257324462756515,0.001491449074819684,0.0,0.0,0.0,0.0,0.0,0.0013257324462756515,0.0013257324462756515,0.0,0.0,0.0,0.0,0.01590878888964653,0.0,0.0,0.0019885986112058163,0.0,0.007954394444823265,0.1928940713405609,0.0,0.0,0.0,0.03546334430575371,0.0,0.0,0.0,0.0,0.0039771972224116325,0.0,0.0,0.0,0.0,0.0005302929785102606,0.02697865478694439,0.0,0.0,0.0,0.004408060573041439,0.012859605252742767,0.009578417055308819,0.0,0.0,0.0236643236130476,0.0,0.0,0.008186398074030876,0.002419461729004979,0.00033143311156891286,0.001856025424785912,0.0,0.002485748380422592,0.0,0.0019554554019123316,0.0,0.0,0.0020880287047475576,0.0,0.0,0.0017565955640748143,0.0,0.0,0.11901763081550598,0.0,3.3143311156891286e-05,3.3143311156891286e-05,0.0,0.0,0.0,0.0,0.0,0.0,0.00016571655578445643,0.0017565955640748143,0.0004971496528014541,0.0005302929785102606,0.0,0.0,0.0008617261191830039,0.0016571655869483948,0.0,0.0,0.0,0.001922312076203525,0.0021543153561651707,0.0,0.0,0.0,0.0,3.3143311156891286e-05,0.0,0.0,0.0008617261191830039,0.0,0.0,0.0,0.0005302929785102606,0.0,0.0,0.0,0.0,0.0,0.0,0.0,0.0006297228974290192,0.0,0.0,0.0014583057491108775,0.00013257324462756515,0.002982898149639368,0.0,0.0,0.0,3.3143311156891286e-05,0.0,3.3143311156891286e-05,0.0,0.0005302929785102606,0.0,0.0,0.0,0.0,0.0,0.0,0.0,0.0,0.0,0.0,0.0,0.00033143311156891286,0.0,0.0,0.0,0.0,0.0,0.0,0.0,0.00016571655578445643,0.0,6.628662231378257e-05,0.0,0.00016571655578445643,0.00016571655578445643,0.00033143311156891286,0.0,0.0,0.0,0.0,0.00016571655578445643,0.0,0.0007291528745554388,0.0,0.0,0.00016571655578445643,0.0007291528745554388,0.0,0.0,0.0,0.0,0.0,0.0,9.942993347067386e-05,0.0,0.0,0.0,0.0,0.0,0.0,0.0002651464892551303,0.0,0.0,0.0,0.0,0.0,0.0,6.628662231378257e-05,0.00039771973388269544,0.0,0.0,3.3143311156891286e-05,0.00016571655578445643,0.00019885986694134772,0.00033143311156891286,0.0,0.0,0.0,0.0010274426313117146,0.0,0.0,0.0,0.0,0.00013257324462756515,0.0,0.0018228820990771055,0.0,0.0,0.01498077716678381,0.0,0.0,0.0,0.0,0.0,0.0022537452168762684,0.004341773688793182,0.001922312076203525,6.628662231378257e-05,0.0,0.008550974540412426,0.0,0.0,0.0,0.0,0.01783110201358795,0.0,0.0,0.0,0.0,0.0,0.0,0.0,0.0,0.0,0.0,0.0,0.0,0.0,0.0,0.0,0.026282645761966705,0.0,0.0021543153561651707,0.0,0.0,0.0,0.0,0.0,0.0,0.0,3.3143311156891286e-05,0.0,0.0,0.0,0.0,0.0,0.0005302929785102606,0.0,0.0,0.0,0.0,0.0,0.0,0.0,0.0,0.0,0.0,0.0,0.0,0.0007954394677653909,0.0,0.0014583057491108775,0.0,0.0,0.0,0.0,0.0017234522383660078,0.0,0.0,0.0,0.0,0.0,0.0,0.0,0.0,0.0,0.00013257324462756515,0.0,0.0,0.0,3.3143311156891286e-05,0.0,0.0,0.0,0.0,0.0,0.0,0.0,0.0,0.0,0.0,0.0,0.0,0.0,0.0
0.039626192301511765,0.0010566985001787543,0.2116699069738388,0.01915265992283821,0.01783178746700287,0.011194399558007717,0.0,0.0,0.008585674688220024,0.012548294849693775,0.029719645157456398,0.0,0.0,0.0,0.0,0.005613710731267929,0.0,0.007925238460302353,0.0049532740376889706,0.00033021828858181834,0.008585674688220024,0.0019813096150755882,0.0039626192301511765,0.0,0.0019813096150755882,0.004292837344110012,0.0,0.0,0.027738334611058235,0.005943928845226765,0.0,0.0049532740376889706,0.006934583652764559,0.00033021828858181834,0.0013208731543272734,0.0014859822113066912,0.0,0.0,0.0,0.0,0.0,0.0013208731543272734,0.0013208731543272734,0.0,0.0,0.0,0.0,0.015850476920604706,0.0,0.0,0.0019813096150755882,0.0,0.007925238460302353,0.19218704104423523,0.0,0.0,0.0,0.03533335402607918,0.0,0.0,0.0,0.0,0.0039626192301511765,0.0,0.0,0.0,0.0,0.0005283492500893772,0.027573226019740105,0.0,0.0,0.0,0.004557012114673853,0.01334081869572401,0.009576329961419106,0.0,0.0,0.023907802999019623,0.0,0.0,0.00815639179199934,0.0022785060573369265,0.00033021828858181834,0.0019813096150755882,0.0,0.0023115279618650675,0.0,0.001948287826962769,0.0,0.0,0.0018822441343218088,0.0,0.0,0.0016510913847014308,0.0,0.0,0.11894462257623672,0.0,3.302182813058607e-05,0.0,0.0,0.0,0.0,0.0,0.0,0.0,0.00016510914429090917,0.001717135077342391,0.0005613710382021964,0.0006934583652764559,0.0,0.0,0.0007925238460302353,0.0016510913847014308,0.0,0.0,0.0,0.001948287826962769,0.0022785060573369265,0.0,0.0,0.0,0.0,0.0,0.0,0.0,0.0008255456923507154,0.0,0.0,0.0,0.0004953274037688971,0.0,0.0,0.0,0.0,0.0,0.0,0.0,0.0006604365771636367,0.0,0.0,0.0017831786535680294,0.0002641746250446886,0.0029719644226133823,0.0,0.0,0.0,0.0,0.0,3.302182813058607e-05,0.0,0.0009246111731044948,0.0,0.0,0.0,0.0,0.0,0.0,0.0,0.0,0.0,0.0,0.0,0.00033021828858181834,0.0,0.0,0.0,0.0,0.0,0.0,0.0,0.00016510914429090917,0.0,0.0001320873125223443,0.0,0.0002641746250446886,0.0002641746250446886,0.00033021828858181834,0.0,0.0,0.0,0.0,0.00042928376933559775,0.0,0.0006604365771636367,0.0,0.0,0.00016510914429090917,0.0009246111731044948,0.0,3.302182813058607e-05,0.0,0.0,0.0,0.0,0.0001320873125223443,0.0,0.0,0.0,0.0,0.0,0.0,0.0004623055865522474,0.0,0.0,0.0,0.0,0.0,0.0,9.906548075377941e-05,0.0005283492500893772,0.0,0.0,0.0001320873125223443,0.000363240105798468,0.00029719644226133823,0.00033021828858181834,0.0,0.0,0.0,0.0009906548075377941,0.0,0.0,0.0,0.0,0.0,0.0,0.0019813096150755882,0.0,0.0,0.015619324520230293,0.0,0.0,0.0,0.0,0.0,0.0022785060573369265,0.004557012114673853,0.0018822441343218088,0.0,0.0,0.008849849924445152,0.0,0.0,0.0,0.0,0.01816200464963913,0.0,0.0,0.0,0.0,0.0,0.0,0.0,0.0,0.0,0.0,0.0,0.0,0.0,0.0,0.0,0.02628537453711033,0.0,0.0022454841528087854,0.0,0.0,0.0,0.0,0.0,0.0,0.0,0.0,0.0,0.0,0.0,0.0,0.0,0.0004953274037688971,0.0,0.0,0.0,0.0,0.0,0.0,0.0,0.0,0.0,0.0,0.0,0.0,0.000726480211596936,0.0,0.0014859822113066912,0.0,0.0,0.0,0.0,0.00168411317281425,0.0,0.0,0.0,0.0,0.0,0.0,0.0,0.0,0.0,0.00016510914429090917,0.0,0.0,0.0,0.0,0.0,0.0,0.0,0.0,0.0,0.0,0.0,0.0,0.0,0.0,0.0,0.0,0.0,0.0
0.03973181173205376,0.0010760698933154345,0.21223407983779907,0.019203707575798035,0.017879314720630646,0.008525784127414227,0.0,0.0,0.008608559146523476,0.012581739574670792,0.029798857867717743,0.0,0.0,0.0,0.0,0.005628672894090414,0.0,0.007946361787617207,0.00496647646650672,0.0003310984175186604,0.008608559146523476,0.0019865904469043016,0.003973180893808603,0.0,0.0019865904469043016,0.004304279573261738,0.0,0.0,0.02781226672232151,0.005959771573543549,0.0,0.00496647646650672,0.006953066680580378,0.0003310984175186604,0.0013243936700746417,0.0014899428933858871,0.0,0.0,0.0,0.0,0.0,0.0013243936700746417,0.0013243936700746417,0.0,0.0,0.0,0.0,0.015892723575234413,0.0,0.0,0.0019865904469043016,0.0,0.007946361787617207,0.19269928336143494,0.0,0.0,0.0,0.035427529364824295,0.0,0.0,0.0,0.0,0.003973180893808603,0.0,0.0,0.0,0.0,0.0005380349466577172,0.02706729620695114,0.0,0.0,0.0,0.004800926893949509,0.012995612807571888,0.009601853787899017,0.0,0.0,0.023301051929593086,0.0,0.0,0.007946361787617207,0.0022763016168028116,0.00041387302917428315,0.001862428616732359,0.0,0.0022763016168028116,0.0,0.001862428616732359,0.0,0.0,0.002069365233182907,8.27746043796651e-05,0.0,0.0016554921166971326,0.0,0.0,0.11782965064048767,0.0,0.0,4.138730218983255e-05,0.0,0.0,0.0,0.0,0.0,0.0,0.0001655492087593302,0.0017382666701450944,0.0004552603350020945,0.0004552603350020945,4.138730218983255e-05,0.0,0.0008277460583485663,0.0016141048399731517,0.0,0.0,0.0,0.0019865904469043016,0.0019865904469043016,0.0,0.0,0.0,0.0,0.0,0.0,0.0,0.0008277460583485663,0.0,0.0,0.0,0.0004552603350020945,0.0,0.0,0.0,0.0,0.0,0.0,0.0,0.0007449714466929436,4.138730218983255e-05,0.0,0.0017796539468690753,0.00020693651458714157,0.0029798857867717743,0.0,0.0,0.0,0.0,0.0,0.0,0.0,0.000910520670004189,0.0,0.0,0.0,0.0,0.0,0.0,0.0,0.0,0.0,0.0,0.0,0.0003310984175186604,0.0,0.0,0.0,0.0,0.0,0.0,0.0,0.0001655492087593302,0.0,4.138730218983255e-05,0.0,0.00020693651458714157,0.00020693651458714157,0.0003310984175186604,0.0,0.0,0.0,0.0,0.00020693651458714157,0.0,0.0006621968350373209,0.0,0.0,0.0001655492087593302,0.0005794222233816981,0.0,0.0,0.0,0.0,0.0,0.0,8.27746043796651e-05,0.0,0.0,0.0,0.0,0.0,0.0,0.00028971111169084907,0.0,0.0,0.0,0.0,0.0,0.0,4.138730218983255e-05,0.00062080955831334,0.0,0.0,0.0,0.00020693651458714157,0.0001655492087593302,0.00020693651458714157,0.0,0.0,0.0,0.0010760698933154345,0.0,0.0,0.0,0.0,0.0,0.0,0.001862428616732359,0.0,0.0,0.015396076254546642,0.0,0.0,0.0,0.0,0.0,0.0022763016168028116,0.0044698286801576614,0.0019038158934563398,4.138730218983255e-05,0.0,0.00869133323431015,0.0,0.0,0.0,0.0,0.0175482165068388,0.0,0.0,0.0,0.0,0.0,0.0,0.0,0.0,0.0,0.0,0.0,0.0,0.0,0.0,0.0,0.02628093771636486,0.0,0.0017796539468690753,0.0,0.0,0.0,0.0,0.0,0.0,0.0,0.0,0.0,0.0,0.0,0.0,0.0,0.0004552603350020945,0.0,0.0,0.0,0.0,0.0,0.0,0.0,0.0,0.0,0.0,0.0,0.0,0.0008277460583485663,0.0,0.0014899428933858871,0.0,0.0,0.0,0.0,0.0017382666701450944,4.138730218983255e-05,0.0,0.0,0.0,0.0,0.0,0.0,0.0,0.0,0.00012416190293151885,0.0,0.0,0.0,0.0,0.0,0.0,0.0,0.0,0.0,0.0,0.0,0.0,0.0,0.0,0.0,0.0,0.0,0.0
0.03964320942759514,0.0010571522871032357,0.21176081895828247,0.019160885363817215,0.017839444801211357,0.01076973881572485,0.0,0.0,0.008589362725615501,0.0125536834821105,0.02973240800201893,0.0,0.0,0.0,0.0,0.005616121459752321,0.0,0.007928642444312572,0.004955401178449392,0.00033036008244380355,0.008589362725615501,0.001982160611078143,0.003964321222156286,0.0,0.001982160611078143,0.004294681362807751,0.0,0.0,0.027750248089432716,0.005946481600403786,0.0,0.004955401178449392,0.006937562022358179,0.00033036008244380355,0.0013214403297752142,0.0014866204001009464,0.0,0.0,0.0,0.0,0.0,0.0013214403297752142,0.0013214403297752142,0.0,0.0,0.0,0.0,0.015857284888625145,0.0,0.0,0.001982160611078143,0.0,0.007928642444312572,0.19226957857608795,0.0,0.0,0.0,0.03534853085875511,0.0,0.0,0.0,0.0,0.003964321222156286,0.0,0.0,0.0,0.0,0.0005285761435516179,0.02689131163060665,0.0,0.0,0.0,0.004691113252192736,0.013049223460257053,0.009448298253118992,0.0,0.0,0.02329038642346859,0.0,0.0,0.008027750067412853,0.0022794846445322037,0.0003964321222156286,0.0018169805407524109,0.0,0.0022794846445322037,0.0,0.0019491245038807392,0.0,0.0,0.0020812684670090675,0.0,0.0,0.0015857284888625145,0.0,0.0,0.11790551990270615,0.0,0.0,0.0,0.0,0.0,0.0,0.0,0.0,0.0,0.00013214403588790447,0.0016187644796445966,0.0005285761435516179,0.000627684174105525,3.3036008971976116e-05,0.0,0.0008259002352133393,0.0016187644796445966,0.0,0.0,0.0,0.0019160885130986571,0.0021803765557706356,0.0,0.0,0.0,0.0,0.0,0.0,0.0,0.0008589362259954214,0.0,0.0,0.0,0.0004955401527695358,0.0,0.0,0.0,0.0,0.0,0.0,0.0,0.0007267922046594322,0.0,0.0,0.0015857284888625145,0.00013214403588790447,0.002973240800201893,0.0,0.0,0.0,3.3036008971976116e-05,0.0,6.607201794395223e-05,0.0,0.0010571522871032357,0.0,0.0,0.0,0.0,0.0,0.0,0.0,0.0,0.0,0.0,0.0,0.00029732409166172147,0.0,0.0,0.0,0.0,0.0,0.0,0.0,0.00016518004122190177,0.0,0.0001982160611078143,0.0,0.00029732409166172147,0.00033036008244380355,0.00033036008244380355,0.0,0.0,0.0,0.0,0.00029732409166172147,0.0,0.0007267922046594322,0.0,0.0,0.00016518004122190177,0.0009910803055390716,0.0,0.0,0.0,0.0,0.0,0.0,0.00013214403588790447,0.0,0.0,0.0,3.3036008971976116e-05,0.0,0.0,0.0003964321222156286,0.0,0.0,0.0,0.0,0.0,0.0,0.00013214403588790447,0.0006607201648876071,0.0,0.0,3.3036008971976116e-05,0.00029732409166172147,0.00023125206644181162,0.00033036008244380355,0.0,0.0,0.0,0.0010241162963211536,0.0,0.0,0.0,0.0,0.0,0.0,0.0017839445499703288,0.0,0.0,0.015295672230422497,0.0,0.0,0.0,0.0,0.0,0.0022134126629680395,0.004261645022779703,0.0017839445499703288,6.607201794395223e-05,0.0,0.008655434474349022,0.0,0.0,0.0,0.0,0.017409976571798325,0.0,0.0,0.0,0.0,0.0,0.0,0.0,0.0,0.0,0.0,0.0,0.0,0.0,0.0,3.3036008971976116e-05,0.025933267548680305,0.0,0.0020482325926423073,0.0,0.0,0.0,0.0,0.0,0.0,0.0,0.0,0.0,0.0,0.0,0.0,0.0,0.0004955401527695358,0.0,0.0,0.0,0.0,0.0,0.0,0.0,0.0,0.0,0.0,0.0,0.0,0.0007928642444312572,0.0,0.0014535844093188643,0.0,0.0,0.0,0.0,0.0015526923816651106,0.0,0.0,0.0,0.0,0.0,0.0,0.0,0.0,3.3036008971976116e-05,0.00013214403588790447,0.0,0.0,0.0,0.0,0.0,0.0,6.607201794395223e-05,0.0,0.0,0.0,0.0,0.0,0.0,0.0,0.0,0.0,0.0,0.0
0.039693038910627365,0.0010584810515865684,0.21202699840068817,0.01918496936559677,0.0178618673235178,0.009526330046355724,0.0,0.0,0.008600158616900444,0.01256946288049221,0.0297697801142931,0.0,0.0,0.0,0.0,0.005623180884867907,0.0,0.007938608527183533,0.004961629863828421,0.0003307753358967602,0.008600158616900444,0.001984652131795883,0.003969304263591766,0.0,0.001984652131795883,0.004300079308450222,0.0,0.0,0.027785127982497215,0.005953955929726362,0.0,0.004961629863828421,0.006946281995624304,0.0003307753358967602,0.001323101343587041,0.0014884889824315906,0.0,0.0,0.0,0.0,0.0,0.001323101343587041,0.001323101343587041,0.0,0.0,0.0,0.0,0.015877217054367065,0.0,0.0,0.001984652131795883,0.0,0.007938608527183533,0.19251124560832977,0.0,0.0,0.0,0.03539296239614487,0.0,0.0,0.0,0.0,0.003969304263591766,0.0,0.0,0.0,0.0,0.0005292405257932842,0.0264289490878582,0.0,0.0,0.0,0.004796242341399193,0.012437152676284313,0.009592484682798386,0.0,0.0,0.023319661617279053,0.0,0.0,0.007872452959418297,0.0023154274094849825,0.0004300079308450222,0.0018854194786399603,0.0,0.0024146600626409054,0.0,0.0018192643765360117,0.0,0.0,0.0021831172052770853,3.307753286208026e-05,3.307753286208026e-05,0.0014884889824315906,0.0,0.0,0.11802063882350922,0.0,0.0,3.307753286208026e-05,0.0,0.0,0.0,0.0,3.307753286208026e-05,0.0,0.0001653876679483801,0.0016869541723281145,0.0004300079308450222,0.0005292405257932842,6.615506572416052e-05,0.0,0.000826938368845731,0.0016207991866394877,0.0,0.0,0.0,0.001951574464328587,0.0022161947563290596,0.0,3.307753286208026e-05,0.0,0.0,0.0,0.0,0.0,0.0008930934127420187,0.0,0.0,0.0,0.0004300079308450222,0.0,0.0,0.0,0.0,0.0,0.0,0.0,0.0007277057156898081,0.0,0.0,0.0014884889824315906,9.923260222421959e-05,0.002976977964863181,0.0,0.0,0.0,3.307753286208026e-05,0.0,3.307753286208026e-05,0.0,0.0005623180768452585,0.0,0.0,0.0,0.0,0.0,0.0,0.0,0.0,0.0,0.0,0.0,0.0002976978139486164,0.0,0.0,0.0,0.0,0.0,0.0,0.0,0.0001653876679483801,0.0,3.307753286208026e-05,0.0,0.00023154274094849825,0.0002646202628966421,0.0003307753358967602,0.0,0.0,0.0,0.0,0.0003307753358967602,0.0,0.0007277057156898081,0.0,0.0,0.0001653876679483801,0.000926170963793993,0.0,0.0,0.0,0.0,0.0,0.0,9.923260222421959e-05,0.0,0.0,0.0,3.307753286208026e-05,0.0,0.0,0.0002976978139486164,0.0,0.0,0.0,0.0,0.0,0.0,0.00023154274094849825,0.0004630854818969965,0.0,0.0,9.923260222421959e-05,0.0001653876679483801,0.0002646202628966421,9.923260222421959e-05,0.0,0.0,0.0,0.0010915586026385427,0.0,3.307753286208026e-05,0.0,0.0,6.615506572416052e-05,0.0,0.001852341927587986,0.0,0.0,0.014719502069056034,0.0,0.0,0.0,0.0,0.0,0.002282349858433008,0.004366234410554171,0.0019184969132766128,6.615506572416052e-05,0.0,0.008137073367834091,0.0,0.0,0.0,0.0,0.01733262836933136,0.0,0.0,0.0,0.0,0.0,0.0,0.0,0.0,0.0,0.0,0.0,0.0,0.0,0.0,3.307753286208026e-05,0.026131251826882362,0.0,0.002150039654225111,0.0,0.0,0.0,0.0,0.0,0.0,0.0,3.307753286208026e-05,0.0,0.0,0.0,0.0,0.0,0.0004300079308450222,0.0,0.0,0.0,0.0,0.0,0.0,0.0,0.0,0.0,0.0,0.0,0.0,0.0007607832667417824,0.0,0.0014554114313796163,0.0,0.0,0.0,0.0,0.001653876737691462,0.0,0.0,0.0,0.0,0.0,0.0,0.0,0.0,0.0,0.00013231013144832104,0.0,0.0,0.0,3.307753286208026e-05,0.0,0.0,0.0,0.0,0.0,0.0,0.0,0.0,0.0,0.0,0.0,0.0,0.0,0.0
0.03831713646650314,0.01667402870953083,0.1912544220685959,0.02487301267683506,0.01706051267683506,0.012284672819077969,0.0,0.0,0.007895317859947681,0.012257067486643791,0.04052561894059181,0.0029814487788826227,0.0,0.0,0.0,0.005355565343052149,0.00033127208007499576,0.007177561987191439,0.004389354959130287,0.00044169611646793783,0.007398409768939018,0.0018496024422347546,0.004140900913625956,0.00027606007643043995,0.0016839663730934262,0.004582596942782402,0.0,0.0,0.02578401006758213,0.0050518992356956005,0.0,0.008778709918260574,0.005880079697817564,0.00033127208007499576,0.0011042403057217598,0.001739178434945643,0.0,0.0,0.0,5.521201455849223e-05,0.0,0.0012698763748630881,0.0012698763748630881,0.0,0.0,5.521201455849223e-05,0.0,0.014355123974382877,0.0,5.521201455849223e-05,0.009882950223982334,0.00044169611646793783,0.007287985645234585,0.16872791945934296,0.0,0.0,0.0,0.03699205070734024,0.0006625441601499915,0.0,0.0,0.0,0.0035887809935957193,0.0,0.0,0.0,0.0,0.01198100671172142,0.025038648396730423,0.0,0.0,0.0,0.0046930210664868355,0.011787764728069305,0.01418948732316494,0.0,0.0004969081492163241,0.033679328858852386,0.0,0.000772968225646764,0.007536440156400204,0.002153268549591303,0.000386484112823382,0.0016563604585826397,2.7606007279246114e-05,0.002070450456812978,0.0,0.001601148396730423,0.0,0.0,0.002291298471391201,0.0,0.0,0.0014355123275890946,5.521201455849223e-05,0.00013803003821521997,0.10437831282615662,5.521201455849223e-05,5.521201455849223e-05,5.521201455849223e-05,0.0,0.0,0.00016563604003749788,5.521201455849223e-05,0.0,0.0,0.00022084805823396891,0.0014907243894413114,0.0005521201528608799,0.00046930211829021573,0.0,0.0,0.0006625441601499915,0.0032575088553130627,2.7606007279246114e-05,0.0,0.0,0.0016287544276565313,0.0018496024422347546,0.0,5.521201455849223e-05,0.0,0.0,0.0,0.0,0.0,0.000772968225646764,0.0,0.0,0.00016563604003749788,0.00030366607825271785,0.0,0.0,0.0,0.0,0.0,0.0,0.0,0.0006625441601499915,0.0,0.0,0.001049028243869543,0.00011042402911698446,0.0024845406878739595,0.0,0.0006073321565054357,0.0,2.7606007279246114e-05,0.0,0.0,0.0,0.00033127208007499576,0.0,0.0,0.0,0.0,0.0,0.0,0.0009662102675065398,0.0,0.0,0.0,0.0,0.00027606007643043995,5.521201455849223e-05,0.0,0.0,0.0,0.0,0.0,0.0,0.00013803003821521997,0.0,0.0008557862020097673,0.0,8.281802001874894e-05,0.00013803003821521997,0.00027606007643043995,5.521201455849223e-05,0.0,0.0,0.0,0.00016563604003749788,0.0,0.0006625441601499915,0.0,0.0,0.00013803003821521997,0.0005245141219347715,5.521201455849223e-05,0.0,0.0,0.0,0.0,0.0,2.7606007279246114e-05,0.0,0.0,0.0,0.0,0.0,0.0,0.00022084805823396891,2.7606007279246114e-05,0.0,0.0,2.7606007279246114e-05,0.0,0.0,0.000193242056411691,0.0004969081492163241,0.0,0.0,8.281802001874894e-05,0.00024845407460816205,0.00022084805823396891,0.000193242056411691,0.0,0.0073431977070868015,0.0,0.004748233128339052,0.0,2.7606007279246114e-05,0.0,0.0,0.0,0.0,0.0016287544276565313,0.0,0.0,0.014106669463217258,0.0,0.0,0.0,0.0,0.0,0.0019876325968652964,0.004085688851773739,0.0017667844658717513,5.521201455849223e-05,0.0,0.007784894201904535,0.0,0.0,0.0,0.00027606007643043995,0.02851700596511364,0.0,5.521201455849223e-05,0.0,0.0,0.0,0.0,0.0,0.0,0.00046930211829021573,0.00013803003821521997,5.521201455849223e-05,0.0,0.0,0.0,0.0,0.022029593586921692,2.7606007279246114e-05,0.0015183304203674197,0.0,0.0,0.0,0.0,0.0,0.0,0.0,2.7606007279246114e-05,0.0,0.0,0.0,0.0,0.0,0.00024845407460816205,0.0,0.0,0.0,0.0,0.0,0.0,0.0,0.0,0.0,0.0,0.0,0.0,0.0006625441601499915,0.0,0.003009054809808731,0.0,0.0,0.0,0.0,0.0014907243894413114,0.0,0.0,0.0,0.0,0.0,0.0,0.0,0.0,2.7606007279246114e-05,0.00024845407460816205,0.0,0.0,0.0,0.0,0.0,0.0,2.7606007279246114e-05,0.0,0.006625441834330559,0.0,0.0,0.0,0.0,0.0,0.0,0.0,0.0,0.0
0.037865638732910156,0.0010097504127770662,0.21614970266819,0.018301725387573242,0.01703953742980957,0.00842510536313057,0.0,0.0,0.008204221725463867,0.011990785598754883,0.028399230912327766,0.0,0.0,0.0,0.0,0.0053642988204956055,0.0,0.0075731282122433186,0.0047332048416137695,0.00031554698944091797,0.008204221725463867,0.0018932820530608296,0.0037865641061216593,0.0,0.0018932820530608296,0.004102110862731934,0.0,0.0,0.02650594897568226,0.0056798458099365234,0.0,0.0047332048416137695,0.006626487243920565,0.00031554698944091797,0.0012621879577636719,0.0014199614524841309,0.0,0.0,0.0,0.0,0.0,0.0012621879577636719,0.0012621879577636719,0.0,0.0,0.0,0.0,0.015146256424486637,0.0,0.0,0.0018932820530608296,0.0,0.0075731282122433186,0.19879460334777832,0.0,0.0,0.0,0.035025715827941895,0.0,0.0,0.0,0.0,0.0037865641061216593,0.0,0.0,0.0,0.0,0.0005048752063885331,0.02596951834857464,0.0,0.0,0.0,0.004228329751640558,0.012527216225862503,0.009024644270539284,0.0,0.0,0.022719383239746094,0.0,0.0,0.007857120595872402,0.002271938370540738,0.00031554698944091797,0.0018617273308336735,3.155470039928332e-05,0.0021772743202745914,0.0,0.0018301726086065173,0.0,6.310940079856664e-05,0.0018301726086065173,3.155470039928332e-05,0.0,0.0015777349472045898,0.0,0.0,0.12091761082410812,0.0,3.155470039928332e-05,0.0,0.0,0.0,0.0,0.0,0.0,0.0,0.00015777349472045898,0.0017355085583403707,0.0005048752063885331,0.0005679845926351845,0.0,0.0,0.0007888674736022949,0.001609289669431746,0.0,0.0,0.0,0.0018617273308336735,0.002114164875820279,0.0,0.0,0.0,0.0,3.155470039928332e-05,0.0,0.0,0.0007888674736022949,0.0,0.0,0.0,0.0004733205132652074,0.0,0.0,0.0,0.0,0.0,0.0,0.0,0.0005679845926351845,0.0,0.0,0.0014199614524841309,0.00015777349472045898,0.0028399229049682617,0.0,0.0,0.0,6.310940079856664e-05,0.0,0.0,0.0,0.0008519769180566072,0.0,0.0,0.0,0.0,0.0,0.0,0.0,0.0,0.0,0.0,0.0,0.00031554698944091797,0.0,0.0,0.0,0.0,0.0,0.0,0.0,0.00015777349472045898,0.0,0.00028399229631759226,0.0,9.466410119784996e-05,9.466410119784996e-05,0.00031554698944091797,0.0,0.0,0.0,0.0,0.00025243760319426656,0.0,0.0006310939788818359,0.0,0.0,0.00015777349472045898,0.0006942034233361483,0.0,0.0,0.0,0.0,0.0,0.0,9.466410119784996e-05,0.0,0.0,0.0,0.0,0.0,0.0,0.00015777349472045898,0.0,0.0,0.0,0.0,0.0,0.0,6.310940079856664e-05,0.0007573128095827997,0.0,0.0,3.155470039928332e-05,0.00025243760319426656,0.00012621880159713328,0.00022088289551902562,0.0,0.0,0.0,0.0010097504127770662,0.0,0.0,0.0,0.0,6.310940079856664e-05,0.0,0.0018617273308336735,0.0,0.0,0.014704490080475807,0.0,0.0,0.0,0.0,0.0,0.002051055431365967,0.00416522054001689,0.0018301726086065173,0.0,0.0,0.008361995220184326,0.0,0.0,0.0,0.0,0.01719731092453003,0.0,0.0,0.0,0.0,0.0,0.0,0.0,0.0,0.0,0.0,0.0,0.0,0.0,0.0,0.0,0.026032626628875732,0.0,0.002082610270008445,0.0,0.0,0.0,0.0,0.0,0.0,0.0,0.0,0.0,0.0,0.0,0.0,0.0,0.0004733205132652074,0.0,0.0,0.0,0.0,0.0,0.0,0.0,0.0,0.0,0.0,0.0,0.0,0.0007257580873556435,0.0,0.0014199614524841309,0.0,0.0,0.0,0.0,0.0017355085583403707,0.0,0.0,0.0,0.0,0.0,0.0,0.0,0.0,0.0,0.00015777349472045898,0.0,0.0,0.0,6.310940079856664e-05,0.0,0.0,0.0,0.0,0.0,0.0,0.0,0.0,0.0,0.0,0.0,0.0,0.0,0.0
0.03820743411779404,0.0010347847128286958,0.21634960174560547,0.018466927111148834,0.017193345353007317,0.005173923447728157,0.0,0.0,0.008278277702629566,0.01209902111440897,0.028655575588345528,0.0,0.0,0.0,0.0,0.005412719678133726,0.0,0.007641486823558807,0.004775929264724255,0.0003183952940162271,0.008278277702629566,0.0019103717058897018,0.0038207434117794037,0.0,0.0019103717058897018,0.004139138851314783,0.0,0.0,0.026745203882455826,0.0057311151176691055,0.0,0.004775929264724255,0.0066863009706139565,0.0003183952940162271,0.0012735811760649085,0.0014327787794172764,0.0,0.0,0.0,0.0,0.0,0.0012735811760649085,0.0012735811760649085,0.0,0.0,0.0,0.0,0.015282973647117615,0.0,0.0,0.0019103717058897018,0.0,0.007641486823558807,0.198678657412529,0.0,0.0,0.0,0.03518268093466759,0.0,0.0,0.0,0.0,0.0038207434117794037,0.0,0.0,0.0,0.0,0.0005173923564143479,0.025113428011536598,0.0,0.0,0.0,0.004576932173222303,0.012417416088283062,0.009233463555574417,0.0,0.0,0.02244686707854271,0.0,0.0,0.0076016876846551895,0.002109368797391653,0.0003581946948543191,0.001751174102537334,0.0,0.002188967540860176,0.0,0.0017909734742715955,0.0,3.979941175202839e-05,0.0019103717058897018,0.0,0.0,0.0015123776393011212,0.0,0.0,0.11979622393846512,0.0,0.0,3.979941175202839e-05,0.0,0.0,0.0,0.0,0.0,0.0,0.00015919764700811356,0.0017909734742715955,0.00039799409569241107,0.0003581946948543191,0.0,0.0,0.0007959881913848221,0.0016317758709192276,0.0,0.0,0.0,0.0018705723341554403,0.002188967540860176,0.0,3.979941175202839e-05,0.0,0.0,0.0,0.0,0.0,0.000875587051268667,0.0,0.0,0.0,0.00047759292647242546,0.0,0.0,0.0,0.0,0.0,0.0,0.0,0.0006367905880324543,0.0,0.0,0.0014327787794172764,0.00015919764700811356,0.0028655575588345528,0.0,0.0,0.0,0.0,0.0,0.0,0.0,0.0004377935256343335,0.0,0.0,0.0,0.0,0.0,0.0,0.0,0.0,0.0,0.0,0.0,0.0003183952940162271,0.0,0.0,0.0,0.0,0.0,0.0,0.0,0.00015919764700811356,0.0,0.00019899704784620553,0.0,3.979941175202839e-05,3.979941175202839e-05,0.0003183952940162271,0.0,0.0,0.0,0.0,0.00019899704784620553,0.0,0.0006765899597667158,0.0,0.0,0.00015919764700811356,0.0003581946948543191,0.0,0.0,0.0,0.0,0.0,0.0,7.959882350405678e-05,0.0,0.0,0.0,0.0,0.0,0.0,0.00015919764700811356,0.0,0.0,0.0,0.0,0.0,0.0,0.0,0.00023879646323621273,0.0,0.0,3.979941175202839e-05,7.959882350405678e-05,0.00023879646323621273,0.0,0.0,0.0,0.0,0.0010745840845629573,0.0,0.0,0.0,0.0,0.0,0.0,0.001751174102537334,0.0,0.0,0.014088991098105907,0.0,0.0,0.0,0.0,0.0,0.0021491681691259146,0.004139138851314783,0.0017113746143877506,7.959882350405678e-05,0.0,0.008357875980436802,0.0,0.0,0.0,0.0,0.016994347795844078,0.0,0.0,0.0,0.0,0.0,0.0,0.0,0.0,0.0,0.0,0.0,0.0,0.0,0.0,0.0,0.025829818099737167,0.0,0.0020695694256573915,0.0,0.0,0.0,0.0,0.0,0.0,0.0,3.979941175202839e-05,0.0,0.0,0.0,0.0,0.0,0.0004377935256343335,0.0,0.0,0.0,0.0,0.0,0.0,0.0,0.0,0.0,0.0,0.0,0.0,0.0007959881913848221,0.0,0.0014327787794172764,0.0,0.0,0.0,0.0,0.0017909734742715955,0.0,0.0,0.0,0.0,0.0,0.0,0.0,0.0,0.0,0.00011939823161810637,0.0,0.0,0.0,0.0,0.0,0.0,0.0,0.0,0.0,0.0,0.0,0.0,0.0,0.0,0.0,0.0,0.0,0.0
0.03795306384563446,0.0010120817460119724,0.21664874255657196,0.018343981355428696,0.017078878358006477,0.0061357454396784306,0.0,0.0,0.008223163895308971,0.012018470093607903,0.028464797884225845,0.0,0.0,0.0,0.0,0.005376684013754129,0.0,0.0075906128622591496,0.0047441329807043076,0.0003162755456287414,0.008223163895308971,0.0018976532155647874,0.0037953064311295748,0.0,0.0018976532155647874,0.004111581947654486,0.0,0.0,0.02656714618206024,0.005692959763109684,0.0,0.0047441329807043076,0.00664178654551506,0.0003162755456287414,0.0012651021825149655,0.001423239940777421,0.0,0.0,0.0,0.0,0.0,0.0012651021825149655,0.0012651021825149655,0.0,0.0,0.0,0.0,0.015181225724518299,0.0,0.0,0.0018976532155647874,0.0,0.0075906128622591496,0.19925358891487122,0.0,0.0,0.0,0.035106584429740906,0.0,0.0,0.0,0.0,0.0037953064311295748,0.0,0.0,0.0,0.0,0.0005060408730059862,0.02539692632853985,0.0,0.0,0.0,0.004522740375250578,0.01223986316472292,0.009140362963080406,0.0,0.0,0.02229742519557476,0.0,0.0,0.007685495540499687,0.002308811526745558,0.0003162755456287414,0.0018027705373242497,0.0,0.002277183812111616,0.0,0.0018027705373242497,0.0,0.0,0.001960908295586705,0.0,0.0,0.0015497501008212566,3.162755456287414e-05,0.0,0.12078563123941422,3.162755456287414e-05,6.325510912574828e-05,0.0,0.0,0.0,0.0,0.0,3.162755456287414e-05,0.0,0.00012651021825149655,0.001707887859083712,0.00037953065475448966,0.00047441330389119685,0.0,0.0,0.0007906888495199382,0.0016130052972584963,0.0,0.0,0.0,0.0018343981355428696,0.0021190461702644825,0.0,0.0,0.0,0.0,0.0,0.0,0.0,0.0007906888495199382,0.0,0.0,0.0,0.00047441330389119685,0.0,0.0,0.0,0.0,0.0,0.0,0.0,0.0007274337112903595,0.0,0.0,0.0012334745842963457,0.0001581377728143707,0.002814852399751544,0.0,0.0,0.0,3.162755456287414e-05,0.0,0.0,0.0,0.0006325510912574828,0.0,0.0,0.0,0.0,0.0,0.0,0.0,0.0,0.0,0.0,0.0,0.000284647976513952,0.0,0.0,0.0,0.0,0.0,0.0,0.0,0.0001581377728143707,0.0,9.488266368862242e-05,0.0,6.325510912574828e-05,6.325510912574828e-05,0.000284647976513952,0.0,0.0,0.0,0.0,0.00018976532737724483,0.0,0.0006641786312684417,0.0,0.0,0.0001581377728143707,0.0005060408730059862,0.0,0.0,0.0,0.0,0.0,3.162755456287414e-05,0.0001581377728143707,0.0,0.0,0.0,3.162755456287414e-05,0.0,0.0,0.0001581377728143707,0.0,0.0,0.0,0.0,0.0,0.0,0.0,0.0003162755456287414,0.0,0.0,0.0,0.0001581377728143707,9.488266368862242e-05,0.00018976532737724483,0.0,0.0,0.0,0.0010753368260338902,0.0,0.0,0.0,0.0,0.00012651021825149655,0.0,0.0017711430555209517,0.0,0.0,0.014264026656746864,0.0,0.0,0.0,0.0,0.0,0.002087418455630541,0.004238092340528965,0.0018343981355428696,3.162755456287414e-05,0.0,0.00819153618067503,0.0,0.0,0.0,0.0,0.01679423078894615,0.0,0.0,0.0,0.0,0.0,0.0,0.0,0.0,0.0,0.0,0.0,0.0,0.0,0.0,0.0,0.026377379894256592,0.0,0.0018976532155647874,0.0,0.0,0.0,0.0,0.0,0.0,0.0,0.0,0.0,0.0,0.0,0.0,0.0,0.00044278576388023794,0.0,0.0,0.0,0.0,0.0,0.0,0.0,0.0,0.0,0.0,0.0,0.0,0.0007906888495199382,0.0,0.001423239940777421,0.0,0.0,0.0,0.0,0.001707887859083712,0.0,0.0,0.0,0.0,0.0,0.0,0.0,0.0,0.0,6.325510912574828e-05,0.0,0.0,0.0,0.0,0.0,0.0,0.0,0.0,0.0,0.0,0.0,0.0,0.0,0.0,0.0,0.0,0.0,0.0
0.03789673000574112,0.0010105795226991177,0.21632717549800873,0.018316753208637238,0.017053529620170593,0.007610926870256662,0.0,0.0,0.008210958912968636,0.012000631541013718,0.02842254936695099,0.0,0.0,0.0,0.0,0.005368703510612249,0.0,0.007579346187412739,0.00473709125071764,0.00031580610084347427,0.008210958912968636,0.0018948365468531847,0.0037896730937063694,0.0,0.0018948365468531847,0.004105479456484318,0.0,0.0,0.026527712121605873,0.005684509873390198,0.0,0.00473709125071764,0.006631928030401468,0.00031580610084347427,0.001263224403373897,0.0014211274683475494,0.0,0.0,0.0,0.0,0.0,0.001263224403373897,0.001263224403373897,0.0,0.0,0.0,0.0,0.015158692374825478,0.0,0.0,0.0018948365468531847,0.0,0.007579346187412739,0.19895784556865692,0.0,0.0,0.0,0.03505447506904602,0.0,0.0,0.0,0.0,0.0037896730937063694,0.0,0.0,0.0,0.0,0.0005052897613495588,0.024790778756141663,0.0,0.0,0.0,0.00467393035069108,0.011495341546833515,0.008937312290072441,0.0,0.0,0.022295910865068436,0.0,0.0,0.007358281873166561,0.0023053844925016165,0.0005684509524144232,0.0017053529154509306,6.316122016869485e-05,0.0023053844925016165,0.0,0.0017369334818795323,0.0,6.316122016869485e-05,0.0019895783625543118,6.316122016869485e-05,0.0,0.0014527080347761512,0.0,0.0,0.1190904751420021,0.0,3.158061008434743e-05,0.0,0.0,0.0,0.0,0.0,0.0,0.0,0.0001263224403373897,0.0017053529154509306,0.0002842254762072116,0.0003789673210121691,3.158061008434743e-05,0.0,0.0008210958330892026,0.0016421916661784053,0.0,0.0,0.0,0.0018316752975806594,0.001957997679710388,0.0,0.0,0.0,0.0,0.0,0.0,0.0,0.0007895152666606009,0.0,0.0,0.0,0.0004737091367132962,0.0,0.0,0.0,0.0,0.0,0.0,0.0,0.0007263540173880756,0.0,0.0,0.0014211274683475494,9.474183025304228e-05,0.002842254936695099,0.0,0.0,0.0,0.0,0.0,3.158061008434743e-05,0.0,0.0005052897613495588,0.0,0.0,0.0,0.0,0.0,0.0,0.0,0.0,0.0,0.0,0.0,0.00031580610084347427,0.0,0.0,0.0,0.0,0.0,0.0,0.0,0.00015790305042173713,0.0,0.000221064270590432,0.0,0.0001263224403373897,0.0001263224403373897,0.00031580610084347427,0.0,0.0,0.0,0.0,0.000221064270590432,0.0,0.0007263540173880756,0.0,0.0,0.00015790305042173713,0.0005368703859858215,0.0,0.0,0.0,0.0,0.0,3.158061008434743e-05,0.00015790305042173713,0.0,0.0,0.0,0.0,0.0,0.0,0.00015790305042173713,0.0,0.0,0.0,0.0,0.0,0.0,6.316122016869485e-05,0.0006000315770506859,0.0,0.0,3.158061008434743e-05,9.474183025304228e-05,0.000221064270590432,0.0001263224403373897,0.0,0.0,0.0,0.0010105795226991177,0.0,0.0,0.0,0.0,0.00015790305042173713,0.0,0.0016737723490223289,0.0,3.158061008434743e-05,0.013990210369229317,0.0,0.0,0.0,0.0,3.158061008434743e-05,0.0021159008610993624,0.0039475760422647,0.0016421916661784053,0.00015790305042173713,0.0,0.007579346187412739,0.0,0.0,0.0,0.0,0.016737723723053932,0.0,0.0,0.0,0.0,0.0,0.0,0.0,0.0,0.0,0.0,0.0,0.0,0.0,0.0,0.0,0.025675036013126373,0.0,0.0019264172296971083,0.0,0.0,0.0,0.0,0.0,0.0,0.0,0.0,0.0,0.0,0.0,0.0,0.0,0.0004737091367132962,0.0,0.0,0.0,0.0,0.0,0.0,0.0,0.0,0.0,0.0,0.0,0.0,0.0007895152666606009,0.0,0.0013895467855036259,0.0,0.0,0.0,0.0,0.0016737723490223289,0.0,0.0,0.0,0.0,0.0,0.0,0.0,0.0,0.0,6.316122016869485e-05,0.0,0.0,0.0,0.0,0.0,0.0,0.0,0.0,0.0,0.0,0.0,0.0,0.0,0.0,0.0,0.0,0.0,0.0
0.03781194984912872,0.0010083186207339168,0.21584320068359375,0.018275775015354156,0.017015377059578896,0.009831106290221214,0.0,0.0,0.008192588575184345,0.011973783373832703,0.028358960524201393,0.0,0.0,0.0,0.0,0.005356692709028721,0.0,0.007562389597296715,0.00472649373114109,0.0003150995762553066,0.008192588575184345,0.0018905973993241787,0.0037811947986483574,0.0,0.0018905973993241787,0.004096294287592173,0.0,0.0,0.026468364521861076,0.005671792197972536,0.0,0.00472649373114109,0.006617091130465269,0.0003150995762553066,0.0012603983050212264,0.001417948049493134,0.0,0.0,0.0,0.0,0.0,0.0012603983050212264,0.0012603983050212264,0.0,0.0,0.0,0.0,0.01512477919459343,0.0,0.0,0.0018905973993241787,0.0,0.007562389597296715,0.1985127329826355,0.0,0.0,0.0,0.0349760539829731,0.0,0.0,0.0,0.0,0.0037811947986483574,0.0,0.0,0.0,0.0,0.0005041593103669584,0.025302495807409286,0.0,0.0,0.0,0.004474414046853781,0.0122258635237813,0.009169397875666618,0.0,0.0,0.02221451885998249,0.0,0.0,0.007562389597296715,0.002174186985939741,0.0005041593103669584,0.0018275774782523513,0.0,0.002174186985939741,0.0,0.0018275774782523513,0.0,3.15099568979349e-05,0.001953617436811328,0.0,0.0,0.0016070078127086163,0.0,0.0,0.11964330822229385,0.0,6.30199137958698e-05,3.15099568979349e-05,0.0,0.0,0.0,0.0,0.0,0.0,0.0001575497881276533,0.0015754979103803635,0.000378119497327134,0.0004726493498310447,0.0,0.0,0.0007877489551901817,0.001638517715036869,0.0,0.0,0.0,0.0018905973993241787,0.001953617436811328,0.0,3.15099568979349e-05,0.0,0.0,0.0,0.0,0.0,0.0008507688180543482,0.0,0.0,0.0,0.0004726493498310447,0.0,0.0,0.0,0.0,0.0,0.0,0.0,0.0006617091130465269,0.0,0.0,0.0015754979103803635,0.0001260398275917396,0.0028043861966580153,0.0,0.0,0.0,3.15099568979349e-05,0.0,0.0,0.0,0.0007247290341183543,0.0,0.0,0.0,0.0,0.0,0.0,0.0,0.0,0.0,0.0,0.0,0.0003150995762553066,0.0,0.0,0.0,0.0,0.0,0.0,0.0,0.0001575497881276533,0.0,0.0001260398275917396,0.0,0.0002520796551834792,0.0002520796551834792,0.0003150995762553066,0.0,0.0,0.0,0.0,0.0002835896157193929,0.0,0.0006932190735824406,0.0,0.0,0.0001575497881276533,0.000756238994654268,0.0,0.0,0.0,0.0,0.0,0.0,9.45298743317835e-05,0.0,0.0,0.0,0.0,0.0,0.0,0.0005356692709028721,0.0,0.0,0.0,0.0,0.0,0.0,6.30199137958698e-05,0.0007877489551901817,0.0,0.0,6.30199137958698e-05,0.0003466095367912203,0.000189059748663567,0.0002835896157193929,0.0,0.0,0.0,0.001102848444133997,0.0,0.0,0.0,0.0,0.0,0.0,0.0018275774782523513,0.0,0.0,0.014116460457444191,0.0,0.0,0.0,0.0,0.0,0.0020481471437960863,0.004222334362566471,0.0018275774782523513,0.0,0.0,0.008066548965871334,0.0,0.0,0.0,0.0,0.016637258231639862,0.0,0.0,0.0,0.0,0.0,0.0,0.0,0.0,0.0,0.0,0.0,0.0,0.0,0.0,0.0,0.02577514573931694,0.0,0.001953617436811328,0.0,0.0,0.0,3.15099568979349e-05,0.0,0.0,0.0,3.15099568979349e-05,0.0,0.0,0.0,0.0,0.0,0.0004726493498310447,0.0,0.0,0.0,0.0,0.0,0.0,0.0,0.0,0.0,0.0,0.0,0.0,0.0007877489551901817,0.0,0.001417948049493134,0.0,0.0,0.0,0.0,0.0015754979103803635,0.0,0.0,0.0,0.0,0.0,0.0,0.0,0.0,0.0,9.45298743317835e-05,0.0,0.0,0.0,0.0,0.0,0.0,0.0,0.0,0.0,0.0,0.0,0.0,0.0,0.0,0.0,0.0,0.0,0.0
0.037869226187467575,0.0010098459897562861,0.21617016196250916,0.018303459510207176,0.017041150480508804,0.008331229910254478,0.0,0.0,0.008204998448491096,0.011991920880973339,0.028401918709278107,0.0,0.0,0.0,0.0,0.005364806856960058,0.0,0.007573844864964485,0.004733653273433447,0.00031557687907479703,0.008204998448491096,0.0018934612162411213,0.0037869224324822426,0.0,0.0018934612162411213,0.004102499224245548,0.0,0.0,0.026508457958698273,0.005680383648723364,0.0,0.004733653273433447,0.006627114489674568,0.00031557687907479703,0.0012623075162991881,0.001420095912180841,0.0,0.0,0.0,0.0,0.0,0.0012623075162991881,0.0012623075162991881,0.0,0.0,0.0,0.0,0.01514768972992897,0.0,0.0,0.0018934612162411213,0.0,0.007573844864964485,0.19881342351436615,0.0,0.0,0.0,0.035029031336307526,0.0,0.0,0.0,0.0,0.0037869224324822426,0.0,0.0,0.0,0.0,0.0005049229948781431,0.024867458269000053,0.0,0.0,0.0,0.004638980142772198,0.01177101768553257,0.008993941359221935,0.0,0.0,0.021553900092840195,0.0,0.0,0.007573844864964485,0.0021143651101738214,0.0007889422122389078,0.0017356728203594685,0.0,0.0021459227427840233,0.0,0.0017041150713339448,0.0,0.0,0.002051249612122774,0.0,0.0,0.0014832112938165665,0.0,0.0,0.11821509897708893,0.0,3.155768717988394e-05,9.467306517763063e-05,0.0,0.0,0.0,0.0,0.0,0.0,0.00015778843953739852,0.0016094420570880175,0.0005049229948781431,0.0004418076132424176,0.0,0.0,0.0007889422122389078,0.001798788201995194,3.155768717988394e-05,0.0,0.0,0.0018619035836309195,0.0019565767142921686,0.0,0.0,0.0,0.0,3.155768717988394e-05,0.0,0.0,0.0007889422122389078,0.0,0.0,0.0,0.00037869226071052253,0.0,0.0,0.0,0.0,0.0,0.0,0.0,0.0006627114489674568,0.0,0.0,0.0016094420570880175,0.00015778843953739852,0.002840191824361682,0.0,0.0,0.0,0.0,0.0,0.0,0.0,0.0006627114489674568,0.0,0.0,0.0,0.0,0.0,0.0,0.0,0.0,0.0,0.0,0.0,0.00031557687907479703,0.0,0.0,0.0,0.0,0.0,0.0,0.0,0.00015778843953739852,0.0,0.00025246149743907154,0.0,0.0002209038066212088,0.00025246149743907154,0.00031557687907479703,0.0,0.0,0.0,0.0,0.0002209038066212088,0.0,0.0006942691397853196,0.0,0.0,0.00015778843953739852,0.0007258268306031823,0.0,3.155768717988394e-05,0.0,0.0,0.0,0.0,3.155768717988394e-05,0.0,0.0,0.0,0.0,0.0,0.0,0.0004102499224245548,0.0,0.0,0.0,0.0,0.0,0.0,6.311537435976788e-05,0.0004102499224245548,0.0,0.0,6.311537435976788e-05,0.0002209038066212088,0.00025246149743907154,0.00015778843953739852,0.0,0.0,0.0,0.0010414037387818098,0.0,6.311537435976788e-05,0.0,0.0,0.0,0.0,0.0017041150713339448,0.0,0.0,0.014106286689639091,0.0,0.0,0.0,0.0,0.0,0.0019881343469023705,0.00407094182446599,0.0017672304529696703,9.467306517763063e-05,0.0,0.007857863791286945,0.0,0.0,0.0,0.0,0.015999747440218925,0.0,0.0,0.0,0.0,0.0,0.0,0.0,0.0,0.0,0.0,0.0,0.0,0.0,0.0,0.0,0.02581418864428997,0.0,0.0018619035836309195,0.0,0.0,0.0,0.0,0.0,0.0,0.0,0.0,0.0,0.0,0.0,0.0,0.0,0.00037869226071052253,0.0,0.0,0.0,0.0,0.0,0.0,0.0,0.0,0.0,0.0,0.0,0.0,0.0007573845214210451,0.0,0.001420095912180841,0.0,0.0,0.0,0.0,0.0016094420570880175,0.0,0.0,0.0,0.0,0.0,0.0,0.0,0.0,0.0,0.00015778843953739852,0.0,0.0,0.0,0.0,0.0,0.0,0.0,0.0,0.0,0.0,0.0,0.0,0.0,0.0,0.0,0.0,0.0,0.0
0.03775365650653839,0.001022494863718748,0.21551045775413513,0.01824760064482689,0.016989145427942276,0.011326096951961517,0.0,0.0,0.008179958909749985,0.011955324560403824,0.028315242379903793,0.0,0.0,0.0,0.0,0.005348434671759605,0.0,0.007550731301307678,0.004719207063317299,0.00031461380422115326,0.008179958909749985,0.0018876828253269196,0.003775365650653839,0.0,0.0018876828253269196,0.004089979454874992,0.0,0.0,0.026427559554576874,0.005663048475980759,0.0,0.004719207063317299,0.0066068898886442184,0.00031461380422115326,0.001258455216884613,0.0014157621189951897,0.0,0.0,0.0,0.0,0.0,0.001258455216884613,0.001258455216884613,0.0,0.0,0.0,0.0,0.015101462602615356,0.0,0.0,0.0018876828253269196,0.0,0.007550731301307678,0.19820670783519745,0.0,0.0,0.0,0.03492213413119316,0.0,0.0,0.0,0.0,0.003775365650653839,0.0,0.0,0.0,0.0,0.000511247431859374,0.02556237205862999,0.0,0.0,0.0,0.004325939808040857,0.012151958420872688,0.009084473364055157,0.0,0.0,0.022376907989382744,0.0,0.0,0.007747365161776543,0.002241623355075717,0.00043259398080408573,0.0018090293742716312,0.0,0.002241623355075717,0.0,0.001769702648743987,0.0,3.932672552764416e-05,0.0018483560997992754,0.0,0.0,0.0013764353934675455,0.0,0.0,0.11951392143964767,0.0,0.0,0.0,0.0,0.0,0.0,0.0,0.0,0.0,0.00015730690211057663,0.0015337422955781221,0.000511247431859374,0.0005899008829146624,0.0,0.0,0.0007865345105528831,0.0016517224721610546,3.932672552764416e-05,0.0,0.0,0.0018090293742716312,0.0020843164529651403,0.0,0.0,0.0,0.0,0.0,0.0,0.0,0.0007865345105528831,0.0,0.0,0.0,0.00043259398080408573,0.0,0.0,0.0,0.0,0.0,0.0,0.0,0.000747207785025239,0.0,0.0,0.0016910491976886988,0.00011798017658293247,0.0028315242379903793,0.0,0.0,0.0,3.932672552764416e-05,0.0,7.865345105528831e-05,0.0,0.0011404750403016806,0.0,0.0,0.0,0.0,0.0,0.0,0.0,0.0,0.0,0.0,0.0,0.0002752870786935091,0.0,0.0,0.0,0.0,0.0,0.0,0.0,0.00015730690211057663,0.0,0.0004719207063317299,0.0,0.0002752870786935091,0.0002752870786935091,0.00031461380422115326,0.0,0.0,0.0,0.0,0.00043259398080408573,0.0,0.0006685543339699507,0.0,0.0,0.00015730690211057663,0.0011011483147740364,0.0,3.932672552764416e-05,0.0,0.0,0.0,0.0,3.932672552764416e-05,0.0,0.0,0.0,3.932672552764416e-05,0.0,0.0,0.0006292276084423065,0.0,0.0,0.0,0.0,0.0,0.0,3.932672552764416e-05,0.001022494863718748,0.0,0.0,0.00015730690211057663,0.0005505741573870182,0.00015730690211057663,0.0003932672552764416,0.0,0.0,0.0,0.0011798017658293247,0.0,0.0,0.0,0.0,7.865345105528831e-05,0.0,0.0016910491976886988,0.0,0.0,0.014590215869247913,0.0,0.0,0.0,0.0,0.0,0.002005663001909852,0.004168632905930281,0.0016517224721610546,0.0,0.0,0.008101305924355984,0.0,0.0,0.0,0.0,0.016831839457154274,0.0,0.0,0.0,0.0,0.0,0.0,0.0,0.0,0.0,0.0,0.0,0.0,0.0,0.0,0.0,0.02595563977956772,3.932672552764416e-05,0.0019270095508545637,0.0,0.0,0.0,0.0,0.0,0.0,0.0,0.0,0.0,0.0,0.0,0.0,0.0,0.00043259398080408573,0.0,0.0,0.0,0.0,0.0,0.0,0.0,0.0,0.0,0.0,0.0,0.0,0.0006685543339699507,0.0,0.0014157621189951897,0.0,0.0,0.0,0.0,0.0014550888445228338,0.0,0.0,0.0,0.0,0.0,0.0,0.0,0.0,0.0,7.865345105528831e-05,0.0,0.0,0.0,0.0,0.0,0.0,0.0,0.0,0.0,0.0,0.0,0.0,0.0,0.0,0.0,0.0,0.0,0.0
0.037846531718969345,0.0010092408629134297,0.21604062616825104,0.018292490392923355,0.01703093945980072,0.008925474248826504,0.0,0.0,0.008200081996619701,0.011984734795987606,0.028384899720549583,0.0,0.0,0.0,0.0,0.005361591931432486,0.0,0.007569306530058384,0.004730816464871168,0.0003153877623844892,0.008200081996619701,0.001892326632514596,0.003784653265029192,0.0,0.001892326632514596,0.004100040998309851,0.0,0.0,0.02649257332086563,0.005676979664713144,0.0,0.004730816464871168,0.006623143330216408,0.0003153877623844892,0.0012615510495379567,0.001419244916178286,0.0,0.0,0.0,0.0,0.0,0.0012615510495379567,0.0012615510495379567,0.0,0.0,0.0,0.0,0.015138613060116768,0.0,0.0,0.001892326632514596,0.0,0.007569306530058384,0.19869428873062134,0.0,0.0,0.0,0.03500804305076599,0.0,0.0,0.0,0.0,0.003784653265029192,0.0,0.0,0.0,0.0,0.0005046204314567149,0.02573564276099205,0.0,0.0,0.0,0.0043838899582624435,0.012079351581633091,0.009020090103149414,0.0,0.0,0.02223483845591545,0.0,0.0,0.007474690210074186,0.0022077143657952547,0.0005046204314567149,0.0018292490858584642,0.0,0.002144636819139123,0.0,0.0017661715392023325,0.0,3.153877696604468e-05,0.0019554041791707277,0.0,0.0,0.0016084776725620031,0.0,0.0,0.11965811997652054,0.0,0.0,6.307755393208936e-05,0.0,0.0,0.0,0.0,0.0,0.0,9.461632726015523e-05,0.0017030939925462008,0.0004415428848005831,0.0005361592047847807,0.0,0.0,0.0007884694496169686,0.0016084776725620031,3.153877696604468e-05,0.0,0.0,0.0018607878591865301,0.002113098045811057,0.0,0.0,0.0,0.0,0.0,0.0,0.0,0.0008515469962731004,0.0,0.0,0.0,0.00041000411147251725,0.0,0.0,0.0,0.0,0.0,0.0,0.0,0.0007569306180812418,0.0,0.0,0.0013877061428502202,9.461632726015523e-05,0.002838489832356572,0.0,0.0,0.0,0.0,0.0,0.0,0.0,0.000725391844753176,0.0,0.0,0.0,0.0,0.0,0.0,0.0,0.0,0.0,0.0,0.0,0.0003153877623844892,0.0,0.0,0.0,0.0,0.0,0.0,0.0,0.0001576938811922446,0.0,0.00018923265452031046,0.0,9.461632726015523e-05,9.461632726015523e-05,0.0003153877623844892,0.0,0.0,0.0,0.0,0.00018923265452031046,0.0,0.0006938530714251101,0.0,0.0,0.0001576938811922446,0.0006307755247689784,0.0,0.0,0.0,0.0,0.0,0.0,0.00012615510786417872,0.0,0.0,0.0,0.0,0.0,0.0,0.00018923265452031046,0.0,0.0,0.0,0.0,0.0,0.0,6.307755393208936e-05,0.000725391844753176,0.0,0.0,9.461632726015523e-05,0.00034692653571255505,0.00018923265452031046,0.00018923265452031046,0.0,0.0,0.0,0.0009146245429292321,0.0,3.153877696604468e-05,0.0,0.0,0.0,0.0,0.0018292490858584642,0.0,0.0,0.01460245344787836,0.0,0.0,0.0,0.0,0.0,0.0020815592724829912,0.004100040998309851,0.0018292490858584642,0.0,0.0,0.007979310117661953,0.0,0.0,0.0,0.0,0.016494780778884888,0.0,0.0,0.0,0.0,0.0,0.0,0.0,0.0,0.0,0.0,0.0,0.0,0.0,0.0,0.0,0.026019491255283356,3.153877696604468e-05,0.0019869429524987936,0.0,0.0,0.0,0.0,0.0,0.0,0.0,3.153877696604468e-05,0.0,0.0,0.0,0.0,0.0,0.00041000411147251725,0.0,0.0,0.0,0.0,0.0,0.0,0.0,0.0,0.0,0.0,0.0,0.0,0.000725391844753176,0.0,0.0013877061428502202,0.0,0.0,0.0,0.0,0.0016715552192181349,0.0,0.0,0.0,0.0,0.0,0.0,0.0,0.0,0.0,0.00012615510786417872,0.0,0.0,0.0,0.0,0.0,0.0,0.0,0.0,0.0,0.0,0.0,0.0,0.0,0.0,0.0,0.0,0.0,0.0
0.03783579170703888,0.0010089544812217355,0.21597932279109955,0.01828729920089245,0.017026105895638466,0.009206709451973438,0.0,0.0,0.008197754621505737,0.011981334537267685,0.02837684378027916,0.0,0.0,0.0,0.0,0.005360070616006851,0.0,0.007567158434540033,0.00472947396337986,0.0003152982681058347,0.008197754621505737,0.0018917896086350083,0.0037835792172700167,0.0,0.0018917896086350083,0.004098877310752869,0.0,0.0,0.026485055685043335,0.005675368942320347,0.0,0.00472947396337986,0.006621263921260834,0.0003152982681058347,0.0012611930724233389,0.0014188422355800867,0.0,0.0,0.0,0.0,0.0,0.0012611930724233389,0.0012611930724233389,0.0,0.0,0.0,0.0,0.015134316869080067,0.0,0.0,0.0018917896086350083,0.0,0.007567158434540033,0.198637917637825,0.0,0.0,0.0,0.03499810770153999,0.0,0.0,0.0,0.0,0.0037835792172700167,0.0,0.0,0.0,0.0,0.0005044772406108677,0.02534998022019863,0.0,0.0,0.0,0.0043511162512004375,0.012265102937817574,0.009080590680241585,0.0,0.0,0.02229158766567707,0.0,0.0,0.007630218286067247,0.0021755581256002188,0.0004729474021587521,0.0018917896086350083,0.0,0.002207087818533182,0.0,0.0018602597992867231,0.0,6.305965507635847e-05,0.001986379036679864,0.0,0.0,0.0015134316636249423,0.0,0.0,0.12009710818529129,0.0,0.0,0.0,0.0,0.0,0.0,0.0,0.0,0.0,0.00015764913405291736,0.0017026106361299753,0.0004729474021587521,0.0005044772406108677,0.0,0.0,0.0007882456993684173,0.0015764913987368345,0.0,0.0,0.0,0.0018917896086350083,0.0021440281998366117,0.0,3.1529827538179234e-05,0.0,0.0,0.0,0.0,0.0,0.0007882456993684173,0.0,0.0,0.0,0.0004414175928104669,0.0,0.0,0.0,0.0,0.0,0.0,0.0,0.0006621263455599546,0.0,0.0,0.0013873124262318015,0.00012611931015271693,0.0028376844711601734,0.0,0.0,0.0,3.1529827538179234e-05,0.0,0.0,0.0,0.0007567158318124712,0.0,0.0,0.0,0.0,0.0,0.0,0.0,0.0,0.0,0.0,0.0,0.0003152982681058347,0.0,0.0,0.0,0.0,0.0,0.0,0.0,0.00015764913405291736,0.0,0.00025223862030543387,0.0,0.00015764913405291736,0.00015764913405291736,0.0003152982681058347,0.0,0.0,0.0,0.0,0.00025223862030543387,0.0,0.0006936562131159008,0.0,0.0,0.00015764913405291736,0.0008513053180649877,0.0,0.0,0.0,0.0,0.0,0.0,0.00012611931015271693,0.0,0.0,0.0,0.0,0.0,0.0,0.0003152982681058347,0.0,0.0,0.0,0.0,0.0,0.0,3.1529827538179234e-05,0.0005360070499591529,0.0,0.0,9.45894789765589e-05,0.00012611931015271693,0.0002837684587575495,0.00012611931015271693,0.0,0.0,0.0,0.0010404842905700207,0.0,0.0,0.0,0.0,0.0,0.0,0.0018602597992867231,0.0,0.0,0.014093833044171333,0.0,0.0,0.0,0.0,0.0,0.0020809685811400414,0.004130407236516476,0.0018917896086350083,0.0,0.0,0.008134695701301098,0.0,0.0,0.0,0.0,0.016742337495088577,0.0,0.0,0.0,0.0,0.0,0.0,0.0,0.0,0.0,0.0,0.0,0.0,0.0,0.0,0.0,0.026043636724352837,0.0,0.0020809685811400414,0.0,0.0,0.0,0.0,0.0,0.0,0.0,0.0,0.0,0.0,0.0,0.0,0.0,0.0004414175928104669,0.0,0.0,0.0,0.0,0.0,0.0,0.0,0.0,0.0,0.0,0.0,0.0,0.0006936562131159008,0.0,0.0014188422355800867,0.0,0.0,0.0,0.0,0.0017026106361299753,0.0,0.0,0.0,0.0,0.0,0.0,0.0,0.0,0.0,0.00012611931015271693,0.0,0.0,0.0,0.0,0.0,0.0,0.0,0.0,0.0,0.0,0.0,0.0,0.0,0.0,0.0,0.0,0.0,0.0
0.0379134938120842,0.001011026557534933,0.21642285585403442,0.018324855715036392,0.01706107147037983,0.007171969395130873,0.0,0.0,0.008214590139687061,0.012005940079689026,0.02843512035906315,0.0,0.0,0.0,0.0,0.005371078383177519,0.0,0.0075826989486813545,0.004739186726510525,0.00031594577012583613,0.008214590139687061,0.0018956747371703386,0.0037913494743406773,0.0,0.0018956747371703386,0.004107295069843531,0.0,0.0,0.02653944492340088,0.005687023978680372,0.0,0.004739186726510525,0.00663486123085022,0.00031594577012583613,0.0012637830805033445,0.001421755994670093,0.0,0.0,0.0,0.0,0.0,0.0012637830805033445,0.0012637830805033445,0.0,0.0,0.0,0.0,0.015165397897362709,0.0,0.0,0.0018956747371703386,0.0,0.0075826989486813545,0.1990458369255066,0.0,0.0,0.0,0.03506998345255852,0.0,0.0,0.0,0.0,0.0037913494743406773,0.0,0.0,0.0,0.0,0.0005055132787674665,0.02619190514087677,0.0,0.0,0.0,0.004360051825642586,0.012764209881424904,0.009288806468248367,0.0,0.0,0.022716501727700233,0.0,0.0,0.007867050357162952,0.002180025912821293,0.000347540364600718,0.0018640800844877958,0.0,0.002180025912821293,0.0,0.0018008910119533539,0.0,0.0,0.0018640800844877958,0.0,0.0,0.0016113234451040626,0.0,0.0,0.12125999480485916,0.0,0.0,0.0,0.0,0.0,0.0,0.0,0.0,0.0,0.00015797288506291807,0.00173770182300359,0.00022116204490885139,0.00044232408981770277,0.0,0.0,0.0007898644544184208,0.0015481343725696206,0.0,0.0,0.0,0.0018008910119533539,0.00214843126013875,0.0,0.0,0.0,0.0,3.159457992296666e-05,0.0,0.0,0.0007898644544184208,0.0,0.0,0.0,0.0005055132787674665,0.0,0.0,0.0,0.0,0.0,0.0,0.0,0.0006318915402516723,0.0,0.0,0.0015481343725696206,0.00015797288506291807,0.002843511989340186,0.0,0.0,0.0,6.318915984593332e-05,0.0,0.0,0.0,0.000695080729201436,0.0,0.0,0.0,0.0,0.0,0.0,0.0,0.0,0.0,0.0,0.0,0.00025275663938373327,0.0,0.0,0.0,0.0,0.0,0.0,0.0,0.00015797288506291807,0.0,0.00018956746498588473,0.0,6.318915984593332e-05,6.318915984593332e-05,0.00031594577012583613,0.0,0.0,0.0,0.0,0.00022116204490885139,0.0,0.0006634861347265542,0.0,0.0,0.00015797288506291807,0.0006634861347265542,0.0,0.0,0.0,0.0,0.0,0.0,0.00015797288506291807,0.0,0.0,0.0,6.318915984593332e-05,0.0,0.0,0.00022116204490885139,0.0,0.0,0.0,0.0,0.0,0.0,6.318915984593332e-05,0.00037913492997176945,0.0,0.0,6.318915984593332e-05,0.00022116204490885139,6.318915984593332e-05,0.00022116204490885139,0.0,0.0,0.0,0.0011058102827519178,0.0,0.0,0.0,0.0,0.0,0.0,0.0018640800844877958,0.0,0.0,0.014849451370537281,0.0,0.0,0.0,0.0,0.0,0.002085242187604308,0.004328457172960043,0.0018640800844877958,0.0,0.0,0.008562130853533745,0.0,0.0,0.0,0.0,0.017155855894088745,0.0,0.0,0.0,0.0,0.0,0.0,0.0,0.0,0.0,0.0,0.0,0.0,0.0,0.0,0.0,0.02625509537756443,0.0,0.002085242187604308,0.0,0.0,0.0,0.0,0.0,0.0,0.0,0.0,0.0,0.0,0.0,0.0,0.0,0.0005055132787674665,0.0,0.0,0.0,0.0,0.0,0.0,0.0,0.0,0.0,0.0,0.0,0.0,0.0007898644544184208,0.0,0.001421755994670093,0.0,0.0,0.0,0.0,0.00173770182300359,0.0,0.0,0.0,0.0,0.0,0.0,0.0,0.0,0.0,0.0,0.0,0.0,0.0,3.159457992296666e-05,0.0,0.0,0.0,0.0,0.0,0.0,0.0,0.0,0.0,0.0,0.0,0.0,0.0,0.0
0.03777148202061653,0.001007239567115903,0.21561221778392792,0.01825621724128723,0.016997167840600014,0.010890777222812176,0.0,0.0,0.008183821104466915,0.011960969306528568,0.028328612446784973,0.0,0.0,0.0,0.0,0.005350959952920675,0.0,0.007554296404123306,0.004721435252577066,0.00031476235017180443,0.008183821104466915,0.0018885741010308266,0.003777148202061653,0.0,0.0018885741010308266,0.0040919105522334576,0.0,0.0,0.026440037414431572,0.00566572230309248,0.0,0.004721435252577066,0.006610009353607893,0.00031476235017180443,0.0012590494006872177,0.00141643057577312,0.0,0.0,0.0,0.0,0.0,0.0012590494006872177,0.0012590494006872177,0.0,0.0,0.0,0.0,0.015108592808246613,0.0,0.0,0.0018885741010308266,0.0,0.007554296404123306,0.1983002871274948,0.0,0.0,0.0,0.03493862226605415,0.0,0.0,0.0,0.0,0.003777148202061653,0.0,0.0,0.0,0.0,0.0005036197835579515,0.02606232278048992,0.0,0.0,0.0,0.004280767869204283,0.012496065348386765,0.009128108620643616,0.0,0.0,0.02266288921236992,0.0,0.0,0.0077431537210941315,0.0022662889678031206,0.0002832861209753901,0.0017626691842451692,0.0,0.0022348128259181976,0.0,0.0018256217008456588,0.0,3.1476236472371966e-05,0.0017626691842451692,0.0,0.0,0.0015423354925587773,0.0,0.0,0.1208372712135315,0.0,0.0,3.1476236472371966e-05,0.0,0.0,0.0,0.0,0.0,0.0,0.00015738117508590221,0.0016997166676446795,0.0005350959836505353,0.0006924771587364376,0.0,0.0,0.0007869058754295111,0.0015423354925587773,0.0,0.0,0.0,0.0018570978427305818,0.0021089077927172184,0.0,0.0,0.0,0.0,0.0,0.0,0.0,0.0008183821337297559,0.0,0.0,0.0,0.0004406672960612923,0.0,0.0,0.0,0.0,0.0,0.0,0.0,0.0006610009586438537,0.0,0.0,0.0015423354925587773,0.0001888574188342318,0.00283286115154624,0.0,0.0,0.0,0.0,0.0,3.1476236472371966e-05,0.0,0.0007554296753369272,0.0,0.0,0.0,0.0,0.0,0.0,0.0,0.0,0.0,0.0,0.0,0.00031476235017180443,0.0,0.0,0.0,0.0,0.0,0.0,0.0,0.00015738117508590221,0.0,0.00015738117508590221,0.0,0.0001888574188342318,0.0001888574188342318,0.00031476235017180443,0.0,0.0,0.0,0.0,0.00031476235017180443,0.0,0.0006295247003436089,0.0,0.0,0.00015738117508590221,0.001007239567115903,0.0,0.0,0.0,0.0,0.0,0.0,9.44287094171159e-05,0.0,0.0,0.0,0.0,0.0,0.0,0.0005036197835579515,0.0,0.0,0.0,0.0,0.0,0.0,9.44287094171159e-05,0.0008183821337297559,0.0,0.0,6.295247294474393e-05,0.0003777148376684636,0.0002518098917789757,0.00040919106686487794,0.0,0.0,0.0,0.0010701919673010707,0.0,0.0,0.0,0.0,3.1476236472371966e-05,0.0,0.0017626691842451692,0.0,0.0,0.014730878174304962,0.0,0.0,0.0,0.0,0.0,0.0021403839346021414,0.004217815585434437,0.0017626691842451692,0.0,0.0,0.008341202512383461,0.0,0.0,0.0,0.0,0.017060119658708572,0.0,0.0,0.0,0.0,0.0,0.0,0.0,0.0,0.0,0.0,0.0,0.0,0.0,0.0,0.0,0.026377085596323013,0.0,0.001983002759516239,0.0,0.0,0.0,0.0,0.0,0.0,0.0,0.0,0.0,0.0,0.0,0.0,0.0,0.0004406672960612923,0.0,0.0,0.0,0.0,0.0,0.0,0.0,0.0,0.0,0.0,0.0,0.0,0.0006610009586438537,0.0,0.0013849543174728751,0.0,0.0,0.0,0.0,0.0016682405257597566,0.0,0.0,0.0,0.0,0.0,0.0,0.0,0.0,0.0,0.00012590494588948786,0.0,0.0,0.0,0.0,0.0,0.0,0.0,0.0,0.0,0.0,0.0,0.0,0.0,0.0,0.0,0.0,0.0,0.0
0.037968676537275314,0.0010283183073624969,0.21586774289608002,0.01835152693092823,0.017085904255509377,0.008542952127754688,0.0,0.0,0.008226546458899975,0.012023413553833961,0.02847650647163391,0.0,0.0,0.0,0.0,0.005378895904868841,0.0,0.007593735121190548,0.004746084567159414,0.000316405639750883,0.008226546458899975,0.001898433780297637,0.003796867560595274,0.0,0.001898433780297637,0.004113273229449987,0.0,0.0,0.02657807245850563,0.005695301573723555,0.0,0.004746084567159414,0.006644518114626408,0.000316405639750883,0.001265622559003532,0.0014238253934308887,0.0,0.0,0.0,0.0,0.0,0.001265622559003532,0.001265622559003532,0.0,0.0,0.0,0.0,0.015187470242381096,0.0,0.0,0.001898433780297637,0.0,0.007593735121190548,0.1983863264322281,0.0,0.0,0.0,0.0350419245660305,0.0,0.0,0.0,0.0,0.003796867560595274,0.0,0.0,0.0,0.0,0.0005141591536812484,0.026024363934993744,0.0,0.0,0.0,0.0043505774810910225,0.01194431260228157,0.00921531394124031,0.0,0.0,0.02214839495718479,0.0,0.0,0.007870590314269066,0.0022543901577591896,0.00035595634835772216,0.0017402309458702803,0.0,0.0022148394491523504,0.0,0.0018193323630839586,0.0,0.0,0.0019379844889044762,0.0,0.0,0.0015424774028360844,0.0,0.0,0.12035278975963593,0.0,0.0,0.0,0.0,0.0,0.0,0.0,0.0,0.0,0.0001582028198754415,0.0017402309458702803,0.0005537098622880876,0.0005537098622880876,0.0,0.0,0.0007514633471146226,0.0016215788200497627,0.0,0.0,0.0,0.0018193323630839586,0.0022148394491523504,0.0,3.955070496886037e-05,0.0,0.0,0.0,0.0,0.0,0.0007910140557214618,0.0,0.0,0.0,0.00047460844507440925,0.0,0.0,0.0,0.0,0.0,0.0,0.0,0.000632811279501766,0.0,0.0,0.0014238253934308887,0.0001582028198754415,0.0028476507868617773,0.0,0.0,0.0,3.955070496886037e-05,0.0,3.955070496886037e-05,0.0,0.0006723619881086051,0.0,0.0,0.0,0.0,0.0,0.0,0.0,0.0,0.0,0.0,0.0,0.000316405639750883,0.0,0.0,0.0,0.0,0.0,0.0,0.0,0.0001582028198754415,0.0,0.00019775351393036544,0.0,0.00011865211126860231,0.00011865211126860231,0.000316405639750883,0.0,0.0,0.0,0.0,0.00019775351393036544,0.0,0.0006723619881086051,0.0,0.0,0.0001582028198754415,0.0005932605708949268,0.0,0.0,0.0,0.0,0.0,0.0,7.910140993772075e-05,0.0,0.0,0.0,0.0,0.0,0.0,0.00043505773646757007,0.0,0.0,0.0,0.0,0.0,0.0,7.910140993772075e-05,0.00047460844507440925,0.0,0.0,3.955070496886037e-05,0.00019775351393036544,0.0002768549311440438,0.0002768549311440438,0.0,0.0,0.0,0.001067869015969336,0.0,0.0,0.0,0.0,7.910140993772075e-05,0.0,0.0017402309458702803,0.0,0.0,0.014950166456401348,0.0,0.0,0.0,0.0,0.0,0.0021752887405455112,0.004113273229449987,0.0017797816544771194,7.910140993772075e-05,0.0,0.007712387479841709,0.0,0.0,0.0,0.0,0.01633444055914879,0.0,0.0,0.0,0.0,0.0,0.0,0.0,0.0,0.0,0.0,0.0,0.0,0.0,0.0,0.0,0.026103464886546135,0.0,0.0020170859061181545,0.0,0.0,0.0,0.0,0.0,0.0,0.0,0.0,0.0,0.0,0.0,0.0,0.0,0.00047460844507440925,0.0,0.0,0.0,0.0,0.0,0.0,0.0,0.0,0.0,0.0,0.0,0.0,0.0007119126967154443,0.0,0.0014238253934308887,0.0,0.0,0.0,0.0,0.001700680237263441,0.0,0.0,0.0,0.0,0.0,0.0,0.0,0.0,0.0,0.00023730422253720462,0.0,0.0,0.0,0.0,0.0,0.0,0.0,0.0,0.0,0.0,0.0,0.0,0.0,0.0,0.0,0.0,0.0,0.0
0.03781433030962944,0.0010083821834996343,0.21585680544376373,0.01827692613005638,0.017016449943184853,0.00976870208978653,0.0,0.0,0.008193105459213257,0.011974538676440716,0.028360748663544655,0.0,0.0,0.0,0.0,0.005357030313462019,0.0,0.007562866434454918,0.00472679128870368,0.0003151194250676781,0.008193105459213257,0.0018907166086137295,0.003781433217227459,0.0,0.0018907166086137295,0.004096552729606628,0.0,0.0,0.026470031589269638,0.005672149825841188,0.0,0.00472679128870368,0.0066175078973174095,0.0003151194250676781,0.0012604777002707124,0.001418037456460297,0.0,0.0,0.0,0.0,0.0,0.0012604777002707124,0.0012604777002707124,0.0,0.0,0.0,0.0,0.015125732868909836,0.0,0.0,0.0018907166086137295,0.0,0.007562866434454918,0.19852523505687714,0.0,0.0,0.0,0.03497825562953949,0.0,0.0,0.0,0.0,0.003781433217227459,0.0,0.0,0.0,0.0,0.0005041910917498171,0.026249447837471962,0.0,0.0,0.0,0.0043801600113511086,0.012762336991727352,0.00920148752629757,0.0,0.0,0.022751623764634132,0.0,0.0,0.007846473716199398,0.0021743241231888533,0.0003151194250676781,0.0018907166086137295,0.0,0.002205836120992899,0.0,0.0018592046108096838,0.0,0.0,0.00182769272942096,0.0,0.0,0.0016386210918426514,0.0,0.0,0.12100586295127869,0.0,3.151194323436357e-05,0.0,0.0,0.0,0.0,0.0,0.0,0.0,0.00015755971253383905,0.0016701329732313752,0.00047267915215343237,0.0006932627293281257,0.0,0.0,0.00078779854811728,0.00157559709623456,0.0,0.0,0.0,0.00182769272942096,0.0021743241231888533,0.0,0.0,0.0,0.0,0.0,0.0,0.0,0.00078779854811728,0.0,0.0,0.0,0.00047267915215343237,0.0,0.0,0.0,0.0,0.0,0.0,0.0,0.0005987269105389714,0.0,0.0,0.00157559709623456,0.0001890716521302238,0.002836074912920594,0.0,0.0,0.0,0.0,0.0,3.151194323436357e-05,0.0,0.00091384636471048,0.0,0.0,0.0,0.0,0.0,0.0,0.0,0.0,0.0,0.0,0.0,0.00028360748547129333,0.0,0.0,0.0,0.0,0.0,0.0,0.0,0.00015755971253383905,0.0,0.00012604777293745428,0.0,0.00015755971253383905,0.00015755971253383905,0.0003151194250676781,0.0,0.0,0.0,0.0,0.00028360748547129333,0.0,0.0006302388501353562,0.0,0.0,0.00015755971253383905,0.0008508224855177104,0.0,0.0,0.0,0.0,0.0,0.0,0.00012604777293745428,0.0,0.0,0.0,3.151194323436357e-05,0.0,0.0,0.00047267915215343237,0.0,0.0,0.0,0.0,0.0,0.0,0.00012604777293745428,0.0005987269105389714,0.0,0.0,3.151194323436357e-05,0.0003151194250676781,0.0002205836062785238,0.0003151194250676781,0.0,0.0,0.0,0.0010398940648883581,0.0,0.0,0.0,0.0,0.0,0.0,0.0018592046108096838,0.0,0.0,0.014842125587165356,0.0,0.0,0.0,0.0,0.0,0.002205836120992899,0.0043486482463777065,0.00182769272942096,0.0,0.0,0.00857124850153923,0.0,0.0,0.0,0.0,0.01720552146434784,0.0,0.0,0.0,0.0,0.0,0.0,0.0,0.0,0.0,0.0,0.0,0.0,0.0,0.0,0.0,0.026154913008213043,0.0,0.0021743241231888533,0.0,0.0,0.0,0.0,0.0,0.0,0.0,0.0,0.0,0.0,0.0,0.0,0.0,0.00047267915215343237,0.0,0.0,0.0,0.0,0.0,0.0,0.0,0.0,0.0,0.0,0.0,0.0,0.0007562866085208952,0.0,0.001418037456460297,0.0,0.0,0.0,0.0,0.0016386210918426514,0.0,0.0,0.0,0.0,0.0,0.0,0.0,0.0,0.0,6.302388646872714e-05,0.0,0.0,0.0,0.0,0.0,0.0,0.0,0.0,0.0,0.0,0.0,0.0,0.0,0.0,0.0,0.0,0.0,0.0
0.03780122846364975,0.0010080327047035098,0.2157820165157318,0.018270593136548996,0.017010552808642387,0.010111828334629536,0.0,0.0,0.008190265856683254,0.01197038870304823,0.028350921347737312,0.0,0.0,0.0,0.0,0.00535517418757081,0.0,0.00756024569272995,0.004725153557956219,0.00031501022749580443,0.008190265856683254,0.0018900614231824875,0.003780122846364975,0.0,0.0018900614231824875,0.004095132928341627,0.0,0.0,0.026460859924554825,0.0056701842695474625,0.0,0.004725153557956219,0.006615214981138706,0.00031501022749580443,0.0012600409099832177,0.0014175460673868656,0.0,0.0,0.0,0.0,0.0,0.0012600409099832177,0.0012600409099832177,0.0,0.0,0.0,0.0,0.0151204913854599,0.0,0.0,0.0018900614231824875,0.0,0.00756024569272995,0.19845645129680634,0.0,0.0,0.0,0.03496613726019859,0.0,0.0,0.0,0.0,0.003780122846364975,0.0,0.0,0.0,0.0,0.0005040163523517549,0.025830838829278946,0.0,0.0,0.0,0.004347141366451979,0.012285399250686169,0.00907229445874691,0.0,0.0,0.022176720201969147,0.0,0.0,0.00771775096654892,0.0022365727927535772,0.0004095133044756949,0.0018585603684186935,0.0,0.0022365727927535772,0.0,0.0018585603684186935,0.0,0.0,0.0018900614231824875,0.0,0.0,0.0015435501700267196,0.0,0.0,0.11982989311218262,0.0,0.0,6.300204404396936e-05,0.0,0.0,0.0,0.0,0.0,0.0,0.00015750511374790221,0.0016380532179027796,0.0005040163523517549,0.0005355174071155488,0.0,0.0,0.0007875256123952568,0.0015435501700267196,0.0,0.0,0.0,0.0018900614231824875,0.0020790675189346075,0.0,0.0,0.0,0.0,3.150102202198468e-05,0.0,0.0,0.0008820286602713168,0.0,0.0,0.0,0.0004410143301356584,0.0,0.0,0.0,0.0,0.0,0.0,0.0,0.0006930225063115358,0.0,0.0,0.0013860450126230717,0.0001890061394078657,0.0028350921347737312,0.0,0.0,0.0,0.0,0.0,0.0,0.0,0.0008505276637151837,0.0,0.0,0.0,0.0,0.0,0.0,0.0,0.0,0.0,0.0,0.0,0.00031501022749580443,0.0,0.0,0.0,0.0,0.0,0.0,0.0,0.00015750511374790221,0.0,0.0003465112531557679,0.0,0.00025200817617587745,0.00025200817617587745,0.00031501022749580443,0.0,0.0,0.0,0.0,0.00028350920183584094,0.0,0.0006615215097554028,0.0,0.0,0.00015750511374790221,0.0008820286602713168,0.0,0.0,0.0,0.0,0.0,0.0,6.300204404396936e-05,0.0,0.0,0.0,0.0,0.0,0.0,0.0004095133044756949,0.0,0.0,0.0,0.0,0.0,0.0,3.150102202198468e-05,0.0007560245576314628,0.0,0.0,3.150102202198468e-05,0.00028350920183584094,0.00025200817617587745,0.0002205071650678292,0.0,0.0,0.0,0.0009765317663550377,0.0,0.0,0.0,0.0,3.150102202198468e-05,0.0,0.0018585603684186935,0.0,0.0,0.014679476618766785,0.0,0.0,0.0,0.0,0.0,0.0021420696284621954,0.004126633983105421,0.0017955583753064275,3.150102202198468e-05,0.0,0.008127263747155666,0.0,0.0,0.0,0.0,0.01647503487765789,0.0,0.0,0.0,0.0,0.0,0.0,0.0,0.0,0.0,0.0,0.0,0.0,0.0,0.0,0.0,0.025988344103097916,0.0,0.0020160654094070196,0.0,0.0,0.0,0.0,0.0,0.0,0.0,3.150102202198468e-05,0.0,0.0,0.0,0.0,0.0,0.0004410143301356584,0.0,0.0,0.0,0.0,0.0,0.0,0.0,0.0,0.0,0.0,0.0,0.0,0.0007560245576314628,0.0,0.0013545440742745996,0.0,0.0,0.0,0.0,0.0016380532179027796,0.0,0.0,0.0,0.0,0.0,0.0,0.0,0.0,0.0,9.450306970393285e-05,0.0,0.0,0.0,0.0,0.0,0.0,0.0,0.0,0.0,0.0,0.0,0.0,0.0,0.0,0.0,0.0,0.0,0.0
0.037737034261226654,0.0010063209338113666,0.2154155820608139,0.018239567056298256,0.016981666907668114,0.011792823672294617,0.0,0.0,0.008176357485353947,0.011950061656534672,0.02830277755856514,0.0,0.0,0.0,0.0,0.0053460802882909775,0.0,0.007547406945377588,0.004717129282653332,0.00031447529909200966,0.008176357485353947,0.001886851736344397,0.003773703472688794,0.0,0.001886851736344397,0.004088178742676973,0.0,0.0,0.026415925472974777,0.005660555325448513,0.0,0.004717129282653332,0.006603981368243694,0.00031447529909200966,0.0012579011963680387,0.0014151388313621283,0.0,0.0,0.0,0.0,0.0,0.0012579011963680387,0.0012579011963680387,0.0,0.0,0.0,0.0,0.015094813890755177,0.0,0.0,0.001886851736344397,0.0,0.007547406945377588,0.19811943173408508,0.0,0.0,0.0,0.03490675985813141,0.0,0.0,0.0,0.0,0.003773703472688794,0.0,0.0,0.0,0.0,0.0005031604669056833,0.026101449504494667,0.0,0.0,0.0,0.004276864230632782,0.01248466968536377,0.009119783528149128,0.0,0.0,0.022799458354711533,0.0,0.0,0.007861882448196411,0.002201327122747898,0.00031447529909200966,0.0018554042326286435,0.0,0.002201327122747898,0.0,0.0017925092251971364,0.0,0.0,0.001886851736344397,0.0,0.0,0.0015409289626404643,0.0,0.0,0.1207270696759224,0.0,0.0,0.0,0.0,0.0,0.0,0.0,0.0,0.0,0.00015723764954600483,0.0016667190939188004,0.0005346080288290977,0.0006289505981840193,0.0,0.0,0.0007861882331781089,0.0015723764663562179,0.0,0.0,0.0,0.0018554042326286435,0.0021698796190321445,0.0,3.1447529181605205e-05,0.0,0.0,0.0,0.0,0.0,0.0007861882331781089,0.0,0.0,0.0,0.0004402654303703457,0.0,0.0,0.0,0.0,0.0,0.0,0.0,0.0006289505981840193,0.0,0.0,0.0017610617214813828,0.00025158023345284164,0.0028302776627242565,0.0,0.0,0.0,0.0,0.0,3.1447529181605205e-05,0.0,0.0010692160576581955,0.0,0.0,0.0,0.0,0.0,0.0,0.0,0.0,0.0,0.0,0.0,0.00031447529909200966,0.0,0.0,0.0,0.0,0.0,0.0,0.0,0.00015723764954600483,0.0,0.00022013271518517286,0.0,0.00022013271518517286,0.00022013271518517286,0.00031447529909200966,0.0,0.0,0.0,0.0,0.00031447529909200966,0.0,0.0005975030944682658,0.0,0.0,0.00015723764954600483,0.0010377684375271201,0.0,0.0,0.0,0.0,0.0,0.0,0.00012579011672642082,0.0,0.0,0.0,0.0,0.0,0.0,0.0005031604669056833,0.0,0.0,0.0,0.0,0.0,0.0,0.00015723764954600483,0.0008176357951015234,0.0,0.0,0.00012579011672642082,0.0004402654303703457,0.00025158023345284164,0.0005346080288290977,0.0,0.0,0.0,0.001100663561373949,0.0,0.0,0.0,0.0,0.0,0.0,0.00182395672891289,0.0,0.0,0.014843233861029148,0.0,0.0,0.0,0.0,0.0,0.002138432115316391,0.004213969223201275,0.0018554042326286435,3.1447529181605205e-05,0.0,0.008050567470490932,0.0,0.0,0.0,0.0,0.017296141013503075,0.0,0.0,0.0,0.0,0.0,0.0,0.0,0.0,0.0,0.0,0.0,0.0,0.0,0.0,0.0,0.026101449504494667,0.0,0.0021698796190321445,0.0,0.0,0.0,3.1447529181605205e-05,0.0,0.0,0.0,0.0,0.0,0.0,0.0,0.0,0.0,0.0004402654303703457,0.0,0.0,0.0,0.0,0.0,0.0,0.0,0.0,0.0,0.0,0.0,0.0,0.0006918456638231874,0.0,0.0014151388313621283,0.0,0.0,0.0,0.0,0.0016352715902030468,0.0,0.0,0.0,0.0,0.0,0.0,0.0,0.0,0.0,6.289505836321041e-05,0.0,0.0,0.0,0.0,0.0,0.0,0.0,0.0,0.0,0.0,0.0,0.0,0.0,0.0,0.0,0.0,0.0,0.0
0.037847425788640976,0.0010250344639644027,0.21604573726654053,0.018292922526597977,0.017031341791152954,0.008870490826666355,0.0,0.0,0.008200275711715221,0.011985018849372864,0.028385570272803307,0.0,0.0,0.0,0.0,0.005361719056963921,0.0,0.00756948534399271,0.004730928223580122,0.00031539524206891656,0.008200275711715221,0.0018923713359981775,0.003784742671996355,0.0,0.0018923713359981775,0.004100137855857611,0.0,0.0,0.026493199169635773,0.005677114240825176,0.0,0.004730928223580122,0.006623299792408943,0.00031539524206891656,0.0012615809682756662,0.001419278560206294,0.0,0.0,0.0,0.0,0.0,0.0012615809682756662,0.0012615809682756662,0.0,0.0,0.0,0.0,0.01513897068798542,0.0,0.0,0.0018923713359981775,0.0,0.00756948534399271,0.1986989974975586,0.0,0.0,0.0,0.03500887006521225,0.0,0.0,0.0,0.0,0.003784742671996355,0.0,0.0,0.0,0.0,0.0005125172319822013,0.025625862181186676,0.0,0.0,0.0,0.004178986884653568,0.012182140722870827,0.00902818888425827,0.0,0.0,0.02203824184834957,0.0,0.0,0.00749063678085804,0.002247191034257412,0.00027597081498242915,0.0018529469380155206,0.0,0.002326039830222726,0.0,0.0018529469380155206,0.0,0.0,0.0019317957339808345,0.0,0.0,0.001458702958188951,0.0,0.0,0.1196136400103569,0.0,0.0,3.942440525861457e-05,0.0,0.0,0.0,0.0,0.0,3.942440525861457e-05,0.00015769762103445828,0.0017346737440675497,0.0003548196400515735,0.0004730928339995444,0.0,0.0,0.0007884880760684609,0.001498127356171608,0.0,0.0,0.0,0.0018529469380155206,0.0021289177238941193,0.0,0.0,0.0,0.0,3.942440525861457e-05,0.0,0.0,0.0008673368720337749,0.0,0.0,0.0,0.0004336684360168874,0.0,0.0,0.0,0.0,0.0,0.0,0.0,0.0006702148821204901,0.0,0.0,0.001458702958188951,0.0001182732084998861,0.002838557120412588,0.0,0.0,0.0,0.0,0.0,0.0,0.0,0.0007884880760684609,0.0,0.0,0.0,0.0,0.0,0.0,0.0,0.0,0.0,0.0,0.0,0.00027597081498242915,0.0,0.0,0.0,0.0,0.0,0.0,0.0,0.00015769762103445828,0.0,0.00015769762103445828,0.0,3.942440525861457e-05,3.942440525861457e-05,0.00031539524206891656,0.0,0.0,0.0,0.0,0.00015769762103445828,0.0,0.000749063678085804,0.0,0.0,0.00015769762103445828,0.000749063678085804,0.0,0.0,0.0,0.0,0.0,0.0,3.942440525861457e-05,0.0,0.0,0.0,3.942440525861457e-05,0.0,0.0,0.0005125172319822013,0.0,0.0,0.0,0.0,0.0,0.0,3.942440525861457e-05,0.000749063678085804,0.0,0.0,0.0001182732084998861,0.00039424403803423047,7.884881051722914e-05,0.0004730928339995444,0.0,0.0,0.0,0.0010644588619470596,0.0,0.0,0.0,0.0,0.0001182732084998861,0.0,0.0018529469380155206,0.0,0.0,0.014350483193993568,0.0,0.0,0.0,0.0,0.0,0.002207766519859433,0.003942440263926983,0.0017740981420502067,7.884881051722914e-05,0.0,0.007845456711947918,0.0,0.0,0.0,0.0,0.01651882566511631,0.0,0.0,0.0,0.0,0.0,0.0,0.0,0.0,0.0,0.0,0.0,0.0,0.0,0.0,0.0,0.02582298405468464,0.0,0.0017740981420502067,0.0,0.0,0.0,0.0,0.0,0.0,0.0,3.942440525861457e-05,0.0,0.0,0.0,0.0,0.0,0.00039424403803423047,0.0,0.0,0.0,0.0,0.0,0.0,0.0,0.0,0.0,0.0,0.0,0.0,0.0006702148821204901,0.0,0.001419278560206294,0.0,0.0,0.0,0.0,0.0016952493460848927,0.0,0.0,0.0,0.0,0.0,0.0,0.0,0.0,0.0,0.0001182732084998861,0.0,0.0,0.0,0.0,0.0,0.0,0.0,0.0,0.0,0.0,0.0,0.0,0.0,0.0,0.0,0.0,0.0,0.0
0.037908703088760376,0.0010108987335115671,0.2163955122232437,0.018322540447115898,0.01705891638994217,0.007297425530850887,0.0,0.0,0.00821355264633894,0.012004422955214977,0.028431527316570282,0.0,0.0,0.0,0.0,0.005370399449020624,0.0,0.007581740617752075,0.004738587886095047,0.00031590586877427995,0.00821355264633894,0.0018954351544380188,0.0037908703088760376,0.0,0.0018954351544380188,0.00410677632316947,0.0,0.0,0.026536092162132263,0.005686305463314056,0.0,0.004738587886095047,0.006634023040533066,0.00031590586877427995,0.0012636234750971198,0.001421576365828514,0.0,0.0,0.0,0.0,0.0,0.0012636234750971198,0.0012636234750971198,0.0,0.0,0.0,0.0,0.01516348123550415,0.0,0.0,0.0018954351544380188,0.0,0.007581740617752075,0.19902069866657257,0.0,0.0,0.0,0.03506555035710335,0.0,0.0,0.0,0.0,0.0037908703088760376,0.0,0.0,0.0,0.0,0.0005054493667557836,0.02479860931634903,0.0,0.0,0.0,0.004738587886095047,0.011688516475260258,0.009066497907042503,0.0,0.0,0.022208182141184807,0.0,0.0,0.007581740617752075,0.0021797504741698503,0.0004738587886095047,0.001832253998145461,6.318117084447294e-05,0.002084978623315692,0.0,0.0016743011074140668,0.0,3.159058542223647e-05,0.002274522092193365,0.0,0.0,0.001421576365828514,0.0,0.0,0.11988627165555954,0.0,6.318117084447294e-05,3.159058542223647e-05,0.0,0.0,0.0,0.0,3.159058542223647e-05,0.0,0.0001263623416889459,0.0017690728418529034,0.00044226821046322584,0.0003474964469205588,6.318117084447294e-05,0.0,0.0009161269990727305,0.0016111198347061872,0.0,0.0,0.0,0.001832253998145461,0.0022113409359008074,0.0,9.477175626670942e-05,0.0,0.0,0.0,0.0,0.0,0.000821355264633894,0.0,0.0,0.0,0.000410677632316947,0.0,0.0,0.0,0.0,0.0,0.0,0.0,0.000600221159402281,0.0,0.0,0.001421576365828514,0.00015795293438713998,0.002811562269926071,0.0,0.0,0.0,0.0,0.0,3.159058542223647e-05,0.0,0.0009161269990727305,0.0,0.0,0.0,0.0,0.0,0.0,0.0,0.0,0.0,0.0,0.0,0.00031590586877427995,0.0,0.0,0.0,0.0,0.0,0.0,0.0,0.00015795293438713998,0.0,0.00015795293438713998,0.0,9.477175626670942e-05,9.477175626670942e-05,0.00031590586877427995,0.0,0.0,0.0,0.0,0.0003474964469205588,0.0,0.0007265834719873965,0.0,0.0,0.00015795293438713998,0.0005686305230483413,0.0,0.0,0.0,0.0,0.0,0.0,6.318117084447294e-05,0.0,0.0,0.0,0.0,0.0,0.0,0.0002527246833778918,0.0,0.0,0.0,0.0,0.0,0.0,9.477175626670942e-05,0.0005686305230483413,0.0,0.0,3.159058542223647e-05,0.0002527246833778918,0.00022113410523161292,0.00022113410523161292,0.0,0.0,0.0,0.001042489311657846,0.0,0.0,0.0,0.0,3.159058542223647e-05,0.0,0.0018006634199991822,0.0,3.159058542223647e-05,0.013741904869675636,0.0,0.0,0.0,0.0,0.0,0.0018954351544380188,0.00410677632316947,0.00186384457629174,6.318117084447294e-05,0.0,0.007581740617752075,0.0,0.0,0.0,0.0,0.016711419448256493,0.0,0.0,0.0,0.0,0.0,0.0,0.0,0.0,0.0,0.0,0.0,0.0,0.0,0.0,3.159058542223647e-05,0.025904281064867973,0.0,0.0019270257325842977,0.0,0.0,0.0,6.318117084447294e-05,0.0,0.0,0.0,3.159058542223647e-05,0.0,0.0,0.0,0.0,0.0,0.000410677632316947,0.0,0.0,0.0,0.0,0.0,0.0,0.0,0.0,0.0,0.0,0.0,0.0,0.000821355264633894,0.0,0.001421576365828514,0.0,0.0,0.0,0.0,0.0017374822637066245,0.0,0.0,0.0,0.0,0.0,0.0,0.0,0.0,0.0,0.00018954351253341883,0.0,0.0,0.0,0.0,0.0,0.0,0.0,0.0,0.0,0.0,0.0,0.0,0.0,0.0,0.0,0.0,0.0,0.0
0.03775246813893318,0.0010067325783893466,0.21550367772579193,0.018247026950120926,0.016988610848784447,0.011388661339879036,0.0,0.0,0.008179701864719391,0.01195494830608368,0.02831435203552246,0.0,0.0,0.0,0.0,0.005348266568034887,0.0,0.007550493814051151,0.004719058517366648,0.00031460390891879797,0.008179701864719391,0.0018876234535127878,0.0037752469070255756,0.0,0.0018876234535127878,0.0040898509323596954,0.0,0.0,0.026426728814840317,0.005662870593369007,0.0,0.004719058517366648,0.006606682203710079,0.00031460390891879797,0.0012584156356751919,0.0014157176483422518,0.0,0.0,0.0,0.0,0.0,0.0012584156356751919,0.0012584156356751919,0.0,0.0,0.0,0.0,0.015100987628102303,0.0,0.0,0.0018876234535127878,0.0,0.007550493814051151,0.19820046424865723,0.0,0.0,0.0,0.034921035170555115,0.0,0.0,0.0,0.0,0.0037752469070255756,0.0,0.0,0.0,0.0,0.0005033662891946733,0.026017744094133377,0.0,0.0,0.0,0.004372994415462017,0.012143710628151894,0.009092053398489952,0.0,0.0,0.021990813314914703,0.0,0.0,0.007739256136119366,0.0021707669366151094,0.00037752470234408975,0.0018561631441116333,0.0,0.0021707669366151094,0.0,0.0018561631441116333,0.0,0.0,0.0019505443051457405,0.0,0.0,0.0015415592351928353,0.0,0.0,0.12008431553840637,0.0,0.0,0.0,0.0,0.0,0.0,0.0,0.0,0.0,0.00015730195445939898,0.0015730195445939898,0.0005662870244123042,0.0007235889788717031,0.0,0.0,0.0007865097722969949,0.0015415592351928353,0.0,0.0,0.0,0.0018876234535127878,0.0021707669366151094,0.0,0.0,0.0,0.0,0.0,0.0,0.0,0.0007865097722969949,0.0,0.0,0.0,0.00044044546666555107,0.0,0.0,0.0,0.0,0.0,0.0,0.0,0.0006292078178375959,0.0,0.0,0.0015730195445939898,0.00015730195445939898,0.0028314352966845036,0.0,0.0,0.0,0.0,0.0,0.0,0.0,0.0008494305657222867,0.0,0.0,0.0,0.0,0.0,0.0,0.0,0.0,0.0,0.0,0.0,0.00031460390891879797,0.0,0.0,0.0,0.0,0.0,0.0,0.0,0.00015730195445939898,0.0,0.00015730195445939898,0.0,0.0002831435122061521,0.0002831435122061521,0.00031460390891879797,0.0,0.0,0.0,0.0,0.00034606430563144386,0.0,0.0006606682436540723,0.0,0.0,0.00015730195445939898,0.0011011137394234538,0.0,0.0,0.0,0.0,0.0,0.0,9.438117558602244e-05,0.0,0.0,0.0,0.0,0.0,0.0,0.0006606682436540723,0.0,0.0,0.0,0.0,0.0,0.0,0.00025168314459733665,0.0005662870244123042,0.0,0.0,6.292078614933416e-05,0.00025168314459733665,0.00025168314459733665,0.00022022273333277553,0.0,0.0,0.0,0.0011011137394234538,0.0,0.0,0.0,0.0,0.0,0.0,0.0018561631441116333,0.0,0.0,0.014692002907395363,0.0,0.0,0.0,0.0,0.0,0.0021707669366151094,0.004310073796659708,0.0018561631441116333,0.0,0.0,0.007770716678351164,0.0,0.0,0.0,0.0,0.016548166051506996,0.0,0.0,0.0,0.0,0.0,0.0,0.0,0.0,0.0,0.0,0.0,0.0,0.0,0.0,0.0,0.02611212432384491,0.0,0.0020763857755810022,0.0,0.0,0.0,0.0,0.0,0.0,0.0,0.0,0.0,0.0,0.0,0.0,0.0,0.00037752470234408975,0.0,0.0,0.0,0.0,0.0,0.0,0.0,0.0,0.0,0.0,0.0,0.0,0.0006606682436540723,0.0,0.0013842572225257754,0.0,0.0,0.0,0.0,0.0015730195445939898,0.0,0.0,0.0,0.0,0.0,0.0,0.0,0.0,0.0,0.00012584157229866832,0.0,0.0,0.0,0.0,0.0,0.0,0.0,0.0,0.0,0.0,0.0,0.0,0.0,0.0,0.0,0.0,0.0,0.0
0.03783698379993439,0.0010089862626045942,0.21598613262176514,0.01828787662088871,0.017026644200086594,0.009175469167530537,0.0,0.0,0.00819801352918148,0.011981711722910404,0.02837773971259594,0.0,0.0,0.0,0.0,0.005360239651054144,0.0,0.007567397318780422,0.004729622974991798,0.0003153082216158509,0.00819801352918148,0.0018918493296951056,0.003783698659390211,0.0,0.0018918493296951056,0.00409900676459074,0.0,0.0,0.02648589015007019,0.005675547756254673,0.0,0.004729622974991798,0.006621472537517548,0.0003153082216158509,0.0012612328864634037,0.0014188869390636683,0.0,0.0,0.0,0.0,0.0,0.0012612328864634037,0.0012612328864634037,0.0,0.0,0.0,0.0,0.015134794637560844,0.0,0.0,0.0018918493296951056,0.0,0.007567397318780422,0.19864417612552643,0.0,0.0,0.0,0.03499921038746834,0.0,0.0,0.0,0.0,0.003783698659390211,0.0,0.0,0.0,0.0,0.0005044931313022971,0.024467917159199715,0.0,0.0,0.0,0.004225130192935467,0.011445688083767891,0.008734037168323994,0.0,0.0,0.021567082032561302,0.0,0.0,0.007409743033349514,0.0020810342393815517,0.00037836984847672284,0.0017026643035933375,0.0,0.002175626577809453,0.0,0.0017657260177657008,0.0,3.153082070639357e-05,0.0020179725252091885,0.0,3.153082070639357e-05,0.0013558253413066268,0.0,0.0,0.11975406110286713,0.0,0.0,6.306164141278714e-05,0.0,0.0,0.0,0.0,0.0,0.0,0.00015765411080792546,0.0017341951606795192,0.0005360239883884788,0.0004414315044414252,0.0,0.0,0.0007882705540396273,0.0017657260177657008,3.153082070639357e-05,0.0,0.0,0.001860318472608924,0.0019233800703659654,0.0,0.0,0.0,0.0,0.0,0.0,0.0,0.0007882705540396273,0.0,0.0,0.0,0.0004414315044414252,0.0,0.0,0.0,0.0,0.0,0.0,0.0,0.0005990855861455202,3.153082070639357e-05,0.0,0.0013558253413066268,6.306164141278714e-05,0.0028377738781273365,0.0,0.0,0.0,3.153082070639357e-05,0.0,3.153082070639357e-05,0.0,0.0011035787174478173,0.0,0.0,0.0,0.0,0.0,0.0,0.0,0.0,0.0,0.0,0.0,0.0003153082216158509,0.0,0.0,0.0,0.0,0.0,0.0,0.0,0.00015765411080792546,0.0,0.00012612328282557428,0.0,0.00012612328282557428,0.00012612328282557428,0.0003153082216158509,0.0,0.0,0.0,0.0,0.00028377739363349974,0.0,0.000725208898074925,0.0,0.0,0.00015765411080792546,0.0007567396969534457,0.0,3.153082070639357e-05,0.0,0.0,0.0,0.0,6.306164141278714e-05,0.0,0.0,0.0,0.0,0.0,0.0,0.0003468390495982021,0.0,0.0,0.0,0.0,0.0,0.0,0.00012612328282557428,0.0006306164432317019,0.0,0.0,9.459246211918071e-05,0.0002207157522207126,0.00025224656565114856,0.00015765411080792546,0.0,0.0,0.0,0.000819801352918148,0.0,0.0,0.0,0.0,0.0,0.0,0.0017026643035933375,0.0,0.0,0.013684376142919064,0.0,0.0,0.0,0.0,0.0,0.001986441668123007,0.003815229283645749,0.0016711335629224777,3.153082070639357e-05,0.0,0.007346681319177151,0.0,3.153082070639357e-05,0.0,0.0,0.0159861259162426,0.0,0.0,0.0,0.0,0.0,0.0,0.0,0.0,0.0,0.0,0.0,0.0,0.0,0.0,0.0,0.02645435929298401,3.153082070639357e-05,0.0017657260177657008,0.0,0.0,0.0,0.0,0.0,0.0,0.0,0.0,0.0,0.0,0.0,0.0,0.0,0.000409900676459074,0.0,0.0,0.0,0.0,0.0,0.0,0.0,0.0,0.0,0.0,0.0,0.0,0.000725208898074925,0.0,0.0013873561983928084,0.0,0.0,0.0,0.0,0.0017026643035933375,3.153082070639357e-05,0.0,0.0,0.0,0.0,0.0,0.0,0.0,0.0,0.0002207157522207126,0.0,0.0,0.0,3.153082070639357e-05,0.0,0.0,0.0,0.0,0.0,0.0,0.0,0.0,0.0,0.0,0.0,0.0,0.0,0.0
0.03781552240252495,0.001008413964882493,0.21586361527442932,0.018277503550052643,0.01701698638498783,0.009737497195601463,0.0,0.0,0.008193363435566425,0.011974915862083435,0.028361642733216286,0.0,0.0,0.0,0.0,0.005357199348509312,0.0,0.0075631048530340195,0.0047269403003156185,0.00031512934947386384,0.008193363435566425,0.0018907762132585049,0.0037815524265170097,0.0,0.0018907762132585049,0.004096681717783213,0.0,0.0,0.026470866054296494,0.005672328639775515,0.0,0.0047269403003156185,0.006617716513574123,0.00031512934947386384,0.0012605173978954554,0.0014180821599438787,0.0,0.0,0.0,0.0,0.0,0.0012605173978954554,0.0012605173978954554,0.0,0.0,0.0,0.0,0.015126209706068039,0.0,0.0,0.0018907762132585049,0.0,0.0075631048530340195,0.19853149354457855,0.0,0.0,0.0,0.034979358315467834,0.0,0.0,0.0,0.0,0.0037815524265170097,0.0,0.0,0.0,0.0,0.0005042069824412465,0.02587212063372135,0.0,0.0,0.0,0.004474836867302656,0.012416096404194832,0.009107238613069057,0.0,0.0,0.022720826789736748,0.0,0.0,0.007752182427793741,0.002142879646271467,0.0003781552368309349,0.0017962373094633222,0.0,0.0021743925753980875,0.0,0.0017962373094633222,0.0,0.0,0.0018592632841318846,0.0,0.0,0.0016071597347036004,0.0,0.0,0.12044244259595871,0.0,0.0,3.151293640257791e-05,0.0,0.0,0.0,0.0,0.0,0.0,0.00015756467473693192,0.001670185592956841,0.0004726940533146262,0.0006932846154086292,0.0,0.0,0.0007878234027884901,0.0015441338764503598,0.0,0.0,0.0,0.0018277502385899425,0.0021743925753980875,0.0,0.0,0.0,0.0,0.0,0.0,0.0,0.0007878234027884901,0.0,0.0,0.0,0.00044118109508417547,0.0,0.0,0.0,0.0,0.0,0.0,0.0,0.0006302586989477277,0.0,0.0,0.001670185592956841,0.00012605174561031163,0.0028361643198877573,0.0,0.0,0.0,3.151293640257791e-05,0.0,3.151293640257791e-05,0.0,0.0007563104736618698,0.0,0.0,0.0,0.0,0.0,0.0,0.0,0.0,0.0,0.0,0.0,0.00031512934947386384,0.0,0.0,0.0,0.0,0.0,0.0,0.0,0.00015756467473693192,0.0,0.00018907761841546744,0.0,0.00018907761841546744,0.00018907761841546744,0.00031512934947386384,0.0,0.0,0.0,0.0,0.00025210349122062325,0.0,0.0006617716862820089,0.0,0.0,0.00015756467473693192,0.0008193363319151103,0.0,0.0,0.0,0.0,0.0,0.0,9.453880920773372e-05,0.0,0.0,0.0,0.0,0.0,0.0,0.00031512934947386384,0.0,0.0,0.0,0.0,0.0,0.0,0.00012605174561031163,0.0005987457698211074,0.0,0.0,6.302587280515581e-05,0.00044118109508417547,0.00018907761841546744,0.00031512934947386384,0.0,0.0,0.0,0.0010399268940091133,0.0,0.0,0.0,0.0,0.0,0.0,0.0017647243803367019,0.0,0.0,0.014779566787183285,0.0,0.0,0.0,0.0,0.0,0.002142879646271467,0.004254246596246958,0.0017016985220834613,0.0,0.0,0.008193363435566425,0.0,0.0,0.0,0.0,0.01711152493953705,0.0,0.0,0.0,0.0,0.0,0.0,0.0,0.0,0.0,0.0,0.0,0.0,0.0,0.0,0.0,0.026029685512185097,0.0,0.0021743925753980875,0.0,0.0,0.0,0.0,0.0,0.0,0.0,0.0,0.0,0.0,0.0,0.0,0.0,0.00044118109508417547,0.0,0.0,0.0,0.0,0.0,0.0,0.0,0.0,0.0,0.0,0.0,0.0,0.0006932846154086292,0.0,0.0014180821599438787,0.0,0.0,0.0,0.0,0.0016386726638302207,0.0,0.0,0.0,0.0,0.0,0.0,0.0,0.0,0.0,9.453880920773372e-05,0.0,0.0,0.0,3.151293640257791e-05,0.0,0.0,0.0,0.0,0.0,0.0,0.0,0.0,0.0,0.0,0.0,0.0,0.0,0.0
0.03782505914568901,0.0010244286386296153,0.21591804921627045,0.01828211173415184,0.01702127605676651,0.009456264786422253,0.0,0.0,0.008195429109036922,0.011977935209870338,0.028368793427944183,0.0,0.0,0.0,0.0,0.005358550231903791,0.0,0.007565011736005545,0.004728132393211126,0.0003152088320348412,0.008195429109036922,0.0018912529340013862,0.0037825058680027723,0.0,0.0018912529340013862,0.004097714554518461,0.0,0.0,0.026477541774511337,0.005673758685588837,0.0,0.004728132393211126,0.006619385443627834,0.0003152088320348412,0.0012608353281393647,0.0014184396713972092,0.0,0.0,0.0,0.0,0.0,0.0012608353281393647,0.0012608353281393647,0.0,0.0,0.0,0.0,0.01513002347201109,0.0,0.0,0.0018912529340013862,0.0,0.007565011736005545,0.19858156144618988,0.0,0.0,0.0,0.03498817980289459,0.0,0.0,0.0,0.0,0.0037825058680027723,0.0,0.0,0.0,0.0,0.0005122143193148077,0.025492513552308083,0.0,0.0,0.0,0.004334121476858854,0.012174940668046474,0.009101654402911663,0.0,0.0,0.02237982675433159,0.0,0.0,0.00788022018969059,0.0022458629682660103,0.0003546099178493023,0.0018518518190830946,3.940110400435515e-05,0.0022458629682660103,0.0,0.0017730495892465115,0.0,0.0,0.0017730495892465115,3.940110400435515e-05,0.0,0.0015760441310703754,0.0,0.0,0.12025216966867447,0.0,3.940110400435515e-05,7.88022080087103e-05,0.0,0.0,0.0,0.0,0.0,0.0,0.0001576044160174206,0.0017336485907435417,0.00043341214768588543,0.0005516154342330992,0.0,0.0,0.0008668242953717709,0.0014972419012337923,0.0,0.0,0.0,0.0018518518190830946,0.002088258508592844,0.0,0.0,0.0,0.0,0.0,0.0,0.0,0.0007880220655351877,0.0,0.0,0.0,0.00047281323350034654,0.0,0.0,0.0,0.0,0.0,0.0,0.0,0.0005910165491513908,0.0,0.0,0.0015366430161520839,0.00011820330837508664,0.0028368793427944183,0.0,0.0,0.0,0.0,0.0,0.0,0.0,0.0011032308684661984,0.0,0.0,0.0,0.0,0.0,0.0,0.0,0.0,0.0,0.0,0.0,0.0003152088320348412,0.0,0.0,0.0,0.0,0.0,0.0,0.0,0.0001576044160174206,0.0,7.88022080087103e-05,0.0,3.940110400435515e-05,3.940110400435515e-05,0.0003152088320348412,0.0,0.0,0.0,0.0,0.00023640661675017327,0.0,0.0006698187789879739,0.0,0.0,0.0001576044160174206,0.0007092198356986046,0.0,0.0,0.0,0.0,0.0,0.0,0.00011820330837508664,0.0,0.0,0.0,0.0,0.0,0.0,0.00039401103276759386,0.0,0.0,0.0,0.0,0.0,0.0,3.940110400435515e-05,0.0007880220655351877,0.0,0.0,0.00019700551638379693,0.0003152088320348412,0.00011820330837508664,0.0001576044160174206,0.0,0.0,0.0,0.0010638297535479069,0.0,0.0,0.0,0.0,7.88022080087103e-05,0.0,0.001812450704164803,0.0,0.0,0.014184396713972092,0.0,0.0,0.0,0.0,0.0,0.002009456278756261,0.004215918015688658,0.0017730495892465115,0.0,0.0,0.008116627112030983,0.0,0.0,0.0,0.0,0.01682427152991295,0.0,0.0,0.0,0.0,0.0,0.0,0.0,0.0,0.0,0.0,0.0,0.0,0.0,0.0,0.0,0.025768321007490158,0.0,0.002088258508592844,0.0,0.0,0.0,0.0,0.0,0.0,0.0,3.940110400435515e-05,0.0,0.0,0.0,0.0,0.0,0.00047281323350034654,0.0,0.0,0.0,0.0,0.0,0.0,0.0,0.0,0.0,0.0,0.0,0.0,0.0007092198356986046,0.0,0.0014184396713972092,0.0,0.0,0.0,0.0,0.0016942474758252501,0.0,0.0,0.0,0.0,0.0,0.0,0.0,0.0,0.0,0.0,0.0,0.0,0.0,0.0,0.0,0.0,0.0,0.0,0.0,0.0,0.0,0.0,0.0,0.0,0.0,0.0,0.0,0.0
0.037828635424375534,0.0010087636765092611,0.21593846380710602,0.018283840268850327,0.017022887244820595,0.00939411111176014,0.0,0.0,0.008196204900741577,0.01197906769812107,0.028371477499604225,0.0,0.0,0.0,0.0,0.005359056871384382,0.0,0.007565727457404137,0.004728579428046942,0.0003152386343572289,0.008196204900741577,0.0018914318643510342,0.0037828637287020683,0.0,0.0018914318643510342,0.004098102450370789,0.0,0.0,0.026480045169591904,0.0056742955930531025,0.0,0.004728579428046942,0.006620011292397976,0.0003152386343572289,0.0012609545374289155,0.0014185738982632756,0.0,0.0,0.0,0.0,0.0,0.0012609545374289155,0.0012609545374289155,0.0,0.0,0.0,0.0,0.015131454914808273,0.0,0.0,0.0018914318643510342,0.0,0.007565727457404137,0.19860033690929413,0.0,0.0,0.0,0.034991487860679626,0.0,0.0,0.0,0.0,0.0037828637287020683,0.0,0.0,0.0,0.0,0.0005043818382546306,0.025786520913243294,0.0,0.0,0.0,0.004287245217710733,0.012294306419789791,0.009141920134425163,0.0,0.0,0.022602610290050507,0.0,0.0,0.0077863940969109535,0.002269718097522855,0.0003152386343572289,0.0018599079921841621,6.304772978182882e-05,0.0022066703531891108,0.0,0.001796860247850418,0.0,0.0,0.0019229556201025844,0.0,0.0,0.001607717014849186,0.0,0.0,0.12023201584815979,0.0,0.0,0.0,0.0,0.0,0.0,0.0,0.0,3.152386489091441e-05,0.00015761931717861444,0.001607717014849186,0.0004098102217540145,0.0005359056522138417,0.0,0.0,0.000788096571341157,0.001576193142682314,3.152386489091441e-05,0.0,0.0,0.001796860247850418,0.0020490512251853943,0.0,0.0,0.0,0.0,0.0,0.0,0.0,0.000819620443508029,0.0,0.0,0.0,0.0004413340939208865,0.0,0.0,0.0,0.0,0.0,0.0,0.0,0.0006304772687144578,0.0,0.0,0.0015131453983485699,9.457158739678562e-05,0.0028371477965265512,0.0,0.0,0.0,0.0,0.0,3.152386489091441e-05,0.0,0.000788096571341157,0.0,0.0,0.0,0.0,0.0,0.0,0.0,0.0,0.0,0.0,0.0,0.0003152386343572289,0.0,0.0,0.0,0.0,0.0,0.0,0.0,0.00015761931717861444,0.0,0.00015761931717861444,0.0,0.00022066704696044326,0.00022066704696044326,0.0003152386343572289,0.0,0.0,0.0,0.0,0.00022066704696044326,0.0,0.0006620011408813298,0.0,0.0,0.00015761931717861444,0.0007565726991742849,0.0,0.0,0.0,0.0,0.0,0.0,3.152386489091441e-05,0.0,0.0,0.0,0.0,0.0,0.0,0.00037828634958714247,0.0,0.0,0.0,0.0,0.0,0.0,0.00022066704696044326,0.000851144315674901,0.0,0.0,9.457158739678562e-05,0.00028371476219035685,0.0002521909191273153,0.00028371476219035685,0.0,0.0,0.0,0.0010402875486761332,0.0,0.0,0.0,0.0,0.00012609545956365764,0.0,0.0018283841200172901,0.0,3.152386489091441e-05,0.014500977471470833,0.0,0.0,0.0,0.0,0.0,0.0020490512251853943,0.004129626322537661,0.001796860247850418,6.304772978182882e-05,0.0,0.00803858507424593,0.0,0.0,0.0,0.0,0.017085934057831764,0.0,0.0,0.0,0.0,0.0,0.0,0.0,0.0,0.0,0.0,0.0,0.0,0.0,0.0,0.0,0.025849567726254463,3.152386489091441e-05,0.00167076475918293,0.0,0.0,0.0,0.0,0.0,0.0,0.0,0.0,0.0,0.0,0.0,0.0,0.0,0.0004413340939208865,0.0,0.0,0.0,0.0,0.0,0.0,0.0,0.0,0.0,0.0,0.0,0.0,0.0007565726991742849,0.0,0.0013870500260964036,0.0,0.0,0.0,0.0,0.001576193142682314,0.0,0.0,0.0,0.0,0.0,0.0,0.0,0.0,0.0,0.00015761931717861444,0.0,0.0,0.0,0.0,0.0,0.0,0.0,0.0,0.0,0.0,0.0,0.0,0.0,0.0,0.0,0.0,0.0,0.0
0.03788118064403534,0.0010101647349074483,0.21623839437961578,0.01830923743546009,0.017046529799699783,0.008018182590603828,0.0,0.0,0.008207588456571102,0.011995706707239151,0.028410883620381355,0.0,0.0,0.0,0.0,0.0053665004670619965,0.0,0.00757623603567481,0.004735147580504417,0.00031567650148645043,0.008207588456571102,0.0018940590089187026,0.003788118017837405,0.0,0.0018940590089187026,0.004103794228285551,0.0,0.0,0.026516824960708618,0.005682176910340786,0.0,0.004735147580504417,0.0066292062401771545,0.00031567650148645043,0.0012627060059458017,0.0014205442275851965,0.0,0.0,0.0,0.0,0.0,0.0012627060059458017,0.0012627060059458017,0.0,0.0,0.0,0.0,0.01515247207134962,0.0,0.0,0.0018940590089187026,0.0,0.00757623603567481,0.19887618720531464,0.0,0.0,0.0,0.03504009172320366,0.0,0.0,0.0,0.0,0.003788118017837405,0.0,0.0,0.0,0.0,0.0005050823674537241,0.02594860829412937,0.0,0.0,0.0,0.004324768204241991,0.012500789016485214,0.009059915319085121,0.0,0.0,0.022823410108685493,0.0,0.0,0.007828776724636555,0.002272870857268572,0.00037881179014220834,0.0018624913645908237,0.0,0.002241303212940693,0.0,0.0018940590089187026,0.0,0.0,0.0018624913645908237,3.156764796585776e-05,3.156764796585776e-05,0.0016099500935524702,0.0,0.0,0.12096723169088364,0.0,0.0,0.0,0.0,0.0,0.0,0.0,0.0,0.0,0.00015783825074322522,0.001736220670863986,0.0004103794344700873,0.0005997853586450219,3.156764796585776e-05,0.0,0.0008207588689401746,0.0015468148048967123,0.0,0.0,0.0,0.0018940590089187026,0.002146600279957056,0.0,0.0,0.0,0.0,0.0,0.0,0.0,0.0007891912246122956,0.0,0.0,0.0,0.00044194707879796624,0.0,0.0,0.0,0.0,0.0,0.0,0.0,0.0006313530029729009,0.0,0.0,0.0014521118719130754,0.00015783825074322522,0.002841088455170393,0.0,0.0,0.0,0.0,0.0,0.0,0.0,0.0007576235802844167,0.0,0.0,0.0,0.0,0.0,0.0,0.0,0.0,0.0,0.0,0.0,0.00031567650148645043,0.0,0.0,0.0,0.0,0.0,0.0,0.0,0.00015783825074322522,0.0,0.00018940589507110417,0.0,0.00012627059186343104,0.00012627059186343104,0.00031567650148645043,0.0,0.0,0.0,0.0,0.0002525411837268621,0.0,0.0006313530029729009,0.0,0.0,0.00015783825074322522,0.0007260559359565377,0.0,0.0,0.0,0.0,0.0,0.0,0.00015783825074322522,0.0,0.0,0.0,0.0,0.0,0.0,0.0002525411837268621,0.0,0.0,0.0,0.0,0.0,0.0,0.00012627059186343104,0.0003472441458143294,0.0,0.0,3.156764796585776e-05,0.00022097353939898312,0.00012627059186343104,0.00018940589507110417,0.0,0.0,0.0,0.0009785970905795693,0.0,0.0,0.0,0.0,3.156764796585776e-05,0.0,0.0018624913645908237,0.0,0.0,0.014615821652114391,0.0,0.0,0.0,0.0,0.0,0.002146600279957056,0.004230064805597067,0.0017993560759350657,3.156764796585776e-05,0.0,0.008460129611194134,0.0,0.0,0.0,0.0,0.01723593659698963,0.0,0.0,0.0,0.0,0.0,0.0,0.0,0.0,0.0,0.0,0.0,0.0,0.0,0.0,3.156764796585776e-05,0.02623271755874157,0.0,0.0020834647584706545,0.0,0.0,0.0,0.0,0.0,0.0,0.0,0.0,0.0,0.0,0.0,0.0,0.0,0.00044194707879796624,0.0,0.0,0.0,0.0,0.0,0.0,0.0,0.0,0.0,0.0,0.0,0.0,0.0006944882916286588,0.0,0.0014205442275851965,0.0,0.0,0.0,0.0,0.001736220670863986,0.0,0.0,0.0,0.0,0.0,0.0,0.0,0.0,0.0,3.156764796585776e-05,0.0,0.0,0.0,0.0,0.0,0.0,0.0,0.0,0.0,0.0,0.0,0.0,0.0,0.0,0.0,0.0,0.0,0.0
0.03774771839380264,0.001022334094159305,0.21547655761241913,0.018244730308651924,0.01698647439479828,0.011481598019599915,0.0,0.0,0.00817867275327444,0.011953444220125675,0.028310788795351982,0.0,0.0,0.0,0.0,0.005347593687474728,0.0,0.0075495438650250435,0.00471846479922533,0.0003145643277093768,0.00817867275327444,0.0018873859662562609,0.0037747719325125217,0.0,0.0018873859662562609,0.00408933637663722,0.0,0.0,0.02642340399324894,0.005662158131599426,0.0,0.00471846479922533,0.006605850998312235,0.0003145643277093768,0.0012582573108375072,0.0014155395328998566,0.0,0.0,0.0,0.0,0.0,0.0012582573108375072,0.0012582573108375072,0.0,0.0,0.0,0.0,0.015099087730050087,0.0,0.0,0.0018873859662562609,0.0,0.0075495438650250435,0.19817551970481873,0.0,0.0,0.0,0.03491663932800293,0.0,0.0,0.0,0.0,0.0037747719325125217,0.0,0.0,0.0,0.0,0.0005111670470796525,0.026305442675948143,0.0,0.0,0.0,0.004403900820761919,0.012543252669274807,0.009201006963849068,0.0,0.0,0.0227665938436985,0.0,0.0,0.007824787870049477,0.0022019504103809595,0.0003145643277093768,0.0018087448552250862,0.0,0.0022019504103809595,0.0,0.0018087448552250862,0.0,0.0,0.0018480654107406735,0.0,0.0,0.0015335010830312967,0.0,0.0,0.12083202600479126,0.0,0.0,0.0,0.0,0.0,0.0,0.0,0.0,0.0,0.0001572821638546884,0.001454859972000122,0.0005504876025952399,0.0005504876025952399,0.0,0.0,0.000786410819273442,0.001572821638546884,0.0,0.0,0.0,0.0018873859662562609,0.002123309299349785,0.0,0.0,0.0,0.0,0.0,0.0,0.0,0.0007470902637578547,0.0,0.0,0.0,0.0004718464915640652,0.0,0.0,0.0,0.0,0.0,0.0,0.0,0.0006291286554187536,0.0,0.0,0.0016121421940624714,0.0001966027048183605,0.002831079065799713,0.0,0.0,0.0,0.0,0.0,0.0,0.0,0.0009436929831281304,0.0,0.0,0.0,0.0,0.0,0.0,0.0,0.0,0.0,0.0,0.0,0.0003145643277093768,0.0,0.0,0.0,0.0,0.0,0.0,0.0,0.0001572821638546884,0.0,7.86410819273442e-05,0.0,0.00043252596515230834,0.00043252596515230834,0.0003145643277093768,0.0,0.0,0.0,0.0,0.000393205409636721,0.0,0.0006291286554187536,0.0,0.0,0.0001572821638546884,0.0011402956442907453,0.0,3.93205409636721e-05,0.0,0.0,0.0,0.0,7.86410819273442e-05,0.0,0.0,0.0,0.0,0.0,0.0,0.0005111670470796525,0.0,0.0,0.0,0.0,0.0,0.0,0.0001572821638546884,0.000786410819273442,0.0,0.0,3.93205409636721e-05,0.0001966027048183605,0.00027524380129761994,0.00027524380129761994,0.0,0.0,0.0,0.0010616546496748924,0.0,0.0,0.0,0.0,0.0,0.0,0.0018087448552250862,0.0,0.0,0.014941805973649025,0.0,0.0,0.0,0.0,0.0,0.0021626297384500504,0.004364579916000366,0.0018480654107406735,0.0,0.0,0.00817867275327444,0.0,0.0,0.0,0.0,0.017301037907600403,0.0,0.0,0.0,0.0,0.0,0.0,0.0,0.0,0.0,0.0,0.0,0.0,0.0,0.0,0.0,0.02634476311504841,0.0,0.00204466818831861,0.0,0.0,0.0,0.0,0.0,0.0,0.0,0.0,0.0,0.0,0.0,0.0,0.0,0.0004718464915640652,0.0,0.0,0.0,0.0,0.0,0.0,0.0,0.0,0.0,0.0,0.0,0.0,0.0007470902637578547,0.0,0.0014155395328998566,0.0,0.0,0.0,0.0,0.001454859972000122,0.0,0.0,0.0,0.0,0.0,0.0,0.0,0.0,0.0,0.0001966027048183605,0.0,0.0,0.0,0.0,0.0,0.0,0.0,0.0,0.0,0.0,0.0,0.0,0.0,0.0,0.0,0.0,0.0,0.0
