window_start_ns,total_events,label,sc_mmap,sc_clock_gettime,sc_close,sc_read,sc_mprotect,sc_switch,sc_open,sc_fstat,sc_access,sc_brk,sc_rt_sigaction,sc_futex,sc_times,sc_stat,sc_lstat,sc_munmap,sc_dup,sc_arch_prctl,sc_execve,sc_gettimeofday,sc_write,sc_procexit,sc_geteuid,sc_getppid,sc_exit_group,sc_getpid,sc_epoll_ctl,sc_epoll_wait,sc_rt_sigprocmask,sc_clone,sc_setsid,sc_ioctl,sc_wait4,sc_uname,sc_statfs,sc_signaldeliver,sc_chdir,sc_sigreturn,sc_recvfrom,sc_getpeername,sc_getsockname,sc_socket,sc_connect,sc_setsockopt,sc_sendto,sc_sched_yield,sc_select,sc_pread,sc_io_getevents,sc_getcwd,sc_lseek,sc_gettid,sc_set_robust_list,sc_fcntl,sc_pwrite,sc_getdents,sc_container,sc_openat,sc_sigaltstack,sc_getrlimit,sc_fsync,sc_unlink,sc_set_tid_address,sc_sched_getaffinity,sc_setrlimit,sc_madvise,sc_exit,bg_clock_gettime_clock_gettime,bg_mmap_mmap,bg_fstat_mmap,bg_times_times,bg_access_open,bg_mmap_close,bg_mprotect_mprotect,bg_read_read,bg_open_fstat,bg_clock_gettime_futex,bg_rt_sigaction_rt_sigaction,bg_lstat_lstat,bg_futex_switch,bg_brk_brk,bg_mmap_mprotect,bg_close_access,bg_mmap_arch_prctl,bg_mprotect_munmap,bg_mprotect_mmap,bg_read_fstat,bg_mmap_access,bg_open_read,bg_access_mmap,bg_close_mmap,bg_brk_access,bg_arch_prctl_mprotect,bg_execve_brk,bg_switch_clock_gettime,bg_futex_clock_gettime,bg_close_close,bg_rt_sigaction_geteuid,bg_getpid_rt_sigaction,bg_close_munmap,bg_stat_stat,bg_getppid_stat,bg_dup_dup,bg_brk_getppid,bg_geteuid_brk,bg_munmap_getpid,bg_gettimeofday_gettimeofday,bg_exit_group_procexit,bg_switch_read,bg_read_switch,bg_rt_sigaction_read,bg_close_open,bg_mmap_read,bg_read_close,bg_ioctl_rt_sigaction,bg_uname_statfs,bg_fstat_close,bg_close_exit_group,bg_close_rt_sigprocmask,bg_statfs_stat,bg_rt_sigprocmask_execve,bg_dup_setsid,bg_stat_uname,bg_read_clone,bg_signaldeliver_sigreturn,bg_lstat_stat,bg_munmap_close,bg_stat_ioctl,bg_stat_rt_sigaction,bg_dup_close,bg_rt_sigaction_execve,bg_mmap_write,bg_stat_fstat,bg_brk_open,bg_munmap_lstat,bg_sigreturn_write,bg_procexit_signaldeliver,bg_chdir_dup,bg_close_execve,bg_munmap_brk,bg_setsid_close,bg_wait4_switch,bg_write_switch,bg_write_read,bg_switch_open,bg_switch_futex,bg_open_dup,bg_clone_wait4,bg_read_chdir,bg_switch_exit_group,bg_epoll_wait_switch,bg_switch_close,bg_clock_gettime_socket,bg_getsockname_getpeername,bg_epoll_ctl_close,bg_setsockopt_connect,bg_connect_epoll_ctl,bg_socket_setsockopt,bg_futex_futex,bg_getpeername_clock_gettime,bg_procexit_clock_gettime,bg_epoll_ctl_getsockname,bg_recvfrom_switch,bg_clock_gettime_write,bg_read_futex,bg_gettimeofday_sendto,bg_gettimeofday_recvfrom,bg_clock_gettime_gettimeofday,bg_epoll_wait_epoll_wait,bg_switch_recvfrom,bg_switch_epoll_wait,bg_clock_gettime_read,bg_recvfrom_clock_gettime,bg_switch_switch,bg_clock_gettime_epoll_ctl,bg_switch_procexit,bg_exit_group_switch,bg_close_clock_gettime,bg_futex_read,bg_clock_gettime_epoll_wait,bg_read_clock_gettime,bg_clock_gettime_sched_yield,bg_switch_brk,bg_sched_yield_clock_gettime,bg_write_close,bg_sendto_gettimeofday,bg_select_switch,bg_write_clock_gettime,bg_execve_switch,bg_close_futex,bg_switch_gettimeofday,bg_clock_gettime_stat,bg_read_epoll_ctl,bg_sendto_switch,bg_read_exit_group,bg_procexit_read,bg_switch_select,bg_epoll_ctl_switch,bg_switch_chdir,bg_clock_gettime_switch,bg_stat_clock_gettime,bg_switch_getsockname,bg_switch_mprotect,bg_switch_dup,bg_procexit_select,bg_futex_epoll_wait,bg_procexit_futex,bg_epoll_wait_clock_gettime,bg_stat_futex,bg_munmap_switch,bg_close_switch,bg_getpeername_epoll_ctl,bg_open_switch,bg_arch_prctl_switch,bg_switch_mmap,bg_procexit_switch,bg_mmap_switch,tg_times_times_times,tg_clock_gettime_clock_gettime_clock_gettime,tg_open_fstat_mmap,tg_read_read_read,tg_close_access_open,tg_mmap_close_access,tg_fstat_mmap_close,tg_fstat_mmap_mprotect,tg_mmap_mprotect_mmap,tg_read_fstat_mmap,tg_mmap_mmap_arch_prctl,tg_access_open_read,tg_mprotect_mprotect_munmap,tg_mmap_mmap_mmap,tg_lstat_lstat_lstat,tg_open_read_fstat,tg_mmap_access_open,tg_access_open_fstat,tg_access_mmap_access,tg_mprotect_mmap_mmap,tg_mmap_mmap_close,tg_close_mmap_mmap,tg_mmap_close_mmap,tg_brk_access_mmap,tg_mprotect_mprotect_mprotect,tg_mmap_arch_prctl_mprotect,tg_arch_prctl_mprotect_mprotect,tg_execve_brk_access,tg_clock_gettime_futex_switch,tg_rt_sigaction_rt_sigaction_rt_sigaction,tg_getpid_rt_sigaction_geteuid,tg_brk_brk_getppid,tg_getppid_stat_stat,tg_brk_getppid_stat,tg_rt_sigaction_geteuid_brk,tg_geteuid_brk_brk,tg_munmap_getpid_rt_sigaction,tg_mprotect_munmap_getpid,tg_clock_gettime_clock_gettime_futex,tg_futex_clock_gettime_clock_gettime,tg_futex_switch_clock_gettime,tg_switch_clock_gettime_futex,tg_clock_gettime_futex_clock_gettime,tg_gettimeofday_gettimeofday_gettimeofday,tg_rt_sigaction_rt_sigaction_read,tg_close_close_close,tg_ioctl_rt_sigaction_rt_sigaction,tg_close_close_rt_sigprocmask,tg_uname_statfs_stat,tg_fstat_mmap_read,tg_read_close_munmap,tg_close_rt_sigprocmask_execve,tg_rt_sigaction_read_clone,tg_fstat_close_open,tg_stat_uname_statfs,tg_close_munmap_close,tg_dup_dup_setsid,tg_stat_ioctl_rt_sigaction,tg_munmap_close_exit_group,tg_stat_rt_sigaction_rt_sigaction,tg_lstat_lstat_stat,tg_rt_sigaction_rt_sigaction_execve,tg_stat_stat_ioctl,tg_lstat_stat_uname,tg_dup_dup_dup,tg_open_fstat_close,tg_stat_stat_rt_sigaction,tg_fstat_mmap_write,tg_stat_fstat_mmap,tg_statfs_stat_fstat,tg_brk_brk_open,tg_close_munmap_lstat,tg_munmap_lstat_lstat,tg_brk_open_fstat,tg_mmap_read_read,tg_signaldeliver_sigreturn_write,tg_read_read_close,tg_procexit_signaldeliver_sigreturn,tg_close_open_fstat,tg_chdir_dup_dup,tg_dup_close_execve,tg_close_exit_group_procexit,tg_munmap_brk_brk,tg_mprotect_munmap_brk,tg_setsid_close_close,tg_exit_group_procexit_signaldeliver,tg_dup_setsid_close,tg_rt_sigprocmask_execve_brk,tg_open_dup_close,tg_switch_open_dup,tg_close_execve_brk,tg_switch_read_read,tg_read_clone_wait4,tg_wait4_switch_open,tg_rt_sigaction_execve_brk,tg_clone_wait4_switch,tg_read_chdir_dup,tg_read_read_chdir,tg_write_read_switch,tg_read_switch_exit_group,proc_sh,proc_df,proc_user,proc_erl_child_setup,proc_mysqld,proc_mongod,proc_container:011fdbdbf777,proc_container:95cf5d7c594f,proc_container:f8cd5974589d,proc_container:7aeb4e77cfbf
1780045262668190851,26522,0,0.0452454574406147,0.0011311364360153675,0.20021115243434906,0.021868636831641197,0.02036045491695404,0.010632682591676712,0.0,0.0,0.009803182445466518,0.014327728189527988,0.0339340940117836,0.0,0.0,0.0,0.0,0.006409773137420416,0.0,0.00904909148812294,0.0056556821800768375,0.00037704547867178917,0.009803182445466518,0.002262272872030735,0.00452454574406147,0.0,0.002262272872030735,0.004901591222733259,0.0,0.0,0.03167181834578514,0.006786818616092205,0.0,0.0056556821800768375,0.007917954586446285,0.00037704547867178917,0.0015081819146871567,0.0016967046540230513,0.0,0.0,0.0,0.0,0.0,0.0015081819146871567,0.0015081819146871567,0.0,0.0,0.0,0.0,0.01809818297624588,0.0,0.0,0.002262272872030735,0.0,0.00904909148812294,0.17419500648975372,0.0,0.0,0.0,0.03657341003417969,0.0,0.0,0.0,0.0,0.00452454574406147,0.0,0.0,0.0,0.0,0.0005655682180076838,0.030088229104876518,0.0,0.0,0.0,0.005278636701405048,0.014101500622928143,0.010821204632520676,0.0,0.0,0.02658170647919178,0.0,0.0,0.009086796082556248,0.002563909161835909,0.0004524545802269131,0.002036045538261533,3.7704547139583156e-05,0.002677022945135832,0.0,0.002111454727128148,0.0,7.540909427916631e-05,0.0022999774664640427,0.0,0.0,0.0016590000595897436,0.0,0.0,0.11081366240978241,0.0,3.7704547139583156e-05,0.0,0.0,0.0,0.0,0.0,0.0,0.0,0.00018852273933589458,0.0018852273933589458,0.0004901590873487294,0.0004901590873487294,0.0,0.0,0.0009803181746974587,0.0018475227989256382,0.0,0.0,0.0,0.0021868636831641197,0.0023753864225000143,0.0,0.0,0.0,0.0,0.0,0.0,0.0,0.0009426136966794729,0.0,0.0,0.0,0.0004901590873487294,0.0,0.0,0.0,0.0,0.0,0.0,0.0,0.0007163864211179316,0.0,0.0,0.001734409132041037,0.00011311364505672827,0.0033934093080461025,0.0,0.0,0.0,0.0,0.0,0.0,0.0,0.001357363653369248,0.0,0.0,0.0,0.0,0.0,0.0,0.0,0.0,0.0,0.0,0.0,0.00037704547867178917,0.0,0.0,0.0,0.0,0.0,0.0,0.0,0.00018852273933589458,0.0,0.0004524545802269131,0.0,0.00030163637711666524,0.0002639318408910185,0.00037704547867178917,0.0,0.0,0.0,0.0,0.0002639318408910185,0.0,0.0008672045660205185,0.0,0.0,0.00018852273933589458,0.0008295000297948718,0.0,0.0,0.0,0.0,0.0,0.0,7.540909427916631e-05,0.0,0.0,0.0,0.0,0.0,0.0,0.0007163864211179316,0.0,0.0,0.0,0.0,0.0,0.0,0.00015081818855833262,0.0007163864211179316,0.0,0.0,0.00015081818855833262,0.0004147500148974359,0.0002639318408910185,0.00018852273933589458,0.0,0.0,0.0,0.001319659175351262,0.0,0.0,0.0,0.0,7.540909427916631e-05,0.0,0.002036045538261533,0.0,0.0,0.017042456194758415,0.0,0.0,0.0,0.0,0.0,0.002413091016933322,0.004826182033866644,0.0020737501326948404,7.540909427916631e-05,0.0,0.009275319054722786,0.0,0.0,0.0,0.0,0.019832592457532883,0.0,0.0,0.0,0.0,0.0,0.0,0.0,0.0,0.0,0.0,0.0,0.0,0.0,0.0,0.0,0.02545056864619255,0.0,0.0023753864225000143,0.0,0.0,0.0,0.0,0.0,0.0,0.0,0.0,0.0,0.0,0.0,0.0,0.0,0.0004901590873487294,0.0,0.0,0.0,0.0,0.0,0.0,0.0,0.0,0.0,0.0,0.0,0.0,0.0009049091604538262,0.0,0.0016967046540230513,0.0,0.0,0.0,0.0,0.0018852273933589458,0.0,0.0,0.0,0.0,0.0,0.0,0.0,0.0,0.0,0.00015081818855833262,0.0,0.0,0.0,0.0,0.0,0.0,0.0,0.0,0.0,0.0,0.0,0.0,0.0,0.0,0.0,0.0,0.0,0.0
1780045267668190851,26445,0,0.04537719860672951,0.0011344299418851733,0.20079410076141357,0.021932313218712807,0.020419739186763763,0.007751937955617905,0.0,0.0,0.009831726551055908,0.014369445852935314,0.034032899886369705,0.0,0.0,0.0,0.0,0.006428436376154423,0.0,0.009075439535081387,0.005672149825841188,0.0003781433042604476,0.009831726551055908,0.0022688598837703466,0.004537719767540693,0.0,0.0022688598837703466,0.004915863275527954,0.0,0.0,0.031764037907123566,0.006806579884141684,0.0,0.005672149825841188,0.007941009476780891,0.0003781433042604476,0.0015125732170417905,0.001701644971035421,0.0,0.0,0.0,0.0,0.0,0.0015125732170417905,0.0015125732170417905,0.0,0.0,0.0,0.0,0.018150879070162773,0.0,0.0,0.0022688598837703466,0.0,0.009075439535081387,0.1747022122144699,0.0,0.0,0.0,0.03667990118265152,0.0,0.0,0.0,0.0,0.004537719767540693,0.0,0.0,0.0,0.0,0.0005672149709425867,0.029948949813842773,0.0,0.0,0.0,0.005445263814181089,0.014142559841275215,0.010777084156870842,0.0,0.0,0.026205331087112427,0.0,0.0,0.009075439535081387,0.0025335601530969143,0.0005294006550684571,0.0021176026202738285,0.0,0.0025713746435940266,0.0,0.0020797881297767162,0.0,0.0,0.002609188901260495,0.0,0.0,0.0018907166086137295,0.0,0.0,0.11147665232419968,0.0,3.781433042604476e-05,0.0,0.0,0.0,0.0,0.0,0.0,0.0,0.0001890716521302238,0.0019663453567773104,0.0007184722926467657,0.0006050292868167162,0.0,0.0,0.0009453583043068647,0.001928530866280198,0.0,0.0,0.0,0.0021932311356067657,0.0027226319070905447,0.0,0.0,0.0,0.0,0.0,0.0,0.0,0.0009831726783886552,0.0,0.0,0.0,0.0004915863391943276,0.0,0.0,0.0,0.0,0.0,0.0,0.0,0.0007941009826026857,0.0,0.0,0.00162601622287184,0.0001890716521302238,0.003403289942070842,0.0,0.0,0.0,0.0,0.0,7.562866085208952e-05,0.0,0.0008697296143509448,0.0,0.0,0.0,0.0,0.0,0.0,0.0,0.0,0.0,0.0,0.0,0.0003403289883863181,0.0,0.0,0.0,0.0,0.0,0.0,0.0,0.0001890716521302238,0.0,0.0001890716521302238,0.0,0.00026470032753422856,0.00026470032753422856,0.0003781433042604476,0.0,0.0,0.0,0.0,0.0001890716521302238,0.0,0.0007941009826026857,0.0,0.0,0.0001890716521302238,0.0005672149709425867,0.0,0.0,0.0,0.0,0.0,0.0,7.562866085208952e-05,0.0,0.0,0.0,3.781433042604476e-05,0.0,0.0,0.00022688598255626857,0.0,0.0,0.0,0.0,0.0,0.0,7.562866085208952e-05,0.0003025146434083581,0.0,0.0,3.781433042604476e-05,0.00015125732170417905,0.00022688598255626857,0.00015125732170417905,0.0,0.0,0.0,0.0011344299418851733,0.0,0.0,0.0,0.0,0.0,0.0,0.0021176026202738285,0.0,0.0,0.01678956300020218,0.0,0.0,0.0,0.0,0.0,0.002457931637763977,0.004991491790860891,0.002155416877940297,3.781433042604476e-05,0.0,0.00937795452773571,0.0,0.0,0.0,0.0,0.019512195140123367,0.0,0.0,0.0,0.0,0.0,0.0,0.0,0.0,0.0,0.0,0.0,0.0,0.0,0.0,0.0,0.026054074987769127,0.0,0.0023444886319339275,0.0,0.0,0.0,0.0,0.0,0.0,0.0,0.0,0.0,0.0,0.0,0.0,0.0,0.0004915863391943276,0.0,0.0,0.0,0.0,0.0,0.0,0.0,0.0,0.0,0.0,0.0,0.0,0.0009075439302250743,0.0,0.001701644971035421,0.0,0.0,0.0,0.0,0.0018907166086137295,0.0,0.0,0.0,0.0,0.0,0.0,0.0,0.0,0.0,0.0001890716521302238,0.0,0.0,0.0,0.0,0.0,0.0,0.0,0.0,0.0,0.0,0.0,0.0,0.0,0.0,0.0,0.0,0.0,0.0
1780045272668190851,26471,0,0.04533262923359871,0.0011333157308399677,0.200596883893013,0.0219107698649168,0.020399682223796844,0.008726530708372593,0.0,0.0,0.00982206966727972,0.014355332590639591,0.033999472856521606,0.0,0.0,0.0,0.0,0.006422122474759817,0.0,0.009066525846719742,0.005666578654199839,0.00037777191027998924,0.00982206966727972,0.0022666314616799355,0.004533262923359871,0.0,0.0022666314616799355,0.00491103483363986,0.0,0.0,0.03173283860087395,0.006799894385039806,0.0,0.005666578654199839,0.007933209650218487,0.00037777191027998924,0.001511087641119957,0.0016999735962599516,0.0,0.0,0.0,0.0,0.0,0.001511087641119957,0.001511087641119957,0.0,0.0,0.0,0.0,0.018133051693439484,0.0,0.0,0.0022666314616799355,0.0,0.009066525846719742,0.17453062534332275,0.0,0.0,0.0,0.036643873900175095,0.0,0.0,0.0,0.0,0.004533262923359871,0.0,0.0,0.0,0.0,0.0005666578654199839,0.03063730150461197,0.0,0.0,0.0,0.005213252268731594,0.014959767460823059,0.01072872243821621,0.0,0.0,0.02682180516421795,0.0,0.0,0.009066525846719742,0.002606626134365797,0.000415549089666456,0.002228854224085808,0.0,0.002606626134365797,0.0,0.0022666314616799355,0.0,3.777719030040316e-05,0.002228854224085808,0.0,0.0,0.0018888595513999462,0.0,0.0,0.11234936118125916,0.0,0.0,3.777719030040316e-05,0.0,0.0,0.0,0.0,0.0,0.0,0.00018888595513999462,0.0021155227441340685,0.0006044350448064506,0.0006422122241929173,0.0,0.0,0.0009444297756999731,0.0018510823138058186,0.0,0.0,0.0,0.002228854224085808,0.0025688488967716694,0.0,0.0,0.0,0.0,0.0,0.0,0.0,0.0009444297756999731,0.0,0.0,0.0,0.0005288806860335171,0.0,0.0,0.0,0.0,0.0,0.0,0.0,0.0007555438205599785,0.0,0.0,0.0020021910313516855,0.00015110876120161265,0.003399947192519903,0.0,0.0,0.0,0.0,0.0,3.777719030040316e-05,0.0,0.0006799894035793841,0.0,0.0,0.0,0.0,0.0,0.0,0.0,0.0,0.0,0.0,0.0,0.00037777191027998924,0.0,0.0,0.0,0.0,0.0,0.0,0.0,0.00018888595513999462,0.0,0.00015110876120161265,0.0,0.00015110876120161265,0.00011333156726323068,0.00037777191027998924,0.0,0.0,0.0,0.0,0.00026444034301675856,0.0,0.0007933209999464452,0.0,0.0,0.00018888595513999462,0.0007933209999464452,0.0,3.777719030040316e-05,0.0,0.0,0.0,0.0,0.00011333156726323068,0.0,0.0,0.0,0.0,0.0,0.0,0.00022666313452646136,0.0,0.0,0.0,0.0,0.0,0.0,7.555438060080633e-05,0.0004533262690529227,0.0,0.0,7.555438060080633e-05,0.00022666313452646136,0.00022666313452646136,0.0003022175224032253,0.0,0.0,0.0,0.0012088700896129012,0.0,0.0,0.0,0.0,0.0,0.0,0.0021532997488975525,0.0,0.0,0.017301952466368675,0.0,0.0,0.0,0.0,3.777719030040316e-05,0.0025688488967716694,0.004948812071233988,0.0021155227441340685,0.0,0.0,0.010048732161521912,0.0,0.0,0.0,0.0,0.02017301879823208,0.0,0.0,0.0,0.0,0.0,0.0,0.0,0.0,0.0,0.0,0.0,0.0,0.0,0.0,0.0,0.026217369362711906,0.0,0.0023799629416316748,0.0,0.0,0.0,0.0,0.0,0.0,0.0,0.0,0.0,0.0,0.0,0.0,0.0,0.0005288806860335171,0.0,0.0,0.0,0.0,0.0,0.0,0.0,0.0,0.0,0.0,0.0,0.0,0.000831098179332912,0.0,0.001662196358665824,0.0,0.0,0.0,0.0,0.002077745506539941,0.0,0.0,0.0,0.0,0.0,0.0,0.0,0.0,0.0,0.00011333156726323068,0.0,0.0,0.0,0.0,0.0,0.0,0.0,0.0,0.0,0.0,0.0,0.0,0.0,0.0,0.0,0.0,0.0,0.0
1780045277668190851,26490,0,0.045300114899873734,0.0011325028026476502,0.2004529982805252,0.02189505472779274,0.020385051146149635,0.009437523782253265,0.0,0.0,0.009815024212002754,0.014345035888254642,0.033975083380937576,0.0,0.0,0.0,0.0,0.006417516153305769,0.0,0.009060022421181202,0.005662514362484217,0.00037750095361843705,0.009815024212002754,0.0022650056052953005,0.004530011210590601,0.0,0.0022650056052953005,0.004907512106001377,0.0,0.0,0.03171008080244064,0.006795017048716545,0.0,0.005662514362484217,0.00792752020061016,0.00037750095361843705,0.0015100038144737482,0.0016987542621791363,0.0,0.0,0.0,0.0,0.0,0.0015100038144737482,0.0015100038144737482,0.0,0.0,0.0,0.0,0.018120044842362404,0.0,0.0,0.0022650056052953005,0.0,0.009060022421181202,0.17440544068813324,0.0,0.0,0.0,0.036617591977119446,0.0,0.0,0.0,0.0,0.004530011210590601,0.0,0.0,0.0,0.0,0.0005662514013238251,0.030955078080296516,0.0,0.0,0.0,0.005134013015776873,0.014949037693440914,0.01094752736389637,0.0,0.0,0.027255568653345108,0.0,0.0,0.009399773553013802,0.0025670065078884363,0.0004152510373387486,0.0021517553832381964,0.0,0.0026425065007060766,0.0,0.0022272556088864803,0.0,3.7750094634247944e-05,0.0021895053796470165,0.0,0.0,0.0020385051611810923,3.7750094634247944e-05,0.0,0.11313703656196594,0.0,7.550018926849589e-05,0.0,0.0,0.0,0.0,0.0,0.0,0.0,0.00018875047680921853,0.0020762551575899124,0.0004152510373387486,0.0006795016815885901,0.0,0.0,0.0009815024677664042,0.0019252548227086663,0.0,0.0,0.0,0.0022272556088864803,0.0026047565042972565,0.0,0.0,0.0,0.0,0.0,0.0,0.0,0.0009437523549422622,0.0,0.0,0.0,0.0005662514013238251,0.0,0.0,0.0,0.0,0.0,0.0,0.0,0.0007172517944127321,0.0,0.0,0.0019252548227086663,0.00018875047680921853,0.0033975085243582726,0.0,0.0,0.0,3.7750094634247944e-05,0.0,0.0,0.0,0.0012080030282959342,0.0,0.0,0.0,0.0,0.0,0.0,0.0,0.0,0.0,0.0,0.0,0.00033975084079429507,0.0,0.0,0.0,0.0,0.0,0.0,0.0,0.00018875047680921853,0.0,0.00022650056052953005,0.0,0.00011325028026476502,0.00011325028026476502,0.00033975084079429507,0.0,0.0,0.0,0.0,0.00026425067335367203,0.0,0.0007927519618533552,0.0,0.0,0.00018875047680921853,0.0009060022421181202,0.0,0.0,0.0,0.0,0.0,0.0,0.00011325028026476502,0.0,0.0,0.0,3.7750094634247944e-05,0.0,0.0,0.00022650056052953005,0.0,0.0,0.0,0.0,0.0,0.0,7.550018926849589e-05,0.0006417516269721091,0.0,0.0,7.550018926849589e-05,0.00037750095361843705,0.00015100037853699178,0.00033975084079429507,0.0,0.0,0.0,0.0013212532503530383,0.0,0.0,0.0,0.0,0.0,0.0,0.0021517553832381964,0.0,0.0,0.017365043982863426,0.0,0.0,0.0,0.0,0.0,0.0025292562786489725,0.005096262786537409,0.0021895053796470165,0.0,0.0,0.010154775343835354,0.0,0.0,0.0,0.0,0.020687051117420197,0.0,0.0,0.0,0.0,0.0,0.0,0.0,0.0,0.0,0.0,0.0,0.0,0.0,0.0,0.0,0.026123065501451492,0.0,0.0025670065078884363,0.0,0.0,0.0,0.0,0.0,0.0,0.0,0.0,0.0,0.0,0.0,0.0,0.0,0.0005662514013238251,0.0,0.0,0.0,0.0,0.0,0.0,0.0,0.0,0.0,0.0,0.0,0.0,0.0009060022421181202,0.0,0.0016987542621791363,0.0,0.0,0.0,0.0,0.0020385051611810923,0.0,0.0,0.0,0.0,0.0,0.0,0.0,0.0,0.0,3.7750094634247944e-05,0.0,0.0,0.0,0.0,0.0,0.0,0.0,0.0,0.0,0.0,0.0,0.0,0.0,0.0,0.0,0.0,0.0,0.0
1780045282668190851,24413,0,0.04776144027709961,0.0012288534780964255,0.19432269036769867,0.022528979927301407,0.021463973447680473,0.007987547665834427,0.0,0.0,0.01048621628433466,0.01499201264232397,0.03621021658182144,0.0,0.0,0.0,0.0,0.006717732176184654,0.0,0.009503133594989777,0.005734649486839771,0.000409617816330865,0.010076598264276981,0.0022938598413020372,0.004915413912385702,0.0,0.0022938598413020372,0.0051611848175525665,0.0,0.0,0.033670585602521896,0.0071273501962423325,0.0,0.006062343716621399,0.008192356675863266,0.000409617816330865,0.00163847126532346,0.001802318380214274,0.0,0.0,0.0,0.0,0.0,0.00163847126532346,0.00163847126532346,0.0,0.0,0.0,0.0,0.019006267189979553,0.0,0.0,0.002375783398747444,0.0,0.009503133594989777,0.16646867990493774,0.0,0.0,0.0,0.03707041218876839,0.0,0.0,0.0,0.0,0.004751566797494888,0.0,0.0,0.0,0.0,0.0006144267390482128,0.033301930874586105,0.0,0.0,0.0,0.005488879047334194,0.016179904341697693,0.011469298973679543,0.0,0.0,0.029164789244532585,0.0,0.0,0.009871789254248142,0.0027854011859744787,0.000409617816330865,0.002375783398747444,0.0,0.0027854011859744787,0.0,0.002375783398747444,0.0,0.0,0.0022938598413020372,0.0,0.0,0.002170974388718605,0.0,0.0,0.11022815853357315,0.0,8.192356472136453e-05,0.0,0.0,0.0,0.0,0.0,0.0,0.0,0.0002048089081654325,0.002089050831273198,0.00036865603760816157,0.0006553885177709162,0.0,0.0,0.0009830828057602048,0.0018432802753522992,0.0,0.0,0.0,0.0022938598413020372,0.002744439523667097,0.0,0.0,0.0,0.0,0.0,0.0,0.0,0.0009830828057602048,0.0,0.0,0.0,0.0005325031816028059,0.0,0.0,0.0,0.0,0.0,0.0,0.0,0.0007782738539390266,0.0,0.0,0.0018842420540750027,0.00016384712944272906,0.0034817515406757593,0.0,0.0,0.0,0.0,0.0,0.0,0.0,0.000901159190107137,0.0,0.0,0.0,0.0,0.0,0.0,0.0,0.0,0.0,0.0,0.0,0.00036865603760816157,0.0,0.0,0.0,0.0,0.0,0.0,0.0,0.0002048089081654325,0.0,0.0002457707014400512,0.0,0.0002048089081654325,0.0002048089081654325,0.000409617816330865,0.0,0.0,0.0,0.0,0.0002457707014400512,0.0,0.0007782738539390266,0.0,0.0,0.0002048089081654325,0.0006963502964936197,0.0,0.0,0.0,0.0,0.0,0.0,0.00016384712944272906,0.0,0.0,0.0,4.0961782360682264e-05,0.0,0.0,0.00028673248016275465,0.0,0.0,0.0,0.0,0.0,0.0,4.0961782360682264e-05,0.0003276942588854581,0.0,0.0,8.192356472136453e-05,0.0003276942588854581,0.0002457707014400512,0.0002457707014400512,0.0,0.0,0.0,0.0013927005929872394,0.0,0.0,0.0,0.0,0.0,0.0,0.002334821503609419,0.0,0.0,0.018965305760502815,0.0,0.0,0.0,0.0,0.0,0.002744439523667097,0.005488879047334194,0.002252897946164012,0.0,0.0,0.010977758094668388,0.0,0.0,0.0,0.0,0.02211936190724373,0.0,0.0,0.0,0.0,0.0,0.0,0.0,0.0,0.0,0.0,0.0,0.0,0.0,0.0,0.0,0.026133617386221886,0.0,0.002744439523667097,0.0,0.0,0.0,0.0,0.0,0.0,0.0,0.0,0.0,0.0,0.0,0.0,0.0,0.0005325031816028059,0.0,0.0,0.0,0.0,0.0,0.0,0.0,0.0,0.0,0.0,0.0,0.0,0.0009421210270375013,0.0,0.0016794330440461636,0.0,0.0,0.0,0.0,0.002089050831273198,0.0,0.0,0.0,0.0,0.0,0.0,0.0,0.0,0.0,0.0,0.0,0.0,0.0,0.0,0.0,0.0,0.0,0.0,0.0,0.0,0.0,0.0,0.0,0.0,0.0,0.0,0.0,0.0
1780045287668190851,23259,0,0.04273614659905434,0.0010318586137145758,0.20697364211082458,0.021239090710878372,0.01926136203110218,0.010533557273447514,0.0,0.0,0.00911475159227848,0.013672126457095146,0.031643666326999664,0.0,0.0,0.0,0.0,0.006105163600295782,0.0,0.00859882216900587,0.005589234177023172,0.00034395288093946874,0.009544692002236843,0.0022356936242431402,0.004127434454858303,0.0,0.0022356936242431402,0.004643363878130913,0.0,0.0,0.029665935784578323,0.0064491163939237595,0.0,0.005245281383395195,0.007652951404452324,0.00034395288093946874,0.001375811523757875,0.0015907820779830217,0.0,0.0,0.0,0.0,0.0,0.001375811523757875,0.001375811523757875,0.0,0.0,0.0,0.0,0.01719764433801174,0.0,0.0,0.0021497055422514677,0.0,0.00859882216900587,0.1828109622001648,0.0,0.0,0.0,0.03615804761648178,0.0,0.0,0.0,0.0,0.004299411084502935,0.0,0.0,0.0,0.0,0.0005159293068572879,0.02846210077404976,0.0,0.0,0.0,0.004944322630763054,0.013500150293111801,0.010533557273447514,0.0,0.0,0.024936582893133163,0.0,0.0,0.008770798332989216,0.002493658335879445,0.0003869469801429659,0.001977729145437479,0.0,0.002493658335879445,0.0,0.0021497055422514677,0.0,8.598822023486719e-05,0.0021497055422514677,0.0,0.0,0.001633776118978858,0.0,0.0,0.11561115831136703,0.0,8.598822023486719e-05,0.0,0.0,0.0,0.0,0.0,0.0,0.0,0.00012898232671432197,0.001977729145437479,0.0006879057618789375,0.0005159293068572879,0.0,0.0,0.0009028763161040843,0.001977729145437479,0.0,0.0,0.0,0.0022356936242431402,0.002450664294883609,0.0,0.0,0.0,0.0,4.299411011743359e-05,0.0,0.0,0.0009458704153075814,0.0,0.0,0.0,0.0004729352076537907,0.0,0.0,0.0,0.0,0.0,0.0,0.0,0.0007308998610824347,0.0,0.0,0.0018487466732040048,0.00030095878173597157,0.003310546511784196,0.0,0.0,0.0,0.0,0.0,0.0,0.0,0.0011608409695327282,0.0,0.0,0.0,0.0,0.0,0.0,0.0,0.0,0.0,0.0,0.0,0.00030095878173597157,0.0,0.0,0.0,0.0,0.0,0.0,0.0,0.00017197644046973437,0.0,0.00012898232671432197,0.0,0.00021497055422514677,0.00021497055422514677,0.00034395288093946874,0.0,0.0,0.0,0.0,0.00030095878173597157,0.0,0.0007308998610824347,0.0,0.0,0.00017197644046973437,0.0009458704153075814,0.0,0.0,0.0,0.0,0.0,0.0,0.00012898232671432197,0.0,0.0,0.0,4.299411011743359e-05,0.0,0.0,0.00034395288093946874,0.0,0.0,0.0,0.0,0.0,0.0,8.598822023486719e-05,0.0005159293068572879,0.0,0.0,4.299411011743359e-05,0.00030095878173597157,0.00034395288093946874,0.00034395288093946874,0.0,0.0,0.0,0.0012038351269438863,0.0,0.0,0.0,0.0,4.299411011743359e-05,0.0,0.001977729145437479,0.0,0.0,0.01590782031416893,0.0,0.0,0.0,0.0,0.0,0.0023216819390654564,0.0046003698371350765,0.001934734988026321,0.0,0.0,0.008856786414980888,0.0,0.0,0.0,0.0,0.018831420689821243,0.0,0.0,0.0,0.0,0.0,0.0,0.0,0.0,0.0,0.0,0.0,0.0,0.0,0.0,0.0,0.026226406916975975,0.0,0.0023646759800612926,0.0,0.0,0.0,0.0,0.0,0.0,0.0,0.0,0.0,0.0,0.0,0.0,0.0,0.0004729352076537907,0.0,0.0,0.0,0.0,0.0,0.0,0.0,0.0,0.0,0.0,0.0,0.0,0.000816888059489429,0.0,0.0017197644338011742,0.0,0.0,0.0,0.0,0.001977729145437479,0.0,0.0,0.0,0.0,0.0,0.0,0.0,0.0,0.0,0.00012898232671432197,0.0,0.0,0.0,0.0,0.0,0.0,0.0,0.0,0.0,0.0,0.0,0.0,0.0,0.0,0.0,0.0,0.0,0.0
1780045292668190851,26474,0,0.04532749205827713,0.0011331873247399926,0.2005741447210312,0.021908286958932877,0.02039737068116665,0.00883886031806469,0.0,0.0,0.009820956736803055,0.014353705570101738,0.0339956171810627,0.0,0.0,0.0,0.0,0.006421394646167755,0.0,0.009065498597919941,0.005665936507284641,0.0003777290985453874,0.009820956736803055,0.0022663746494799852,0.0045327492989599705,0.0,0.0022663746494799852,0.004910478368401527,0.0,0.0,0.03172924369573593,0.006799123715609312,0.0,0.005665936507284641,0.007932310923933983,0.0003777290985453874,0.0015109163941815495,0.001699780928902328,0.0,0.0,0.0,0.0,0.0,0.0015109163941815495,0.0015109163941815495,0.0,0.0,0.0,0.0,0.018130997195839882,0.0,0.0,0.0022663746494799852,0.0,0.009065498597919941,0.17451083660125732,0.0,0.0,0.0,0.03663972020149231,0.0,0.0,0.0,0.0,0.0045327492989599705,0.0,0.0,0.0,0.0,0.0005665936623699963,0.02908514067530632,0.0,0.0,0.0,0.0052504343912005424,0.013711566105484962,0.010689733549952507,0.0,0.0,0.026516582816839218,0.0,0.0,0.008876633830368519,0.002644103718921542,0.0005288207321427763,0.002039737068116665,0.0,0.0026063306722790003,0.0,0.002190828789025545,0.0,0.0002266374503960833,0.0024552391842007637,7.554581679869443e-05,3.7772908399347216e-05,0.001624235068447888,0.0,0.0,0.11109012365341187,3.7772908399347216e-05,3.7772908399347216e-05,0.00011331872519804165,0.0,0.0,0.0,0.0,0.0,0.0,0.0001888645492726937,0.0018508725333958864,0.0003399561974219978,0.000415501999668777,0.0,0.0,0.0010954143945127726,0.0018508725333958864,0.0,0.0,0.0,0.002190828789025545,0.0023419202771037817,0.0,0.0,0.0,0.0,0.0,0.0,0.0,0.0009443227318115532,0.0,0.0,0.0,0.0005288207321427763,0.0,0.0,0.0,0.0,0.0,0.0,0.0,0.0007176852668635547,0.0,0.0,0.0018508725333958864,3.7772908399347216e-05,0.003399561857804656,0.0,0.0,0.0,3.7772908399347216e-05,0.0,0.0,0.0,0.0007554581970907748,0.0,0.0,0.0,0.0,0.0,0.0,0.0,0.0,0.0,0.0,0.0,0.0003777290985453874,0.0,0.0,0.0,0.0,0.0,0.0,0.0,0.0001888645492726937,0.0,0.00011331872519804165,0.0,0.0003399561974219978,0.0003399561974219978,0.0003777290985453874,0.0,0.0,0.0,0.0,0.0003399561974219978,0.0,0.0009065498015843332,0.0,0.0,0.0001888645492726937,0.0007176852668635547,0.0,0.0,0.0,0.0,0.0,0.0,7.554581679869443e-05,0.0,0.0,0.0,0.0,0.0,0.0,0.0003399561974219978,0.0,0.0,0.0,0.0,0.0,0.0,3.7772908399347216e-05,0.0003399561974219978,0.0,0.0,3.7772908399347216e-05,0.00015109163359738886,0.0002644103660713881,0.0001888645492726937,0.0,0.0,0.0,0.0011709601385518909,0.0,0.0,0.0,0.0,0.0001888645492726937,0.0,0.0019264183938503265,0.0,0.0,0.01597794145345688,0.0,0.0,0.0,0.0,0.00011331872519804165,0.0023796933237463236,0.004683840554207563,0.0019264183938503265,0.00015109163359738886,0.0,0.008914406411349773,0.0,3.7772908399347216e-05,3.7772908399347216e-05,0.0,0.01998186856508255,0.0,0.0,0.0,0.0,0.0,0.0,0.0,0.0,0.0,0.0,0.0,0.0,0.0,0.0,0.0,0.02568557858467102,0.0,0.0020019642543047667,0.0,0.0,0.0,0.0,0.0,0.0,0.0,0.0,0.0,0.0,0.0,0.0,0.0,0.0005288207321427763,0.0,0.0,0.0,0.0,0.0,0.0,0.0,0.0,0.0,0.0,0.0,0.0,0.0009065498015843332,0.0,0.001662007998675108,0.0,0.0,0.0,0.0,0.0018508725333958864,0.0,0.0,0.0,0.0,0.0,0.0,0.0,0.0,0.0,0.00015109163359738886,0.0,0.0,0.0,3.7772908399347216e-05,0.0,0.0,0.0,0.0,0.0,0.0,0.0,0.0,0.0,0.0,0.0,0.0,0.0,0.0
1780045297668190851,26513,0,0.04526081681251526,0.0011315203737467527,0.200279101729393,0.021876061335206032,0.020367367193102837,0.0102968355640769,0.0,0.0,0.00980651006102562,0.01433259155601263,0.033945612609386444,0.0,0.0,0.0,0.0,0.006411948706954718,0.0,0.009052162989974022,0.005657602101564407,0.00037717344821430743,0.00980651006102562,0.0022630407474935055,0.004526081494987011,0.0,0.0022630407474935055,0.00490325503051281,0.0,0.0,0.0316825695335865,0.0067891222424805164,0.0,0.005657602101564407,0.007920642383396626,0.00037717344821430743,0.0015086937928572297,0.0016972805606201291,0.0,0.0,0.0,0.0,0.0,0.0015086937928572297,0.0015086937928572297,0.0,0.0,0.0,0.0,0.018104325979948044,0.0,0.0,0.0022630407474935055,0.0,0.009052162989974022,0.1742541342973709,0.0,0.0,0.0,0.03658582642674446,0.0,0.0,0.0,0.0,0.004526081494987011,0.0,0.0,0.0,0.0,0.0005657601868733764,0.03145626559853554,0.0,0.0,0.0,0.005242710933089256,0.015237808227539062,0.011088899336755276,0.0,0.0,0.027307359501719475,0.0,0.0,0.00942933652549982,0.0026402142830193043,0.00037717344821430743,0.0022630407474935055,0.0,0.0026402142830193043,0.0,0.002187606180086732,0.0,0.0,0.002187606180086732,0.0,0.0,0.001961302012205124,0.0,0.0,0.11311431974172592,0.0,0.0,0.0,0.0,0.0,0.0,0.0,0.0,0.0,0.00018858672410715371,0.0020367365796118975,0.0005280428449623287,0.0006789122126065195,0.0,0.0,0.0009429336641915143,0.0018858673283830285,0.0,0.0,0.0,0.002225323347374797,0.0026024968829005957,0.0,0.0,0.0,0.0,0.0,0.0,0.0,0.0009052163222804666,0.0,0.0,0.0,0.0005657601868733764,0.0,0.0,0.0,0.0,0.0,0.0,0.0,0.0007543468964286149,0.0,0.0,0.00184814992826432,0.00018858672410715371,0.0033945611212402582,0.0,0.0,0.0,0.0,0.0,0.0,0.0,0.0008674989803694189,0.0,0.0,0.0,0.0,0.0,0.0,0.0,0.0,0.0,0.0,0.0,0.00037717344821430743,0.0,0.0,0.0,0.0,0.0,0.0,0.0,0.00018858672410715371,0.0,0.00026402142248116434,0.0,0.00022630408057011664,0.00018858672410715371,0.00037717344821430743,0.0,0.0,0.0,0.0,0.00030173876439221203,0.0,0.0007543468964286149,0.0,0.0,0.00018858672410715371,0.0008674989803694189,0.0,0.0,0.0,0.0,0.0,0.0,0.00015086938219610602,0.0,0.0,0.0,0.0,0.0,0.0,0.00030173876439221203,0.0,0.0,0.0,0.0,0.0,0.0,0.00022630408057011664,0.0007166295545175672,0.0,0.0,0.00011315204028505832,0.0004148908192291856,0.00026402142248116434,0.00033945610630325973,0.0,0.0,0.0,0.0013201071415096521,0.0,0.0,0.0,0.0,0.0,0.0,0.0022630407474935055,0.0,0.0,0.017840305343270302,0.0,0.0,0.0,0.0,0.0,0.0026024968829005957,0.005242710933089256,0.002187606180086732,0.0,0.0,0.010108248330652714,0.0,0.0,0.0,0.0,0.020669106394052505,0.0,0.0,0.0,0.0,0.0,0.0,0.0,0.0,0.0,0.0,0.0,0.0,0.0,0.0,0.0,0.026175837963819504,0.0,0.0024893449153751135,0.0,0.0,0.0,0.0,0.0,0.0,0.0,0.0,0.0,0.0,0.0,0.0,0.0,0.0005657601868733764,0.0,0.0,0.0,0.0,0.0,0.0,0.0,0.0,0.0,0.0,0.0,0.0,0.0009429336641915143,0.0,0.0016972805606201291,0.0,0.0,0.0,0.0,0.0020367365796118975,0.0,0.0,0.0,0.0,0.0,0.0,0.0,0.0,0.0,0.00011315204028505832,0.0,0.0,0.0,0.0,0.0,0.0,0.0,0.0,0.0,0.0,0.0,0.0,0.0,0.0,0.0,0.0,0.0,0.0
1780045302668190851,26586,0,0.04513653740286827,0.0011284134816378355,0.19972917437553406,0.021815992891788483,0.020311441272497177,0.013014368712902069,0.0,0.0,0.009779583662748337,0.014293236657977104,0.03385240212082863,0.0,0.0,0.0,0.0,0.006394342985004187,0.0,0.009027307853102684,0.005642067175358534,0.000376137817511335,0.009779583662748337,0.002256826963275671,0.004513653926551342,0.0,0.002256826963275671,0.004889791831374168,0.0,0.0,0.03159557655453682,0.006770480889827013,0.0,0.005642067175358534,0.007898894138634205,0.000376137817511335,0.00150455127004534,0.0016926202224567533,0.0,0.0,0.0,0.0,0.0,0.00150455127004534,0.00150455127004534,0.0,0.0,0.0,0.0,0.018054615706205368,0.0,0.0,0.002256826963275671,0.0,0.009027307853102684,0.17377567291259766,0.0,0.0,0.0,0.03648536652326584,0.0,0.0,0.0,0.0,0.004513653926551342,0.0,0.0,0.0,0.0,0.0005642067408189178,0.0313698947429657,0.0,0.0,0.0,0.005115474108606577,0.015007899142801762,0.010945610702037811,0.0,0.0,0.027232378721237183,0.0,0.0,0.00936583150178194,0.002595350844785571,0.000376137817511335,0.002256826963275671,0.0,0.0026329646352678537,0.0,0.0022192131727933884,0.0,0.0,0.0021815993823111057,0.0,0.0,0.00195591663941741,0.0,0.0,0.11280373483896255,0.0,0.0,0.0,0.0,0.0,0.0,0.0,0.0,0.0,0.0001880689087556675,0.0019935304298996925,0.0006018205313012004,0.0009027307387441397,0.0,0.0,0.0009403445292264223,0.0018806890584528446,0.0,0.0,0.0,0.002256826963275671,0.002595350844785571,0.0,0.0,0.0,0.0,0.0,0.0,0.0,0.0009403445292264223,0.0,0.0,0.0,0.0005642067408189178,0.0,0.0,0.0,0.0,0.0,0.0,0.0,0.00075227563502267,0.0,0.0,0.002068758010864258,0.00026329647516831756,0.0033100128639489412,0.0,0.0,0.0,0.0,0.0,0.0,0.0,0.0011660272721201181,0.0,0.0,0.0,0.0,0.0,0.0,0.0,0.0,0.0,0.0,0.0,0.000376137817511335,0.0,0.0,0.0,0.0,0.0,0.0,0.0,0.0001880689087556675,0.0,0.00026329647516831756,0.0,0.00022568268468603492,0.00022568268468603492,0.000376137817511335,0.0,0.0,0.0,0.0,0.0003385240270290524,0.0,0.00075227563502267,0.0,0.0,0.0001880689087556675,0.0014293236890807748,0.0,3.7613783206325024e-05,0.0,0.0,0.0,0.0,0.0001880689087556675,0.0,0.0,0.0,0.0,0.0,0.0,0.00075227563502267,0.0,0.0,0.0,0.0,0.0,0.0,0.0001880689087556675,0.000865117006469518,0.0,0.0,0.00026329647516831756,0.0005265929503366351,0.00022568268468603492,0.00045136536937206984,0.0,0.0,0.0,0.0012788685271516442,0.0,0.0,0.0,0.0,0.0,0.0,0.0022192131727933884,0.0,0.0,0.017753705382347107,0.0,0.0,0.0,0.0,0.0,0.0025577370543032885,0.005115474108606577,0.002143985591828823,0.0,0.0,0.009892424568533897,0.0,0.0,0.0,0.0,0.020612351596355438,0.0,0.0,0.0,0.0,0.0,0.0,0.0,0.0,0.0,0.0,0.0,0.0,0.0,0.0,0.0,0.025953508913517,0.0,0.002595350844785571,0.0,0.0,0.0,0.0,0.0,0.0,0.0,0.0,0.0,0.0,0.0,0.0,0.0,0.0005642067408189178,0.0,0.0,0.0,0.0,0.0,0.0,0.0,0.0,0.0,0.0,0.0,0.0,0.0009027307387441397,0.0,0.0016926202224567533,0.0,0.0,0.0,0.0,0.0019935304298996925,0.0,0.0,0.0,0.0,0.0,0.0,0.0,0.0,0.0,0.0001504551328253001,0.0,0.0,0.0,0.0,0.0,0.0,0.0,0.0,0.0,0.0,0.0,0.0,0.0,0.0,0.0,0.0,0.0,0.0
1780045307668190851,22722,0,0.04753102734684944,0.001320306328125298,0.19206055998802185,0.02323739044368267,0.021388962864875793,0.014523369260132313,0.0,0.0,0.009770266711711884,0.014963471330702305,0.036880556493997574,0.0,0.0,0.0,0.0,0.006777572445571423,0.0,0.009506205096840858,0.0058973683044314384,0.0003520816972013563,0.010738491080701351,0.0024205616209656,0.004224980250000954,0.0,0.0024205616209656,0.005193204618990421,0.0,0.0,0.034680046141147614,0.007261684630066156,0.0,0.00624944968149066,0.008626000955700874,0.0003520816972013563,0.0015843675937503576,0.0018924390897154808,0.0,0.0,0.0,0.0,0.0,0.00176040839869529,0.00176040839869529,0.0,0.0,0.0,0.0,0.019012410193681717,0.0,0.0,0.002552592195570469,0.0,0.009594226256012917,0.16301381587982178,0.0,0.0,0.0,0.036880556493997574,0.0,0.0,0.0,0.0,0.004753102548420429,0.0,0.0,0.0,0.0,0.000660153164062649,0.03309567645192146,0.0,0.0,0.0,0.005457266233861446,0.015667634084820747,0.011618695221841335,0.0,0.0,0.029662881046533585,0.0,0.0,0.009858286939561367,0.002772643230855465,0.0003960918984375894,0.0023765512742102146,0.0,0.002772643230855465,0.0,0.0023765512742102146,0.0,0.0,0.002332541160285473,0.0,0.0,0.0018924390897154808,0.0,0.0,0.1087932363152504,0.0,0.0,0.0,0.0,0.0,0.0,0.0,0.0,0.0,0.00017604084860067815,0.001980459550395608,0.0007481735665351152,0.0009682246018201113,0.0,0.0,0.0009682246018201113,0.0019364492036402225,0.0,0.0,0.0,0.0023765512742102146,0.0025966023094952106,0.0,0.0,0.0,0.0,0.0,0.0,0.0,0.0010122348321601748,0.0,0.0,0.0,0.0005721327615901828,0.0,0.0,0.0,0.0,0.0,0.0,0.0,0.0007921837968751788,0.0,0.0,0.0022445206996053457,0.00022005104983691126,0.0036968577187508345,0.0,0.0,0.0,8.802042430033907e-05,0.0,4.4010212150169536e-05,0.0,0.0009242144296877086,0.0,0.0,0.0,0.0,0.0,0.0,0.0,0.0,0.0,0.0,0.0,0.0003960918984375894,0.0,0.0,0.0,0.0,0.0,0.0,0.0,0.00022005104983691126,0.0,0.00022005104983691126,0.0,0.0004401020996738225,0.0004401020996738225,0.0004401020996738225,0.0,0.0,0.0,0.0,0.0005281225312501192,0.0,0.0008361939690075815,0.0,0.0,0.00022005104983691126,0.001672387938015163,0.0,0.0,0.0,0.0,0.0,0.0,8.802042430033907e-05,0.0,0.0,0.0,4.4010212150169536e-05,0.0,0.0,0.0009682246018201113,0.0,0.0,0.0,0.0,0.0,0.0,4.4010212150169536e-05,0.000880204199347645,0.0,0.0,0.00017604084860067815,0.0003520816972013563,0.0003080714668612927,0.0003080714668612927,0.0,0.0,0.0,0.001320306328125298,0.0,0.0,0.0,0.0,0.0,0.0,0.0023765512742102146,0.0,0.0,0.018704339861869812,0.0,0.0,0.0,0.0,0.0,0.002772643230855465,0.005413255654275417,0.002332541160285473,0.0,0.0,0.010034328326582909,0.0,0.0,0.0,0.0,0.022445207461714745,0.0,0.0,0.0,0.0,0.0,0.0,0.0,0.0,0.0,0.0,0.0,0.0,0.0,0.0,0.0,0.02552592195570469,0.0,0.0025966023094952106,0.0,0.0,0.0,0.0,0.0,0.0,0.0,0.0,0.0,0.0,0.0,0.0,0.0,0.0005721327615901828,0.0,0.0,0.0,0.0,0.0,0.0,0.0,0.0,0.0,0.0,0.0,0.0,0.0007481735665351152,0.0,0.00176040839869529,0.0,0.0,0.0,0.0,0.0019364492036402225,0.0,0.0,0.0,0.0,0.0,0.0,0.0,0.0,0.0,0.00017604084860067815,0.0,0.0,0.0,8.802042430033907e-05,0.0,0.0,0.0,0.0,0.0,0.0,0.0,0.0,0.0,0.0,0.0,0.0,0.0,0.0
1780045312668190851,25172,0,0.0429048165678978,0.0009534403216093779,0.20634037256240845,0.020498966798186302,0.01930716633796692,0.013189258053898811,0.0,0.0,0.009772763587534428,0.013665977865457535,0.03106626495718956,0.0,0.0,0.0,0.0,0.006038455292582512,0.0,0.008580963127315044,0.005402828566730022,0.0003972667909692973,0.008898776024580002,0.0021055140532553196,0.004767201840877533,0.0,0.0021055140532553196,0.004608294926583767,0.0,0.0,0.02876211702823639,0.006316542159765959,0.0,0.005085015203803778,0.007230255752801895,0.0003972667909692973,0.0014301604824140668,0.001509613823145628,0.0,0.0,0.0,0.0,0.0,0.0012712538009509444,0.0012712538009509444,0.0,0.0,0.0,0.0,0.01716192625463009,0.0,0.0,0.0019863341003656387,0.0,0.008501509204506874,0.18321944773197174,0.0,0.0,0.0,0.03607182577252388,0.0,0.0,0.0,0.0,0.004290481563657522,0.0,0.0,0.0,0.0,0.00047672016080468893,0.02896074950695038,0.0,0.0,0.0,0.004965835250914097,0.013745431788265705,0.010289209894835949,0.0,0.0,0.02463054098188877,0.0,0.0,0.008779596537351608,0.002463054144755006,0.0003575401206035167,0.002065787324681878,0.0,0.002463054144755006,0.0,0.002065787324681878,0.0,0.0,0.0021849675104022026,0.0,0.0,0.0017082472331821918,0.0,0.0,0.11560463905334473,0.0,0.0,0.0,0.0,0.0,0.0,0.0,0.0,0.0,0.00019863339548464864,0.0019068806432187557,0.0005561735015362501,0.0006753535708412528,0.0,0.0,0.0008739869808778167,0.0018274273024871945,0.0,0.0,0.0,0.0021055140532553196,0.0023041474632918835,0.0,0.0,0.0,0.0,0.0,0.0,0.0,0.0008739869808778167,0.0,0.0,0.0,0.0005164468311704695,0.0,0.0,0.0,0.0,0.0,0.0,0.0,0.0007150802412070334,0.0,0.0,0.001787700573913753,0.00027808675076812506,0.003098681103438139,0.0,0.0,0.0,0.0,0.0,0.0,0.0,0.0014698872109875083,0.0,0.0,0.0,0.0,0.0,0.0,0.0,0.0,0.0,0.0,0.0,0.00027808675076812506,0.0,0.0,0.0,0.0,0.0,0.0,0.0,0.00015890672511886805,0.0,0.0005561735015362501,0.0,0.00019863339548464864,0.00019863339548464864,0.0003178134502377361,0.0,0.0,0.0,0.0,0.00043699349043890834,0.0,0.0006753535708412528,0.0,0.0,0.00015890672511886805,0.0012712538009509444,0.0,0.0,0.0,0.0,0.0,0.0,0.00015890672511886805,0.0,0.0,0.0,3.972668127971701e-05,0.0,0.0,0.0007150802412070334,0.0,0.0,0.0,0.0,0.0,0.0,7.945336255943403e-05,0.0007945335819385946,0.0,0.0,0.00011918004020117223,0.00043699349043890834,0.00023836008040234447,0.0003575401206035167,0.0,0.0,0.0,0.001231527072377503,0.0,0.0,0.0,0.0,0.0,0.0,0.0020260605961084366,0.0,0.0,0.016287939622998238,0.0,0.0,0.0,0.0,0.0,0.002343874191865325,0.004727474879473448,0.0019863341003656387,3.972668127971701e-05,0.0,0.008938503451645374,0.0,0.0,0.0,0.0,0.018433179706335068,0.0,0.0,0.0,0.0,0.0,0.0,0.0,0.0,0.0,0.0,0.0,0.0,0.0,0.0,0.0,0.026140155270695686,0.0,0.0023041474632918835,0.0,0.0,0.0,0.0,0.0,0.0,0.0,0.0,0.0,0.0,0.0,0.0,0.0,0.0005164468311704695,0.0,0.0,0.0,0.0,0.0,0.0,0.0,0.0,0.0,0.0,0.0,0.0,0.0008739869808778167,0.0,0.0016287938924506307,0.0,0.0,0.0,0.0,0.0019068806432187557,0.0,0.0,0.0,0.0,0.0,0.0,0.0,0.0,0.0,7.945336255943403e-05,0.0,0.0,0.0,0.0,0.0,0.0,0.0,0.0,0.0,0.0,0.0,0.0,0.0,0.0,0.0,0.0,0.0,0.0
1780045317668190851,26452,0,0.045365188270807266,0.0011341297067701817,0.2007409632205963,0.021926509216427803,0.020414335653185844,0.008014516904950142,0.0,0.0,0.009829124435782433,0.01436564326286316,0.034023892134428024,0.0,0.0,0.0,0.0,0.006426735315471888,0.0,0.009073037654161453,0.005670648533850908,0.00037804324529133737,0.009829124435782433,0.0022682594135403633,0.004536518827080727,0.0,0.0022682594135403633,0.004914562217891216,0.0,0.0,0.031755633652210236,0.00680477824062109,0.0,0.005670648533850908,0.007938908413052559,0.00037804324529133737,0.0015121729811653495,0.0017011945601552725,0.0,0.0,0.0,0.0,0.0,0.0015121729811653495,0.0015121729811653495,0.0,0.0,0.0,0.0,0.018146075308322906,0.0,0.0,0.0022682594135403633,0.0,0.009073037654161453,0.1746559739112854,0.0,0.0,0.0,0.036670196801424026,0.0,0.0,0.0,0.0,0.004536518827080727,0.0,0.0,0.0,0.0,0.0005670648533850908,0.028202027082443237,0.0,0.0,0.0,0.005216996651142836,0.01360955648124218,0.010585211217403412,0.0,0.0,0.026538636535406113,0.0,0.0,0.008846212178468704,0.002646302804350853,0.000680477824062109,0.0021170421969145536,7.560865196865052e-05,0.0024950853548943996,0.0,0.0021170421969145536,0.0,0.0002646302746143192,0.0023060638923197985,0.0,3.780432598432526e-05,0.0015877815894782543,0.0,0.0,0.11027521640062332,0.0,0.0,7.560865196865052e-05,0.0,0.0,0.0,0.0,0.0,0.0,0.00011341297795297578,0.0020036292262375355,0.0005292605492286384,0.0006426735199056566,0.0,0.0,0.000982912490144372,0.0019280206179246306,0.0,0.0,0.0,0.0021170421969145536,0.0024194768629968166,0.0,0.0,0.0,0.0,0.0,0.0,0.0,0.0009451081277802587,0.0,0.0,0.0,0.000491456245072186,0.0,0.0,0.0,0.0,0.0,0.0,0.0,0.0008316951571032405,0.0,0.0,0.0017389989225193858,0.00011341297795297578,0.003402389120310545,0.0,0.0,0.0,0.00011341297795297578,0.0,7.560865196865052e-05,0.0,0.0007560864905826747,0.0,0.0,0.0,0.0,0.0,0.0,0.0,0.0,0.0,0.0,0.0,0.00037804324529133737,0.0,0.0,0.0,0.0,0.0,0.0,0.0,0.00018902162264566869,0.0,3.780432598432526e-05,0.0,0.00015121730393730104,0.00018902162264566869,0.00037804324529133737,0.0,0.0,0.0,0.0,0.00018902162264566869,0.0,0.0008694994612596929,0.0,0.0,0.00018902162264566869,0.0005292605492286384,0.0,0.0,0.0,0.0,0.0,0.0,7.560865196865052e-05,0.0,0.0,0.0,0.0,0.0,0.0,0.0003024346078746021,0.0,0.0,0.0,0.0,0.0,0.0,0.0,0.00037804324529133737,0.0,0.0,7.560865196865052e-05,0.0003024346078746021,0.0003402389120310545,0.0003024346078746021,0.0,0.0,0.0,0.0011341297067701817,0.0,0.0,0.0,0.0,0.0,0.0,0.0019280206179246306,0.0,7.560865196865052e-05,0.01565099135041237,0.0,0.0,0.0,0.0,0.00015121730393730104,0.0023060638923197985,0.004574323073029518,0.0018902162555605173,0.00011341297795297578,0.0,0.00873279944062233,0.0,3.780432598432526e-05,0.0,0.0,0.019885074347257614,0.0,0.0,0.0,0.0,0.0,0.0,0.0,0.0,0.0,0.0,0.0,0.0,0.0,0.0,0.0,0.025253288447856903,0.0,0.0021926509216427803,0.0,0.0,0.0,0.0,0.0,0.0,0.0,0.0,0.0,0.0,0.0,0.0,0.0,0.000491456245072186,0.0,0.0,0.0,0.0,0.0,0.0,0.0,0.0,0.0,0.0,0.0,0.0,0.0008694994612596929,0.0,0.0017011945601552725,0.0,0.0,0.0,0.0,0.0019280206179246306,0.0,0.0,0.0,0.0,0.0,0.0,0.0,0.0,0.0,0.00022682595590595156,0.0,0.0,0.0,7.560865196865052e-05,0.0,0.0,0.0,0.0,0.0,0.0,0.0,0.0,0.0,0.0,0.0,0.0,0.0,0.0
1780045322668190851,33229,0,0.04502091556787491,0.006861476227641106,0.17418520152568817,0.03325408697128296,0.019380660727620125,0.010713533498346806,0.0,0.0,0.00993108469992876,0.014565589837729931,0.04309488832950592,0.0022269703913480043,0.0,0.0,0.0,0.006018838845193386,0.0003611303400248289,0.008065244182944298,0.004905353765934706,0.000662072270642966,0.008245809003710747,0.0020163110457360744,0.005657708737999201,0.00042131872032769024,0.0019260285189375281,0.00499563617631793,0.0,0.0,0.028950614854693413,0.005868367850780487,0.0,0.012759938836097717,0.006741099525243044,0.00042131872032769024,0.0012037678388878703,0.0017153690569102764,0.0,0.0,6.0188391216797754e-05,6.0188391216797754e-05,0.0,0.0015648981789126992,0.0015648981789126992,6.0188391216797754e-05,6.0188391216797754e-05,0.0,0.0,0.016130488365888596,0.0,0.0027686660178005695,0.016130488365888596,0.00024075356486719102,0.008125432766973972,0.14156308770179749,0.0,0.0,0.0,0.041048482060432434,0.0003611303400248289,0.0,0.0,0.0,0.004032622091472149,0.0,0.0,0.0,0.0,0.0048752594739198685,0.031598903238773346,0.0,0.0,0.0,0.005296578165143728,0.014475307427346706,0.02004273422062397,0.0,0.0001504709798609838,0.036985766142606735,0.0,0.00024075356486719102,0.009509765543043613,0.0025279123801738024,0.0003009419597219676,0.0019561226945370436,0.00012037678243359551,0.0024376297369599342,0.0,0.001986216753721237,0.0,0.0,0.0020764993969351053,0.0,3.0094195608398877e-05,0.0015949923545122147,0.0,6.0188391216797754e-05,0.09759547561407089,3.0094195608398877e-05,9.028258500620723e-05,0.0,0.0,0.0,0.00018056517001241446,3.0094195608398877e-05,0.0,0.0,0.000331036135321483,0.001685274881310761,0.00048150712973438203,0.000662072270642966,0.0,0.0,0.0007824490894563496,0.004905353765934706,6.0188391216797754e-05,0.0,0.0,0.0018056517001241446,0.0021065936889499426,0.0,0.0,0.0,0.0,0.0,0.0,0.0,0.0007824490894563496,0.0,0.0,0.00018056517001241446,0.0005717896856367588,0.0,0.0,0.0,0.0,0.0,0.0,0.0,0.0007222606800496578,3.0094195608398877e-05,0.0,0.0017153690569102764,0.0001504709798609838,0.0027686660178005695,0.0,0.00024075356486719102,0.0,6.0188391216797754e-05,0.0,3.0094195608398877e-05,0.0,0.0007222606800496578,0.0,0.0,0.0,0.0,0.0,0.0,0.0013542387168854475,0.0,0.0,0.0,3.0094195608398877e-05,0.0003009419597219676,0.0,0.0,0.0,0.0,0.0,3.0094195608398877e-05,0.0,0.0001504709798609838,0.0,0.0006018839194439352,0.0,0.00018056517001241446,0.00018056517001241446,0.0003009419597219676,0.0,0.0,0.0,0.0,0.00042131872032769024,0.0,0.0006921665044501424,0.0,0.0,0.0001504709798609838,0.000812543265055865,9.028258500620723e-05,3.0094195608398877e-05,0.0,0.0,0.0,0.0,0.00012037678243359551,0.0,0.0,0.0,0.0,0.0,0.0,0.0002708477550186217,3.0094195608398877e-05,0.0,0.0,0.0,0.0,0.0,6.0188391216797754e-05,0.000812543265055865,0.0,0.0,0.00012037678243359551,0.0003912245447281748,0.00021065936016384512,0.00021065936016384512,0.0,0.0028890427201986313,0.0,0.007854584604501724,0.0,0.0,0.0,0.0,0.0,0.0,0.0019561226945370436,0.0,0.00012037678243359551,0.018387552350759506,0.0,0.0,0.0,0.0,0.0,0.0023774413857609034,0.005266483873128891,0.0020764993969351053,0.0,0.0,0.009690330363810062,0.0,3.0094195608398877e-05,0.0,6.0188391216797754e-05,0.03093683160841465,0.0,3.0094195608398877e-05,0.0,0.0,0.0,0.0,0.0,0.0,0.0001504709798609838,6.0188391216797754e-05,0.0,0.0,0.0,0.0,0.0,0.021246502175927162,6.0188391216797754e-05,0.0020464053377509117,0.0,0.0,0.0,0.0,0.0,0.0,0.0,0.0,0.0,0.0,0.0,0.0,0.0,0.0005717896856367588,0.0,0.0,0.0,0.0,0.0,0.0,0.0,0.0,0.0,0.0,0.0,0.0,0.0007523548556491733,0.0,0.0047247884795069695,0.0,0.0,0.0,0.0,0.00162508653011173,3.0094195608398877e-05,0.0,0.0,0.0,0.0,0.0,0.0,0.0,0.0,0.00012037678243359551,0.0,0.0,0.0,0.0,0.0,0.0,3.0094195608398877e-05,0.0,0.003611303400248289,0.0,0.0,0.0,0.0,0.0,0.0,0.0,0.0,0.0
1780045327668190851,27574,1,0.04351925849914551,0.0010879813926294446,0.20454050600528717,0.021034307777881622,0.01958366669714451,0.008123594336211681,0.0,0.0,0.009429172612726688,0.01378109771758318,0.03263944387435913,0.0,0.0,0.0,0.0,0.006165228318423033,0.0,0.008703851141035557,0.0054399073123931885,0.0003626604739110917,0.009429172612726688,0.002175962785258889,0.004351925570517778,0.0,0.002175962785258889,0.004714586306363344,0.0,0.0,0.030463479459285736,0.006527888588607311,0.0,0.0054399073123931885,0.007615869864821434,0.0003626604739110917,0.0014506418956443667,0.0016319721471518278,0.0,0.0,0.0,0.0,0.0,0.0014506418956443667,0.0014506418956443667,0.0,0.0,0.0,0.0,0.017407702282071114,0.0,0.0,0.002175962785258889,0.0,0.008703851141035557,0.18060491979122162,0.0,0.0,0.0,0.03626604750752449,0.0,0.0,0.0,0.0,0.004351925570517778,0.0,0.0,0.0,0.0,0.0005439906963147223,0.030173351988196373,0.0,0.0,0.0,0.005040980409830809,0.014470153488218784,0.010625951923429966,0.0,0.0,0.026075288653373718,0.0,0.0,0.009030246175825596,0.00264742155559361,0.00032639442360959947,0.0020671647507697344,0.0,0.0027199536561965942,0.0,0.002175962785258889,0.0,0.0,0.0021034306846559048,0.0,3.626604666351341e-05,0.001958366483449936,0.0,0.0,0.1151084378361702,0.0,0.0,3.626604666351341e-05,0.0,0.0,0.0,0.0,0.0,0.0,0.00014506418665405363,0.0020671647507697344,0.0003626604739110917,0.0005802567466162145,0.0,0.0,0.0009066511993296444,0.0017770363483577967,0.0,0.0,0.0,0.002139696851372719,0.002502357354387641,0.0,0.0,0.0,0.0,0.0,0.0,0.0,0.0009066511993296444,0.0,0.0,0.0,0.0005077246460132301,0.0,0.0,0.0,0.0,0.0,0.0,0.0,0.0007253209478221834,0.0,0.0,0.0016319721471518278,0.00018133023695554584,0.0032639442943036556,0.0,0.0,0.0,0.0,0.0,3.626604666351341e-05,0.0,0.0008703851490281522,0.0,0.0,0.0,0.0,0.0,0.0,0.0,0.0,0.0,0.0,0.0,0.0003626604739110917,0.0,0.0,0.0,0.0,0.0,0.0,0.0,0.00018133023695554584,0.0,0.00021759628725703806,0.0,7.253209332702681e-05,7.253209332702681e-05,0.0003626604739110917,0.0,0.0,0.0,0.0,0.00014506418665405363,0.0,0.0007253209478221834,0.0,0.0,0.00018133023695554584,0.0006527888472191989,0.0,0.0,0.0,0.0,0.0,0.0,0.00025386232300661504,0.0,0.0,0.0,0.0,0.0,0.0,0.00032639442360959947,0.0,0.0,0.0,0.0,0.0,0.0,0.00010879814362851903,0.00029012837330810726,0.0,0.0,0.00010879814362851903,0.00018133023695554584,0.00014506418665405363,0.00021759628725703806,0.0,0.0,0.0,0.0012330455938354135,0.0,0.0,0.0,0.0,0.00010879814362851903,0.0,0.0020671647507697344,0.0,0.0,0.017081309109926224,0.0,0.0,0.0,0.0,0.0,0.0025748894549906254,0.005004714708775282,0.0021034306846559048,0.0,0.0,0.009719301015138626,0.0,3.626604666351341e-05,0.0,0.0,0.019764995202422142,0.0,0.0,0.0,0.0,0.0,0.0,0.0,0.0,0.0,0.0,0.0,0.0,0.0,0.0,0.0,0.026220353320240974,0.0,0.002357293153181672,0.0,0.0,0.0,0.0,0.0,0.0,0.0,0.0,0.0,0.0,0.0,0.0,0.0,0.0005077246460132301,0.0,0.0,0.0,0.0,0.0,0.0,0.0,0.0,0.0,0.0,0.0,0.0,0.0009066511993296444,0.0,0.0015957060968503356,0.0,0.0,0.0,0.0,0.0020308985840529203,0.0,0.0,0.0,0.0,0.0,0.0,0.0,0.0,0.0,3.626604666351341e-05,0.0,0.0,0.0,0.0,0.0,0.0,3.626604666351341e-05,0.0,0.0,0.0,0.0,0.0,0.0,0.0,0.0,0.0,0.0,0.0
1780045332668190851,22242,1,0.04316158592700958,0.0010790396481752396,0.20321913063526154,0.020861433818936348,0.019422713667154312,0.013263195753097534,0.0,0.0,0.009351677261292934,0.013667835853993893,0.03309055045247078,0.0,0.0,0.0,0.0,0.006114557851105928,0.0,0.008632317185401917,0.005440158303827047,0.0003596798924263567,0.009351677261292934,0.0022030393593013287,0.004316158592700958,0.0,0.0022030393593013287,0.004765758290886879,0.0,0.0,0.03111230954527855,0.006609118077903986,0.0,0.005485118366777897,0.007733117323368788,0.0003596798924263567,0.0014387195697054267,0.001663519418798387,0.0,0.0,0.0,0.0,0.0,0.0014387195697054267,0.0014387195697054267,0.0,0.0,0.0,0.0,0.017264634370803833,0.0,0.0,0.002158079296350479,0.0,0.008722237311303616,0.17912058532238007,0.0,0.0,0.0,0.036057908087968826,0.0,0.0,0.0,0.0,0.004316158592700958,0.0,0.0,0.0,0.0,0.0005395198240876198,0.029943350702524185,0.0,0.0,0.0,0.004990558605641127,0.014387194998562336,0.010610556229948997,0.0,0.0,0.02666127122938633,0.0,0.0,0.008947037160396576,0.0025177591014653444,0.0003596798924263567,0.0021131192333996296,0.0,0.0025177591014653444,0.0,0.0021131192333996296,0.0,0.0,0.0021131192333996296,0.0,0.0,0.001798399374820292,0.0,0.0,0.11455804109573364,0.0,0.0,0.0,0.0,0.0,0.0,0.0,0.0,0.0,0.00017983994621317834,0.0020681594032794237,0.0004945598193444312,0.0006743997801095247,0.0,0.0,0.000899199687410146,0.001798399374820292,0.0,0.0,0.0,0.0021131192333996296,0.002562719164416194,0.0,0.0,0.0,0.0,0.0,0.0,0.0,0.000899199687410146,0.0,0.0,0.0,0.0005395198240876198,0.0,0.0,0.0,0.0,0.0,0.0,0.0,0.0008092797361314297,0.0,0.0,0.001933279330842197,0.0002247999218525365,0.0032371189445257187,0.0,0.0,0.0,4.4959986553294584e-05,0.0,8.991997310658917e-05,0.0,0.0008542397408746183,0.0,0.0,0.0,0.0,0.0,0.0,0.0,0.0,0.0,0.0,0.0,0.0003596798924263567,0.0,0.0,0.0,0.0,0.0,0.0,0.0,0.00017983994621317834,0.0,0.0002247999218525365,0.0,0.00013487995602190495,0.00013487995602190495,0.0003596798924263567,0.0,0.0,0.0,0.0,0.00040463986806571484,0.0,0.0007193597848527133,0.0,0.0,0.00017983994621317834,0.0013038396136835217,0.0,0.0,0.0,0.0,0.0,0.0,8.991997310658917e-05,0.0,0.0,0.0,0.0,0.0,0.0,0.0006294397753663361,0.0,0.0,0.0,0.0,0.0,0.0,0.00013487995602190495,0.0006743997801095247,0.0,0.0,0.0002697599120438099,0.0006294397753663361,0.0002697599120438099,0.00040463986806571484,0.0,0.0,0.0,0.0012588795507326722,0.0,0.0,0.0,0.0,0.0,0.0,0.0020681594032794237,0.0,0.0,0.016904953867197037,0.0,0.0,0.0,0.0,0.0,0.002427839208394289,0.004990558605641127,0.0020681594032794237,0.0,0.0,0.009396636858582497,0.0,0.0,0.0,0.0,0.02023199386894703,0.0,0.0,0.0,0.0,0.0,0.0,0.0,0.0,0.0,0.0,0.0,0.0,0.0,0.0,0.0,0.025941912084817886,0.0,0.002562719164416194,0.0,0.0,0.0,0.0,0.0,0.0,0.0,0.0,0.0,0.0,0.0,0.0,0.0,0.0005395198240876198,0.0,0.0,0.0,0.0,0.0,0.0,0.0,0.0,0.0,0.0,0.0,0.0,0.000899199687410146,0.0,0.0016185594722628593,0.0,0.0,0.0,0.0,0.0019782392773777246,0.0,0.0,0.0,0.0,0.0,0.0,0.0,0.0,0.0,0.00013487995602190495,0.0,0.0,0.0,4.4959986553294584e-05,0.0,0.0,0.0,0.0,0.0,0.0,0.0,0.0,0.0,0.0,0.0,0.0,0.0,0.0
1780045337668190851,27549,1,0.0435587503015995,0.0010889687109738588,0.20443573594093323,0.02105339616537094,0.01960143819451332,0.009655523113906384,0.0,0.0,0.00943772867321968,0.01379360444843769,0.032088279724121094,0.0,0.0,0.0,0.0,0.006170822773128748,0.0,0.00871174968779087,0.005408544559031725,0.00036298958002589643,0.00943772867321968,0.0021416384261101484,0.004355874843895435,0.0,0.0021416384261101484,0.004646266810595989,0.0,0.0,0.029765145853161812,0.006424915511161089,0.0,0.005372245796024799,0.0074775852262973785,0.00036298958002589643,0.0014519583201035857,0.0015971541870385408,0.0,0.0,0.0,0.0,0.0,0.0014519583201035857,0.0014519583201035857,0.0,0.0,0.0,0.0,0.01742349937558174,0.0,0.0,0.0021779374219477177,0.0,0.00863915216177702,0.18076881766319275,0.0,0.0,0.0,0.036226361989974976,0.0,0.0,0.0,0.0,0.004355874843895435,0.0,0.0,0.0,0.0,0.0005444843554869294,0.030128134414553642,0.0,0.0,0.0,0.004972957074642181,0.014338088221848011,0.010635594837367535,0.0,0.0,0.025554466992616653,0.0,0.0,0.008965842425823212,0.0025772261433303356,0.0003992885467596352,0.0020690406672656536,0.0,0.0025772261433303356,0.0,0.0021416384261101484,0.0,3.6298959457781166e-05,0.0021416384261101484,0.0,3.6298959457781166e-05,0.0018875458044931293,0.0,0.0,0.11521289497613907,7.259791891556233e-05,3.6298959457781166e-05,0.0,0.0,0.0,0.0,0.0,0.0,0.0,0.00018149479001294822,0.0019238448003306985,0.0005081854178570211,0.0006533812265843153,0.0,0.0,0.0009437729022465646,0.0017786489333957434,0.0,0.0,0.0,0.002105339663103223,0.002468329155817628,0.0,0.0,0.0,0.0,3.6298959457781166e-05,0.0,0.0,0.0009074739646166563,0.0,0.0,0.0,0.0005081854178570211,0.0,0.0,0.0,0.0,0.0,0.0,0.0,0.0006533812265843153,0.0,0.0,0.0017423499375581741,0.00018149479001294822,0.0032669061329215765,0.0,0.0,0.0,0.0,0.0,0.0,0.0,0.0009074739646166563,0.0,0.0,0.0,0.0,0.0,0.0,0.0,0.0,0.0,0.0,0.0,0.00036298958002589643,0.0,0.0,0.0,0.0,0.0,0.0,0.0,0.00018149479001294822,0.0,0.00014519583783112466,0.0,0.00021779374219477177,0.00021779374219477177,0.00036298958002589643,0.0,0.0,0.0,0.0,0.00025409270892851055,0.0,0.0007259791600517929,0.0,0.0,0.00018149479001294822,0.0009437729022465646,0.0,0.0,0.0,0.0,0.0,0.0,0.00010889687109738588,0.0,0.0,0.0,0.0,0.0,0.0,0.0003992885467596352,0.0,0.0,0.0,0.0,0.0,0.0,7.259791891556233e-05,0.0005081854178570211,0.0,0.0,7.259791891556233e-05,0.00014519583783112466,0.0002903916756622493,0.00021779374219477177,0.0,0.0,0.0,0.0012704635737463832,0.0,0.0,0.0,0.0,0.0,0.0,0.0020327416714280844,0.0,0.0,0.0171694066375494,0.0,0.0,0.0,0.0,0.0,0.0025409271474927664,0.004936658311635256,0.002105339663103223,0.0,0.0,0.009510327130556107,0.0,0.0,0.0,0.0,0.019383642822504044,0.0,0.0,0.0,0.0,0.0,0.0,0.0,0.0,0.0,0.0,0.0,0.0,0.0,0.0,0.0,0.02635304443538189,0.0,0.0024320301599800587,0.0,0.0,0.0,0.0,0.0,0.0,0.0,0.0,0.0,0.0,0.0,0.0,0.0,0.0005081854178570211,0.0,0.0,0.0,0.0,0.0,0.0,0.0,0.0,0.0,0.0,0.0,0.0,0.0008711749687790871,0.0,0.0016334530664607882,0.0,0.0,0.0,0.0,0.0018875458044931293,0.0,0.0,0.0,0.0,0.0,0.0,0.0,0.0,0.0,7.259791891556233e-05,0.0,0.0,0.0,0.0,0.0,0.0,0.0,0.0,0.0,0.0,0.0,0.0,0.0,0.0,0.0,0.0,0.0,0.0
1780045342668190851,27596,1,0.043484561145305634,0.001087114098481834,0.2043774425983429,0.021017538383603096,0.019568054005503654,0.008914335630834103,0.0,0.0,0.009421654976904392,0.013770111836493015,0.032613422721624374,0.0,0.0,0.0,0.0,0.0061603132635355,0.0,0.008696912787854671,0.005435570143163204,0.0003623713564593345,0.009421654976904392,0.002174228196963668,0.004348456393927336,0.0,0.002174228196963668,0.004710827488452196,0.0,0.0,0.030439194291830063,0.00652268435806036,0.0,0.005435570143163204,0.007609798572957516,0.0003623713564593345,0.001449485425837338,0.00163067108951509,0.0,0.0,0.0,0.0,0.0,0.001449485425837338,0.001449485425837338,0.0,0.0,0.0,0.0,0.017393825575709343,0.0,0.0,0.002174228196963668,0.0,0.008696912787854671,0.18046092987060547,0.0,0.0,0.0,0.03623713552951813,0.0,0.0,0.0,0.0,0.004348456393927336,0.0,0.0,0.0,0.0,0.000543557049240917,0.029931874945759773,0.0,0.0,0.0,0.005000724922865629,0.014132482931017876,0.010508769191801548,0.0,0.0,0.0260545015335083,0.0,0.0,0.0088418610394001,0.002572836587205529,0.0003623713564593345,0.002210465259850025,7.24742712918669e-05,0.002536599524319172,0.0,0.0021017538383603096,0.0,0.0,0.002029279712587595,3.623713564593345e-05,0.0,0.0018843311117962003,0.0,0.0,0.11505290865898132,0.0,7.24742712918669e-05,0.0,0.0,0.0,0.0,0.0,0.0,0.0,0.0001449485425837338,0.001811856753192842,0.0004348456277512014,0.0006522684707306325,0.0,0.0,0.000905928376596421,0.0017393825110048056,7.24742712918669e-05,0.0,0.0,0.0021017538383603096,0.0024641251657158136,0.0,0.0,0.0,0.0,0.0,0.0,0.0,0.0009421655558981001,0.0,0.0,0.0,0.0005073199281468987,0.0,0.0,0.0,0.0,0.0,0.0,0.0,0.0006885055918246508,3.623713564593345e-05,0.0,0.0017031453317031264,0.00018118567822966725,0.00326134217903018,0.0,0.0,0.0,0.0,0.0,7.24742712918669e-05,0.0,0.0008334541344083846,0.0,0.0,0.0,0.0,0.0,0.0,0.0,0.0,0.0,0.0,0.0,0.0003623713564593345,0.0,0.0,0.0,0.0,0.0,0.0,0.0,0.00018118567822966725,0.0,0.0002536599640734494,0.0,0.00032613423536531627,0.0002898970851674676,0.0003623713564593345,0.0,0.0,0.0,0.0,0.0002174228138756007,0.0,0.0007609798340126872,0.0,0.0,0.00018118567822966725,0.000724742712918669,0.0,3.623713564593345e-05,0.0,0.0,0.0,0.0,0.0001449485425837338,0.0,0.0,0.0,0.0,0.0,0.0,0.0002898970851674676,0.0,0.0,0.0,0.0,0.0,0.0,7.24742712918669e-05,0.0006522684707306325,0.0,0.0,3.623713564593345e-05,0.00032613423536531627,0.0002536599640734494,0.0001449485425837338,0.0,0.0,0.0,0.0011958255199715495,0.0,0.0,0.0,0.0,3.623713564593345e-05,0.0,0.002137990901246667,0.0,0.0,0.017140164971351624,0.0,0.0,0.0,0.0,0.0,0.0024641251657158136,0.004819538909941912,0.0019568053539842367,3.623713564593345e-05,0.0,0.009385418146848679,0.0,0.0,0.0,0.0,0.019749239087104797,0.0,0.0,0.0,0.0,0.0,0.0,0.0,0.0,0.0,0.0,0.0,0.0,0.0,0.0,0.0,0.02634439803659916,3.623713564593345e-05,0.0024641251657158136,0.0,0.0,0.0,0.0,0.0,0.0,0.0,0.0,0.0,0.0,0.0,0.0,0.0,0.0005073199281468987,0.0,0.0,0.0,0.0,0.0,0.0,0.0,0.0,0.0,0.0,0.0,0.0,0.0008696912555024028,0.0,0.0015581968473270535,0.0,0.0,0.0,0.0,0.0017393825110048056,3.623713564593345e-05,0.0,0.0,0.0,0.0,0.0,0.0,0.0,0.0,0.00010871140693780035,0.0,0.0,0.0,0.0,0.0,0.0,0.0,0.0,0.0,0.0,0.0,0.0,0.0,0.0,0.0,0.0,0.0,0.0
1780045347668190851,27588,1,0.04349717125296593,0.0010874293511733413,0.20443670451641083,0.02102363295853138,0.019573727622628212,0.008626938797533512,0.0,0.0,0.009424387477338314,0.013774104416370392,0.03262288123369217,0.0,0.0,0.0,0.0,0.006162099540233612,0.0,0.00869943480938673,0.005437146406620741,0.00036247645039111376,0.009424387477338314,0.0021748587023466825,0.004349717404693365,0.0,0.0021748587023466825,0.004712193738669157,0.0,0.0,0.03044802136719227,0.006524575874209404,0.0,0.005437146406620741,0.007612005341798067,0.00036247645039111376,0.001449905801564455,0.001631143968552351,0.0,0.0,0.0,0.0,0.0,0.001449905801564455,0.001449905801564455,0.0,0.0,0.0,0.0,0.01739886961877346,0.0,0.0,0.0021748587023466825,0.0,0.00869943480938673,0.18051326274871826,0.0,0.0,0.0,0.03624764457345009,0.0,0.0,0.0,0.0,0.004349717404693365,0.0,0.0,0.0,0.0,0.0005437146755866706,0.03030303120613098,0.0,0.0,0.0,0.0050021749921143055,0.014535305090248585,0.010548064485192299,0.0,0.0,0.026243293657898903,0.0,0.0,0.008989416062831879,0.0025373350363224745,0.00036247645039111376,0.0021748587023466825,0.0,0.0025373350363224745,0.0,0.0021748587023466825,0.0,0.0,0.002138610929250717,0.0,0.0,0.00206611561588943,0.0,0.0,0.11541249603033066,0.0,0.0,0.0,0.0,0.0,0.0,0.0,0.0,0.0,0.00018123822519555688,0.0019211251055821776,0.0005074670189060271,0.000688705244101584,0.0,0.0,0.0009061911259777844,0.0018123822519555688,0.0,0.0,0.0,0.00206611561588943,0.0025010874960571527,0.0,0.0,0.0,0.0,3.624764212872833e-05,0.0,0.0,0.0009061911259777844,0.0,0.0,0.0,0.0005437146755866706,0.0,0.0,0.0,0.0,0.0,0.0,0.0,0.0007249529007822275,0.0,0.0,0.0016673916252329946,0.00018123822519555688,0.003262287937104702,0.0,0.0,0.0,0.0,0.0,7.249528425745666e-05,0.0,0.000688705244101584,0.0,0.0,0.0,0.0,0.0,0.0,0.0,0.0,0.0,0.0,0.0,0.00036247645039111376,0.0,0.0,0.0,0.0,0.0,0.0,0.0,0.00018123822519555688,0.0,0.0001087429336621426,0.0,0.00018123822519555688,0.00018123822519555688,0.00036247645039111376,0.0,0.0,0.0,0.0,0.00018123822519555688,0.0,0.0007249529007822275,0.0,0.0,0.00018123822519555688,0.000688705244101584,0.0,0.0,0.0,0.0,0.0,0.0,0.00014499056851491332,0.0,0.0,0.0,0.0,0.0,0.0,0.00036247645039111376,0.0,0.0,0.0,0.0,0.0,0.0,3.624764212872833e-05,0.0004712193622253835,0.0,0.0,0.0001087429336621426,0.00025373350945301354,0.00018123822519555688,0.0002174858673242852,0.0,0.0,0.0,0.0011236770078539848,0.0,0.0,0.0,0.0,0.0,0.0,0.0021748587023466825,0.0,0.0,0.01721763052046299,0.0,0.0,0.0,0.0,0.0,0.0025010874960571527,0.004929679445922375,0.002138610929250717,0.0,0.0,0.00960562564432621,0.0,0.0,0.0,0.0,0.019863707944750786,0.0,0.0,0.0,0.0,0.0,0.0,0.0,0.0,0.0,0.0,0.0,0.0,0.0,0.0,0.0,0.02638828568160534,0.0,0.0025010874960571527,0.0,0.0,0.0,0.0,0.0,0.0,0.0,0.0,0.0,0.0,0.0,0.0,0.0,0.0005437146755866706,0.0,0.0,0.0,0.0,0.0,0.0,0.0,0.0,0.0,0.0,0.0,0.0,0.0008336958126164973,0.0,0.001631143968552351,0.0,0.0,0.0,0.0,0.0018486297922208905,0.0,0.0,0.0,0.0,0.0,0.0,0.0,0.0,0.0,0.00014499056851491332,0.0,0.0,0.0,0.0,0.0,0.0,0.0,0.0,0.0,0.0,0.0,0.0,0.0,0.0,0.0,0.0,0.0,0.0
1780045352668190851,27590,1,0.04349401965737343,0.0010873505380004644,0.20442189276218414,0.02102210931479931,0.019572308287024498,0.008698804304003716,0.0,0.0,0.009423703886568546,0.013773106038570404,0.032620515674352646,0.0,0.0,0.0,0.0,0.006161652971059084,0.0,0.008698804304003716,0.0054367524571716785,0.00036245016963221133,0.009423703886568546,0.002174701076000929,0.004349402152001858,0.0,0.002174701076000929,0.004711851943284273,0.0,0.0,0.03044581413269043,0.006524102762341499,0.0,0.0054367524571716785,0.007611453533172607,0.00036245016963221133,0.0014498006785288453,0.0016310256905853748,0.0,0.0,0.0,0.0,0.0,0.0014498006785288453,0.0014498006785288453,0.0,0.0,0.0,0.0,0.01739760860800743,0.0,0.0,0.002174701076000929,0.0,0.008698804304003716,0.18050017952919006,0.0,0.0,0.0,0.036245014518499374,0.0,0.0,0.0,0.0,0.004349402152001858,0.0,0.0,0.0,0.0,0.0005436752690002322,0.03030083328485489,0.0,0.0,0.0,0.004965567030012608,0.014715476892888546,0.01065603457391262,0.0,0.0,0.026168901473283768,0.0,0.0,0.009025009348988533,0.002537151100113988,0.00036245016963221133,0.002174701076000929,0.0,0.0025009061209857464,0.0,0.002174701076000929,0.0,0.0,0.002102210884913802,0.0,0.0,0.0019209858728572726,0.0,0.0,0.1152953952550888,0.0,3.624501550802961e-05,0.0,0.0,0.0,0.0,0.0,0.0,0.0,0.00018122508481610566,0.0019209858728572726,0.0003986951778642833,0.0005799202481284738,0.0,0.0,0.0009061254095286131,0.0017760058399289846,0.0,0.0,0.0,0.002102210884913802,0.002464661141857505,0.0,0.0,0.0,0.0,3.624501550802961e-05,0.0,0.0,0.0009061254095286131,0.0,0.0,0.0,0.0005436752690002322,0.0,0.0,0.0,0.0,0.0,0.0,0.0,0.0007249003392644227,0.0,0.0,0.0017397607443854213,0.00021747009304817766,0.0032620513811707497,0.0,0.0,0.0,3.624501550802961e-05,0.0,0.0,0.0,0.0007611453183926642,0.0,0.0,0.0,0.0,0.0,0.0,0.0,0.0,0.0,0.0,0.0,0.0003262051322963089,0.0,0.0,0.0,0.0,0.0,0.0,0.0,0.00018122508481610566,0.0,0.00014498006203211844,0.0,0.00014498006203211844,0.00014498006203211844,0.00036245016963221133,0.0,0.0,0.0,0.0,0.0002899601240642369,0.0,0.0007249003392644227,0.0,0.0,0.00018122508481610566,0.0008336353930644691,0.0,3.624501550802961e-05,0.0,0.0,0.0,0.0,0.00018122508481610566,0.0,0.0,0.0,3.624501550802961e-05,0.0,0.0,0.0002537151158321649,0.0,0.0,0.0,0.0,0.0,0.0,3.624501550802961e-05,0.0006886553019285202,0.0,0.0,3.624501550802961e-05,0.0002899601240642369,0.00014498006203211844,0.0002537151158321649,0.0,0.0,0.0,0.001268575550056994,0.0,0.0,0.0,0.0,0.0,0.0,0.002174701076000929,0.0,0.0,0.01710764691233635,0.0,0.0,0.0,0.0,0.0,0.0025009061209857464,0.004965567030012608,0.002102210884913802,0.0,0.0,0.009894889779388905,0.0,0.0,0.0,0.0,0.01978977955877781,0.0,0.0,0.0,0.0,0.0,0.0,0.0,0.0,0.0,0.0,0.0,0.0,0.0,0.0,0.0,0.026350127533078194,0.0,0.002464661141857505,0.0,0.0,0.0,0.0,0.0,0.0,0.0,0.0,0.0,0.0,0.0,0.0,0.0,0.0005436752690002322,0.0,0.0,0.0,0.0,0.0,0.0,0.0,0.0,0.0,0.0,0.0,0.0,0.0008698803721927106,0.0,0.0016310256905853748,0.0,0.0,0.0,0.0,0.0019209858728572726,0.0,0.0,0.0,0.0,0.0,0.0,0.0,0.0,0.0,7.249003101605922e-05,0.0,0.0,0.0,3.624501550802961e-05,0.0,0.0,0.0,0.0,0.0,0.0,0.0,0.0,0.0,0.0,0.0,0.0,0.0,0.0
1780045357668190851,22114,1,0.043411415070295334,0.0010852853301912546,0.20403364300727844,0.020982183516025543,0.019535135477781296,0.01058153249323368,0.0,0.0,0.00940580666065216,0.013746947981417179,0.032558560371398926,0.0,0.0,0.0,0.0,0.006149950437247753,0.0,0.008682282641530037,0.005426426883786917,0.0003617617767304182,0.00940580666065216,0.0021705706603825092,0.0043411413207650185,0.0,0.0021705706603825092,0.00470290333032608,0.0,0.0,0.030387990176677704,0.006511711981147528,0.0,0.005426426883786917,0.007596997544169426,0.0003617617767304182,0.0014470471069216728,0.001627927995286882,0.0,0.0,0.0,0.0,0.0,0.0014470471069216728,0.0014470471069216728,0.0,0.0,0.0,0.0,0.017364565283060074,0.0,0.0,0.0021705706603825092,0.0,0.008682282641530037,0.1801573634147644,0.0,0.0,0.0,0.036176178604364395,0.0,0.0,0.0,0.0,0.0043411413207650185,0.0,0.0,0.0,0.0,0.0005426426650956273,0.029483584687113762,0.0,0.0,0.0,0.0050194445066154,0.013882608152925968,0.010445871390402317,0.0,0.0,0.025775527581572533,0.0,0.0,0.008908383548259735,0.0024871123023331165,0.00045220222091302276,0.0021253505256026983,0.0,0.0025323324371129274,0.0,0.002034910023212433,0.0,4.5220222091302276e-05,0.0021253505256026983,0.0,0.0,0.001627927995286882,0.0,0.0,0.11372885853052139,0.0,4.5220222091302276e-05,0.0,0.0,0.0,0.0,0.0,0.0,0.0,0.0001808808883652091,0.0018540291348472238,0.0004069819988217205,0.00058786291629076,0.0,0.0,0.0009044044418260455,0.0018540291348472238,0.0,0.0,0.0,0.0021705706603825092,0.00235145166516304,0.0,0.0,0.0,0.0,0.0,0.0,0.0,0.0009044044418260455,0.0,0.0,0.0,0.00045220222091302276,0.0,0.0,0.0,0.0,0.0,0.0,0.0,0.0007235235534608364,0.0,0.0,0.0018992493860423565,0.00013566066627390683,0.003255855990573764,0.0,0.0,0.0,0.0,0.0,0.0,0.0,0.000813963997643441,0.0,0.0,0.0,0.0,0.0,0.0,0.0,0.0,0.0,0.0,0.0,0.0003617617767304182,0.0,0.0,0.0,0.0,0.0,0.0,0.0,0.0001808808883652091,0.0,0.00027132133254781365,0.0,0.00027132133254781365,0.00027132133254781365,0.0003617617767304182,0.0,0.0,0.0,0.0,0.00045220222091302276,0.0,0.0007687438046559691,0.0,0.0,0.0001808808883652091,0.0010400650789961219,0.0,0.0,0.0,0.0,0.0,0.0,9.044044418260455e-05,0.0,0.0,0.0,0.0,0.0,0.0,0.0005426426650956273,0.0,0.0,0.0,0.0,0.0,0.0,4.5220222091302276e-05,0.0009496246930211782,0.0,0.0,4.5220222091302276e-05,0.0004069819988217205,0.00027132133254781365,0.00022610111045651138,0.0,0.0,0.0,0.001220945967361331,0.0,0.0,0.0,0.0,0.0,0.0,0.0020801301579922438,0.0,0.0,0.01673148199915886,0.0,0.0,0.0,0.0,0.0,0.0023062312975525856,0.004793343599885702,0.001989689888432622,0.0,0.0,0.008908383548259735,0.0,0.0,0.0,0.0,0.019399475306272507,0.0,0.0,0.0,0.0,0.0,0.0,0.0,0.0,0.0,0.0,0.0,0.0,0.0,0.0,0.0,0.02591118775308132,0.0,0.0023062312975525856,0.0,0.0,0.0,0.0,0.0,0.0,0.0,0.0,0.0,0.0,0.0,0.0,0.0,0.00045220222091302276,0.0,0.0,0.0,0.0,0.0,0.0,0.0,0.0,0.0,0.0,0.0,0.0,0.0009044044418260455,0.0,0.001627927995286882,0.0,0.0,0.0,0.0,0.0018540291348472238,0.0,0.0,0.0,0.0,0.0,0.0,0.0,0.0,0.0,9.044044418260455e-05,0.0,0.0,0.0,0.0,0.0,0.0,0.0,0.0,0.0,0.0,0.0,0.0,0.0,0.0,0.0,0.0,0.0,0.0
1780045362668190851,27538,1,0.04357615113258362,0.001089403755031526,0.20480790734291077,0.02106180600821972,0.01960926689207554,0.006826930213719606,0.0,0.0,0.009441498667001724,0.013799114152789116,0.032682113349437714,0.0,0.0,0.0,0.0,0.006173287983983755,0.0,0.008715230040252209,0.005447018891572952,0.0003631345753092319,0.009441498667001724,0.002178807510063052,0.004357615020126104,0.0,0.002178807510063052,0.004720749333500862,0.0,0.0,0.030503304675221443,0.006536422297358513,0.0,0.005447018891572952,0.007625826168805361,0.0003631345753092319,0.0014525383012369275,0.0016341055743396282,0.0,0.0,0.0,0.0,0.0,0.0014525383012369275,0.0014525383012369275,0.0,0.0,0.0,0.0,0.017430460080504417,0.0,0.0,0.002178807510063052,0.0,0.008715230040252209,0.18084101378917694,0.0,0.0,0.0,0.036313459277153015,0.0,0.0,0.0,0.0,0.004357615020126104,0.0,0.0,0.0,0.0,0.000544701877515763,0.02981334924697876,0.0,0.0,0.0,0.005156510975211859,0.013908054679632187,0.010567216202616692,0.0,0.0,0.025746241211891174,0.0,0.0,0.009005737490952015,0.0026871957816183567,0.0004720749566331506,0.002069866983219981,0.0,0.0025782554876059294,0.0,0.002069866983219981,0.0,0.0,0.002178807510063052,0.0,0.0,0.001960926689207554,0.0,0.0,0.11485946923494339,0.0,7.262691360665485e-05,0.0,0.0,0.0,0.0,0.0,0.0,0.0,0.00018156728765461594,0.001924613257870078,0.00043576149619184434,0.000544701877515763,0.0,0.0,0.0009078364237211645,0.0018519863951951265,0.0,0.0,0.0,0.002069866983219981,0.002396688098087907,0.0,0.0,0.0,0.0,3.6313456803327426e-05,0.0,0.0,0.0009078364237211645,0.0,0.0,0.0,0.000544701877515763,0.0,0.0,0.0,0.0,0.0,0.0,0.0,0.0007988960715010762,0.0,0.0,0.0016341055743396282,0.0001452538272133097,0.0032682111486792564,0.0,0.0,0.0,0.0,0.0,7.262691360665485e-05,0.0,0.0006536422297358513,0.0,0.0,0.0,0.0,0.0,0.0,0.0,0.0,0.0,0.0,0.0,0.0003631345753092319,0.0,0.0,0.0,0.0,0.0,0.0,0.0,0.00018156728765461594,0.0,0.00010894037404796109,0.0,0.00010894037404796109,0.00010894037404796109,0.0003631345753092319,0.0,0.0,0.0,0.0,7.262691360665485e-05,0.0,0.0007625826401636004,0.0,0.0,0.00018156728765461594,0.0004720749566331506,0.0,0.0,0.0,0.0,0.0,0.0,7.262691360665485e-05,0.0,0.0,0.0,0.0,0.0,0.0,0.0004720749566331506,0.0,0.0,0.0,0.0,0.0,0.0,7.262691360665485e-05,0.0002905076544266194,0.0,0.0,7.262691360665485e-05,0.00018156728765461594,0.0001452538272133097,0.00010894037404796109,0.0,0.0,0.0,0.0011983440490439534,0.0,0.0,0.0,0.0,7.262691360665485e-05,0.0,0.002069866983219981,0.0,0.0,0.016994697973132133,0.0,0.0,0.0,0.0,0.0,0.002469315193593502,0.004902316723018885,0.0021061806473881006,0.0,0.0,0.008969424292445183,0.0,0.0,0.0,0.0,0.019391385838389397,0.0,0.0,0.0,0.0,0.0,0.0,0.0,0.0,0.0,0.0,0.0,0.0,0.0,0.0,0.0,0.026109376922249794,0.0,0.002396688098087907,0.0,0.0,0.0,0.0,0.0,0.0,0.0,0.0,0.0,0.0,0.0,0.0,0.0,0.000544701877515763,0.0,0.0,0.0,0.0,0.0,0.0,0.0,0.0,0.0,0.0,0.0,0.0,0.0008715229923836887,0.0,0.0016341055743396282,0.0,0.0,0.0,0.0,0.0018882998265326023,0.0,0.0,0.0,0.0,0.0,0.0,0.0,0.0,0.0,0.0001452538272133097,0.0,0.0,0.0,0.0,0.0,0.0,0.0,0.0,0.0,0.0,0.0,0.0,0.0,0.0,0.0,0.0,0.0,0.0
1780045367668190851,27609,1,0.04346408694982529,0.001086602220311761,0.20428121089935303,0.021007642149925232,0.01955883949995041,0.009380999021232128,0.0,0.0,0.009417219087481499,0.013763627968728542,0.032598067075014114,0.0,0.0,0.0,0.0,0.00615741265937686,0.0,0.008692817762494087,0.005433010868728161,0.00036220072070136666,0.009417219087481499,0.002173204440623522,0.004346408881247044,0.0,0.002173204440623522,0.004708609543740749,0.0,0.0,0.03042486123740673,0.006519613321870565,0.0,0.005433010868728161,0.007606215309351683,0.00036220072070136666,0.0014488028828054667,0.0016299033304676414,0.0,0.0,0.0,0.0,0.0,0.0014488028828054667,0.0014488028828054667,0.0,0.0,0.0,0.0,0.017385635524988174,0.0,0.0,0.002173204440623522,0.0,0.008692817762494087,0.18037596344947815,0.0,0.0,0.0,0.03622007369995117,0.0,0.0,0.0,0.0,0.004346408881247044,0.0,0.0,0.0,0.0,0.0005433011101558805,0.02879495732486248,0.0,0.0,0.0,0.004817269742488861,0.013546307571232319,0.010358940809965134,0.0,0.0,0.025390271097421646,0.0,0.0,0.00883769802749157,0.002571625169366598,0.00043464088230393827,0.0020283241756260395,0.0,0.002571625169366598,0.0,0.0021007643081247807,0.0,0.00010866022057598457,0.0022094245068728924,0.0,3.622007352532819e-05,0.0018110036617144942,0.0,0.0,0.11383969336748123,0.0,0.0,3.622007352532819e-05,0.0,0.0,0.0,0.0,0.0,0.0,0.00018110036035068333,0.0020283241756260395,0.00036220072070136666,0.0005070810439065099,3.622007352532819e-05,0.0,0.0009055018308572471,0.0017747835954651237,0.0,0.0,0.0,0.0021007643081247807,0.0025354051031172276,0.0,3.622007352532819e-05,0.0,0.0,0.0,0.0,0.0,0.0010141620878130198,0.0,0.0,0.0,0.0005433011101558805,0.0,0.0,0.0,0.0,0.0,0.0,0.0,0.000579521176405251,0.0,0.0,0.0015574631979689002,0.00014488029410131276,0.0032598066609352827,0.0,0.0,0.0,0.0,0.0,0.0,0.0,0.0008692817646078765,0.0,0.0,0.0,0.0,0.0,0.0,0.0,0.0,0.0,0.0,0.0,0.00036220072070136666,0.0,0.0,0.0,0.0,0.0,0.0,0.0,0.00018110036035068333,0.0,0.0003259806544519961,0.0,7.244014705065638e-05,7.244014705065638e-05,0.00036220072070136666,0.0,0.0,0.0,0.0,0.00014488029410131276,0.0,0.000833061698358506,0.0,0.0,0.00018110036035068333,0.0006519613089039922,0.0,0.0,0.0,0.0,0.0,3.622007352532819e-05,0.00010866022057598457,0.0,0.0,0.0,0.0,0.0,0.0,0.00043464088230393827,0.0,0.0,0.0,0.0,0.0,0.0,3.622007352532819e-05,0.0007606215076521039,0.0,0.0,7.244014705065638e-05,0.0002897605882026255,0.00014488029410131276,0.0003259806544519961,0.0,0.0,0.0,0.001159042352810502,0.0,0.0,0.0,0.0,7.244014705065638e-05,0.0,0.0020283241756260395,0.0,0.0,0.01593683287501335,0.0,0.0,0.0,0.0,3.622007352532819e-05,0.0023543047718703747,0.004455069079995155,0.0019558840431272984,7.244014705065638e-05,0.0,0.008765257894992828,0.0,3.622007352532819e-05,0.0,0.0,0.018870657309889793,0.0,0.0,0.0,0.0,0.0,0.0,0.0,0.0,0.0,0.0,0.0,0.0,0.0,0.0,3.622007352532819e-05,0.025752471759915352,0.0,0.0021007643081247807,0.0,0.0,0.0,0.0,0.0,0.0,0.0,0.0,0.0,0.0,0.0,0.0,0.0,0.0005070810439065099,0.0,0.0,0.0,0.0,0.0,0.0,0.0,0.0,0.0,0.0,0.0,0.0,0.0009055018308572471,0.0,0.0015936832642182708,0.0,0.0,0.0,0.0,0.0020283241756260395,0.0,0.0,0.0,0.0,0.0,0.0,0.0,0.0,0.0,7.244014705065638e-05,0.0,0.0,0.0,0.0,0.0,0.0,0.0,0.0,0.0,0.0,0.0,0.0,0.0,0.0,0.0,0.0,0.0,0.0
1780045372668190851,27610,1,0.043462514877319336,0.0010865628719329834,0.20427381992340088,0.021006882190704346,0.0195581316947937,0.00941687822341919,0.0,0.0,0.00941687822341919,0.013763129711151123,0.0325968861579895,0.0,0.0,0.0,0.0,0.006157189607620239,0.0,0.008692502975463867,0.005432814359664917,0.00036218762397766113,0.00941687822341919,0.002173125743865967,0.004346251487731934,0.0,0.002173125743865967,0.004708439111709595,0.0,0.0,0.030423760414123535,0.0065193772315979,0.0,0.005432814359664917,0.007605940103530884,0.00036218762397766113,0.0014487504959106445,0.001629844307899475,0.0,0.0,0.0,0.0,0.0,0.0014487504959106445,0.0014487504959106445,0.0,0.0,0.0,0.0,0.017385005950927734,0.0,0.0,0.002173125743865967,0.0,0.008692502975463867,0.18036943674087524,0.0,0.0,0.0,0.03621876239776611,0.0,0.0,0.0,0.0,0.004346251487731934,0.0,0.0,0.0,0.0,0.0005432814359664917,0.02767113409936428,0.0,0.0,0.0,0.005396595224738121,0.013074972666800022,0.010213690809905529,0.0,0.0,0.02506338246166706,0.0,0.0,0.008511409163475037,0.002390438225120306,0.0005432814359664917,0.0019195943605154753,0.0,0.002462875796481967,0.0,0.001955813029780984,0.0,3.621876021497883e-05,0.0027164071798324585,0.0,0.0,0.0015574067365378141,0.0,0.0,0.11191597580909729,0.0,7.243752042995766e-05,0.00014487504085991532,0.0,0.0,0.0,0.0,0.0,0.0,0.00018109381198883057,0.0019920319318771362,0.0005795001634396613,0.0004708438937086612,0.0,0.0,0.0008692502742633224,0.0019920319318771362,3.621876021497883e-05,0.0,0.0,0.002100688172504306,0.002390438225120306,0.0,0.0,0.0,0.0,0.0,0.0,0.0,0.0011227816576138139,0.0,0.0,0.0,0.0005070626502856612,0.0,0.0,0.0,0.0,0.0,0.0,0.0,0.0007243752479553223,0.0,0.0,0.0018833755748346448,0.00018109381198883057,0.003223469713702798,0.0,0.0,0.0,0.0,0.0,3.621876021497883e-05,0.0,0.0013763129245489836,0.0,0.0,0.0,0.0,0.0,0.0,0.0,0.0,0.0,0.0,0.0,0.00036218762397766113,0.0,0.0,0.0,0.0,0.0,0.0,0.0,0.00018109381198883057,0.0,7.243752042995766e-05,0.0,0.00014487504085991532,0.00014487504085991532,0.00036218762397766113,0.0,0.0,0.0,0.0,0.00032596883829683065,0.0,0.0007968127611093223,0.0,0.0,0.00018109381198883057,0.0008330314885824919,0.0,0.0,0.0,0.0,0.0,3.621876021497883e-05,0.0001086562842829153,0.0,0.0,0.0,0.0,0.0,0.0,0.00032596883829683065,0.0,0.0,0.0,0.0,0.0,0.0,7.243752042995766e-05,0.0007968127611093223,0.0,0.0,0.0,0.0002535313251428306,0.00032596883829683065,0.00032596883829683065,0.0,0.0,0.0,0.001195219112560153,0.0,0.0,0.0,0.0,0.0,0.0,0.0019195943605154753,0.0,0.0,0.015356754884123802,0.0,0.0,0.0,0.0,0.0,0.0022817819844931364,0.004418688826262951,0.0019195943605154753,0.00018109381198883057,0.0,0.008547627367079258,0.0,0.0,0.0,0.0,0.01883375644683838,0.0,0.0,0.0,0.0,0.0,0.0,0.0,0.0,0.0,0.0,0.0,0.0,0.0,0.0,0.0,0.025570444762706757,3.621876021497883e-05,0.0022817819844931364,0.0,0.0,0.0,0.0,0.0,0.0,0.0,7.243752042995766e-05,0.0,0.0,0.0,0.0,0.0,0.0005070626502856612,0.0,0.0,0.0,0.0,0.0,0.0,0.0,0.0,0.0,0.0,0.0,0.0,0.0008692502742633224,0.0,0.0015936255222186446,0.0,0.0,0.0,0.0,0.001955813029780984,0.0,0.0,0.0,0.0,0.0,0.0,0.0,0.0,0.0,0.00018109381198883057,0.0,0.0,0.0,0.0,0.0,0.0,0.0,3.621876021497883e-05,0.0,0.0,0.0,0.0,0.0,0.0,0.0,0.0,0.0,0.0
1780045377668190851,27445,1,0.04372381046414375,0.0010930952848866582,0.20389871299266815,0.021133175119757652,0.019675714895129204,0.008708326146006584,0.0,0.0,0.00947349239140749,0.01384587399661541,0.03279285877943039,0.0,0.0,0.0,0.0,0.006194206420332193,0.0,0.008744762279093266,0.005465476308017969,0.0003643650852609426,0.00947349239140749,0.0021861905697733164,0.004372381139546633,0.0,0.0021861905697733164,0.004736746195703745,0.0,0.0,0.030606668442487717,0.0065585714764893055,0.0,0.005465476308017969,0.007651667110621929,0.0003643650852609426,0.0014574603410437703,0.0016396428691223264,0.0,0.0,0.0,0.0,0.0,0.0014574603410437703,0.0014574603410437703,0.0,0.0,0.0,0.0,0.01748952455818653,0.0,0.0,0.0021861905697733164,0.0,0.008744762279093266,0.17970485985279083,0.0,0.0,0.0,0.036290764808654785,0.0,0.0,0.0,0.0,0.004372381139546633,0.0,0.0,0.0,0.0,0.0005465476424433291,0.030242303386330605,0.0,0.0,0.0,0.005101111251860857,0.014574604108929634,0.010603024624288082,0.0,0.0,0.026270722970366478,0.0,0.0,0.009072691202163696,0.0025505556259304285,0.0004008015966974199,0.0021133176051080227,0.0,0.0025505556259304285,0.0,0.0021133176051080227,0.0,0.0,0.002222627168521285,0.0,0.0,0.0019675714429467916,0.0,0.0,0.1144106388092041,0.0,3.6436507798498496e-05,0.0,0.0,0.0,0.0,0.0,0.0,0.0,0.0001821825426304713,0.002076881006360054,0.0003279285738244653,0.0006558571476489305,0.0,0.0,0.0009109127568081021,0.001894698478281498,0.0,0.0,0.0,0.0021133176051080227,0.0025505556259304285,0.0,0.0,0.0,0.0,0.0,0.0,0.0,0.0009109127568081021,0.0,0.0,0.0,0.0005465476424433291,0.0,0.0,0.0,0.0,0.0,0.0,0.0,0.0007287301705218852,0.0,0.0,0.0017489524325355887,0.0001821825426304713,0.0032792857382446527,0.0,0.0,0.0,0.0,0.0,0.0,0.0,0.0008744762162677944,0.0,0.0,0.0,0.0,0.0,0.0,0.0,0.0,0.0,0.0,0.0,0.0003643650852609426,0.0,0.0,0.0,0.0,0.0,0.0,0.0,0.0001821825426304713,0.0,7.287301559699699e-05,0.0,3.6436507798498496e-05,3.6436507798498496e-05,0.0003643650852609426,0.0,0.0,0.0,0.0,0.0002186190540669486,0.0,0.0007651667110621929,0.0,0.0,0.0001821825426304713,0.0007287301705218852,0.0,3.6436507798498496e-05,0.0,0.0,0.0,0.0,0.00014574603119399399,0.0,0.0,0.0,0.0,0.0,0.0,0.0003279285738244653,0.0,0.0,0.0,0.0,0.0,0.0,0.0001093095270334743,0.0004008015966974199,0.0,0.0,3.6436507798498496e-05,0.0001821825426304713,0.00014574603119399399,0.00029149206238798797,0.0,0.0,0.0,0.0012388413306325674,0.0,0.0,0.0,0.0,0.0,0.0,0.002076881006360054,0.0,0.0,0.017161596566438675,0.0,0.0,0.0,0.0,0.0,0.002477682661265135,0.00495536532253027,0.0021497539710253477,0.0,0.0,0.00980142131447792,0.0,0.0,0.0,0.0,0.019857898354530334,0.0,0.0,0.0,0.0,0.0,0.0,0.0,0.0,0.0,0.0,0.0,0.0,0.0,0.0,0.0,0.026197850704193115,0.0,0.002477682661265135,0.0,0.0,0.0,0.0,0.0,0.0,0.0,0.0,0.0,0.0,0.0,0.0,0.0,0.0005465476424433291,0.0,0.0,0.0,0.0,0.0,0.0,0.0,0.0,0.0,0.0,0.0,0.0,0.0008744762162677944,0.0,0.0016396428691223264,0.0,0.0,0.0,0.0,0.002040444640442729,0.0,0.0,0.0,0.0,0.0,0.0,0.0,0.0,0.0,0.0,0.0,0.0,0.0,0.0,0.0,0.0,0.0,0.0,0.0,0.0,0.0,0.0,0.0,0.0,0.0,0.0,0.0,0.0
1780045382668190851,22143,1,0.04335455968976021,0.0010838640155270696,0.20376642048358917,0.02095470391213894,0.01950955204665661,0.01187734305858612,0.0,0.0,0.009393488056957722,0.013728943653404713,0.03251592069864273,0.0,0.0,0.0,0.0,0.006141895893961191,0.0,0.008670912124216557,0.005419319961220026,0.00036128799547441304,0.009393488056957722,0.002167728031054139,0.004335456062108278,0.0,0.002167728031054139,0.004696744028478861,0.0,0.0,0.030348191037774086,0.006503183860331774,0.0,0.005419319961220026,0.0075870477594435215,0.00036128799547441304,0.0014451519818976521,0.0016257959650829434,0.0,0.0,0.0,0.0,0.0,0.0014451519818976521,0.0014451519818976521,0.0,0.0,0.0,0.0,0.017341824248433113,0.0,0.0,0.002167728031054139,0.0,0.008670912124216557,0.17992141842842102,0.0,0.0,0.0,0.036128800362348557,0.0,0.0,0.0,0.0,0.004335456062108278,0.0,0.0,0.0,0.0,0.0005419320077635348,0.029535293579101562,0.0,0.0,0.0,0.005103192757815123,0.013909587636590004,0.010341868735849857,0.0,0.0,0.025877252221107483,0.0,0.0,0.008941877633333206,0.0025741769932210445,0.0003161269996780902,0.0021225670352578163,4.516099943430163e-05,0.0026193379890173674,0.0,0.0020322450436651707,0.0,0.0,0.0023032110184431076,0.0,0.0,0.001761278952471912,0.0,0.0,0.1142573282122612,0.0,0.0001354830019408837,0.0,0.0,0.0,0.0,0.0,0.0,0.0,0.0001354830019408837,0.0018516009440645576,0.0005870930035598576,0.0008128979825414717,0.0,0.0,0.0009032199741341174,0.0018064399482682347,0.0,0.0,0.0,0.0021225670352578163,0.002438694005832076,0.0,0.0,0.0,0.0,0.0,0.0,0.0,0.0009032199741341174,0.0,0.0,0.0,0.000496771011967212,0.0,0.0,0.0,0.0,0.0,0.0,0.0,0.0007677369867451489,0.0,0.0,0.001987084047868848,0.00018064399773720652,0.003251591930165887,0.0,0.0,0.0,0.0,0.0,0.0,0.0,0.000993542023934424,0.0,0.0,0.0,0.0,0.0,0.0,0.0,0.0,0.0,0.0,0.0,0.00036128799547441304,0.0,0.0,0.0,0.0,0.0,0.0,0.0,0.00018064399773720652,0.0,0.0001354830019408837,0.0,0.0002709660038817674,0.0002709660038817674,0.00036128799547441304,0.0,0.0,0.0,0.0,0.0002709660038817674,0.0,0.0007677369867451489,0.0,0.0,0.00018064399773720652,0.0011290250113233924,0.0,0.0,0.0,0.0,0.0,0.0,0.0001354830019408837,0.0,0.0,0.0,0.0,0.0,0.0,0.0008128979825414717,0.0,0.0,0.0,0.0,0.0,0.0,0.0001354830019408837,0.0008128979825414717,0.0,0.0,4.516099943430163e-05,0.0003161269996780902,0.00018064399773720652,0.0004516099870670587,0.0,0.0,0.0,0.0011290250113233924,0.0,0.0,0.0,0.0,9.032199886860326e-05,0.0,0.0021225670352578163,0.0,4.516099943430163e-05,0.016709569841623306,0.0,0.0,0.0,0.0,0.0,0.0023935330100357533,0.004832226783037186,0.0021225670352578163,4.516099943430163e-05,0.0,0.009303165599703789,0.0,0.0,0.0,0.0,0.01950955204665661,0.0,0.0,0.0,0.0,0.0,0.0,0.0,0.0,0.0,0.0,0.0,0.0,0.0,0.0,0.0,0.02628370188176632,0.0,0.0023935330100357533,0.0,0.0,0.0,0.0,0.0,0.0,0.0,0.0,0.0,0.0,0.0,0.0,0.0,0.000496771011967212,0.0,0.0,0.0,0.0,0.0,0.0,0.0,0.0,0.0,0.0,0.0,0.0,0.0007677369867451489,0.0,0.0016257959650829434,0.0,0.0,0.0,0.0,0.0018516009440645576,0.0,0.0,0.0,0.0,0.0,0.0,0.0,0.0,0.0,0.0001354830019408837,0.0,0.0,0.0,0.0,0.0,0.0,0.0,0.0,0.0,0.0,0.0,0.0,0.0,0.0,0.0,0.0,0.0,0.0
1780045387668190851,27627,1,0.04343577101826668,0.0010858941823244095,0.20414811372756958,0.020993955433368683,0.01954609528183937,0.010026423260569572,0.0,0.0,0.009411083534359932,0.01375466026365757,0.032576825469732285,0.0,0.0,0.0,0.0,0.006153400521725416,0.0,0.008687153458595276,0.005429471377283335,0.00036196474684402347,0.009411083534359932,0.002171788364648819,0.004343576729297638,0.0,0.002171788364648819,0.004705541767179966,0.0,0.0,0.030405038967728615,0.006515365559607744,0.0,0.005429471377283335,0.007601259741932154,0.00036196474684402347,0.0014478589873760939,0.001628841389901936,0.0,0.0,0.0,0.0,0.0,0.0014478589873760939,0.0014478589873760939,0.0,0.0,0.0,0.0,0.017374306917190552,0.0,0.0,0.002171788364648819,0.0,0.008687153458595276,0.18025843799114227,0.0,0.0,0.0,0.036196473985910416,0.0,0.0,0.0,0.0,0.004343576729297638,0.0,0.0,0.0,0.0,0.0005429470911622047,0.029065769165754318,0.0,0.0,0.0,0.005031310021877289,0.013899446465075016,0.010352191515266895,0.0,0.0,0.025482317432761192,0.0,0.0,0.008687153458595276,0.002569949720054865,0.00043435770203359425,0.0020993954967707396,7.239294791361317e-05,0.0026423425879329443,0.0,0.002063198946416378,0.0,3.6196473956806585e-05,0.0020993954967707396,0.0,0.0,0.0016650378238409758,0.0,0.0,0.1140550896525383,0.0,3.6196473956806585e-05,3.6196473956806585e-05,0.0,0.0,0.0,0.0,0.0,0.0,0.00014478589582722634,0.0020993954967707396,0.0005429470911622047,0.0005791435833089054,0.0,0.0,0.0009049118380062282,0.0018098236760124564,0.0,0.0,0.0,0.002171788364648819,0.0024251637514680624,0.0,0.0,0.0,0.0,0.0,0.0,0.0,0.0009773047640919685,0.0,0.0,0.0,0.000506750657223165,0.0,0.0,0.0,0.0,0.0,0.0,0.0,0.0006877330015413463,0.0,0.0,0.0017736272420734167,0.00018098237342201173,0.003257682779803872,0.0,0.0,0.0,0.0,0.0,0.0,0.0,0.0009773047640919685,0.0,0.0,0.0,0.0,0.0,0.0,0.0,0.0,0.0,0.0,0.0,0.00036196474684402347,0.0,0.0,0.0,0.0,0.0,0.0,0.0,0.00018098237342201173,0.0,0.00021717885101679713,0.0,7.239294791361317e-05,7.239294791361317e-05,0.00036196474684402347,0.0,0.0,0.0,0.0,0.00039816120988689363,0.0,0.0007601259858347476,0.0,0.0,0.00018098237342201173,0.0008325189119204879,0.0,3.6196473956806585e-05,0.0,0.0,0.0,0.0,0.00010858942550839856,0.0,0.0,0.0,0.0,0.0,0.0,0.0002895717916544527,0.0,0.0,0.0,0.0,0.0,0.0,0.00018098237342201173,0.0006515365676023066,0.0,0.0,7.239294791361317e-05,0.00018098237342201173,0.00036196474684402347,0.00010858942550839856,0.0,0.0,0.0,0.0011944836005568504,0.0,0.0,0.0,0.0,0.00010858942550839856,0.0,0.002063198946416378,0.0,7.239294791361317e-05,0.016469396650791168,0.0,0.0,0.0,0.0,0.0,0.002388967201113701,0.004705541767179966,0.001954609528183937,0.0,0.0,0.009157707914710045,0.0,0.0,0.0,0.0,0.018894558772444725,0.0,0.0,0.0,0.0,0.0,0.0,0.0,0.0,0.0,0.0,0.0,0.0,0.0,0.0,0.0,0.025916675105690956,0.0,0.002388967201113701,0.0,0.0,0.0,0.0,0.0,0.0,0.0,3.6196473956806585e-05,0.0,0.0,0.0,0.0,0.0,0.0004705541650764644,0.0,0.0,0.0,0.0,0.0,0.0,0.0,0.0,0.0,0.0,0.0,0.0,0.0008687154040671885,0.0,0.0015926448395475745,0.0,0.0,0.0,0.0,0.0020993954967707396,0.0,0.0,0.0,0.0,0.0,0.0,0.0,0.0,0.0,7.239294791361317e-05,0.0,0.0,0.0,0.0,0.0,0.0,0.0,0.0,0.0,0.0,0.0,0.0,0.0,0.0,0.0,0.0,0.0,0.0
1780045392668190851,27572,1,0.043522413820028305,0.0010880603222176433,0.20455534756183624,0.021035833284258842,0.019585086032748222,0.008051646873354912,0.0,0.0,0.009429856203496456,0.013782097958028316,0.032641809433698654,0.0,0.0,0.0,0.0,0.006165675353258848,0.0,0.008704482577741146,0.005440301727503538,0.00036268678377382457,0.009429856203496456,0.0021761206444352865,0.004352241288870573,0.0,0.0021761206444352865,0.004714928101748228,0.0,0.0,0.030465690419077873,0.006528362166136503,0.0,0.005440301727503538,0.007616422604769468,0.00036268678377382457,0.0014507471350952983,0.0016320905415341258,0.0,0.0,0.0,0.0,0.0,0.0014507471350952983,0.0014507471350952983,0.0,0.0,0.0,0.0,0.017408965155482292,0.0,0.0,0.0021761206444352865,0.0,0.008704482577741146,0.180618017911911,0.0,0.0,0.0,0.036268677562475204,0.0,0.0,0.0,0.0,0.004352241288870573,0.0,0.0,0.0,0.0,0.0005440301611088216,0.02952270396053791,0.0,0.0,0.0,0.0050413464196026325,0.01443493366241455,0.010517916642129421,0.0,0.0,0.02582329884171486,0.0,0.0,0.00895836390554905,0.0024662702344357967,0.0003989554534200579,0.0021035834215581417,0.0,0.0025388074573129416,0.0,0.0021035834215581417,0.0,3.6268676922190934e-05,0.0022849268279969692,0.0,0.0,0.0019222398987039924,0.0,0.0,0.11446394771337509,0.0,3.6268676922190934e-05,0.0,0.0,0.0,0.0,0.0,0.0,0.0,0.00018134339188691229,0.00188597128726542,0.0005440301611088216,0.0006165675586089492,0.0,0.0,0.0009067169739864767,0.001777165220119059,0.0,0.0,0.0,0.0020673146937042475,0.00232119532302022,0.0,0.0,0.0,0.0,3.6268676922190934e-05,0.0,0.0,0.0009067169739864767,0.0,0.0,0.0,0.0005440301611088216,0.0,0.0,0.0,0.0,0.0,0.0,0.0,0.0007253735675476491,0.0,0.0,0.0017408966086804867,0.00018134339188691229,0.0032641810830682516,0.0,0.0,0.0,0.0,0.0,3.6268676922190934e-05,0.0,0.0009067169739864767,0.0,0.0,0.0,0.0,0.0,0.0,0.0,0.0,0.0,0.0,0.0,0.0002901494153775275,0.0,0.0,0.0,0.0,0.0,0.0,0.0,0.00018134339188691229,0.0,0.00014507470768876374,0.0,0.00021761207608506083,0.00021761207608506083,0.00036268678377382457,0.0,0.0,0.0,0.0,0.00018134339188691229,0.0,0.0007616422371938825,0.0,0.0,0.00018134339188691229,0.0006165675586089492,0.0,3.6268676922190934e-05,0.0,0.0,0.0,0.0,0.00010880603804253042,0.0,0.0,0.0,7.253735384438187e-05,0.0,0.0,0.00018134339188691229,0.0,0.0,0.0,0.0,0.0,0.0,7.253735384438187e-05,0.000580298830755055,0.0,0.0,0.0,0.00021761207608506083,0.00025388074573129416,0.00032641811412759125,0.0,0.0,0.0,0.001305672456510365,0.0,0.0,0.0,0.0,0.0,0.0,0.0021035834215581417,0.0,0.0,0.016683591529726982,0.0,0.0,0.0,0.0,0.0,0.0023937327787280083,0.004823734052479267,0.0021035834215581417,3.6268676922190934e-05,0.0,0.009611199609935284,0.0,0.0,0.0,0.0,0.019403742626309395,0.0,0.0,0.0,0.0,0.0,0.0,0.0,0.0,0.0,0.0,0.0,0.0,0.0,0.0,0.0,0.026077179238200188,0.0,0.0022123893722891808,0.0,0.0,0.0,0.0,0.0,0.0,0.0,0.0,0.0,0.0,0.0,0.0,0.0,0.0005077614914625883,0.0,0.0,0.0,0.0,0.0,0.0,0.0,0.0,0.0,0.0,0.0,0.0,0.0008341795764863491,0.0,0.0016320905415341258,0.0,0.0,0.0,0.0,0.0018497025594115257,0.0,0.0,0.0,0.0,0.0,0.0,0.0,0.0,0.0,0.00018134339188691229,0.0,0.0,0.0,0.0,0.0,0.0,0.0,0.0,0.0,0.0,0.0,0.0,0.0,0.0,0.0,0.0,0.0,0.0
1780045397668190851,27618,1,0.043449923396110535,0.0010862480849027634,0.2042146474123001,0.021000796929001808,0.01955246552824974,0.009703815914690495,0.0,0.0,0.00941415037959814,0.013759142719209194,0.0325874425470829,0.0,0.0,0.0,0.0,0.006155406124889851,0.0,0.008689984679222107,0.005431240424513817,0.0003620827046688646,0.00941415037959814,0.0021724961698055267,0.0043449923396110535,0.0,0.0021724961698055267,0.00470707518979907,0.0,0.0,0.030414946377277374,0.00651748850941658,0.0,0.005431240424513817,0.007603736594319344,0.0003620827046688646,0.0014483308186754584,0.001629372127354145,0.0,0.0,0.0,0.0,0.0,0.0014483308186754584,0.0014483308186754584,0.0,0.0,0.0,0.0,0.017379969358444214,0.0,0.0,0.0021724961698055267,0.0,0.008689984679222107,0.18031717836856842,0.0,0.0,0.0,0.036208268254995346,0.0,0.0,0.0,0.0,0.0043449923396110535,0.0,0.0,0.0,0.0,0.0005431240424513817,0.0284234918653965,0.0,0.0,0.0,0.004888116382062435,0.013541893102228642,0.010319356806576252,0.0,0.0,0.025816496461629868,0.0,0.0,0.008726192638278008,0.002570787211880088,0.0005793322925455868,0.0020638713613152504,3.6208268284099177e-05,0.0026432035956531763,0.0,0.002027663169428706,0.0,7.241653656819835e-05,0.002244912786409259,3.6208268284099177e-05,0.0,0.001665580435656011,0.0,0.0,0.11344050616025925,3.6208268284099177e-05,0.0,3.6208268284099177e-05,0.0,0.0,0.0,0.0,0.0,0.0,0.0001448330731363967,0.0018466217443346977,0.0005431240424513817,0.000651748850941658,0.0,0.0,0.0010500397766008973,0.001955246552824974,0.0,0.0,0.0,0.0021000795532017946,0.002353537594899535,0.0,3.6208268284099177e-05,0.0,0.0,0.0,0.0,0.0,0.0009414150263182819,0.0,0.0,0.0,0.0005069157923571765,0.0,0.0,0.0,0.0,0.0,0.0,0.0,0.0006879571010358632,3.6208268284099177e-05,0.0,0.0018104135524481535,0.0001810413523344323,0.003222536062821746,0.0,0.0,0.0,0.0,0.0,0.0,0.0,0.0007965819677338004,0.0,0.0,0.0,0.0,0.0,0.0,0.0,0.0,0.0,0.0,0.0,0.000325874425470829,0.0,0.0,0.0,0.0,0.0,0.0,0.0,0.0001810413523344323,0.0,0.0001810413523344323,0.0,0.0002896661462727934,0.0002896661462727934,0.0003620827046688646,0.0,0.0,0.0,0.0,0.0003620827046688646,0.0,0.0007965819677338004,0.0,0.0,0.0001810413523344323,0.0008689984679222107,0.0,0.0,0.0,0.0,0.0,0.0,0.00010862480849027634,0.0,0.0,0.0,3.6208268284099177e-05,0.0,0.0,0.00043449923396110535,0.0,0.0,0.0,0.0,0.0,0.0,0.0,0.000651748850941658,0.0,0.0,0.0001448330731363967,0.00025345789617858827,0.0001810413523344323,0.00021724961698055267,0.0,0.0,0.0,0.0010862480849027634,0.0,3.6208268284099177e-05,0.0,0.0,0.0001810413523344323,0.0,0.0019914547447115183,0.0,3.6208268284099177e-05,0.015859222039580345,0.0,0.0,0.0,0.0,0.0,0.0023173291701823473,0.00445361714810133,0.0020638713613152504,7.241653656819835e-05,0.0,0.00890723429620266,0.0,0.0,0.0,0.0,0.01937142387032509,0.0,0.0,0.0,0.0,0.0,0.0,0.0,0.0,0.0,0.0,0.0,0.0,0.0,0.0,0.0,0.025671662762761116,0.0,0.002353537594899535,0.0,0.0,0.0,0.0,0.0,0.0,0.0,0.0,0.0,0.0,0.0,0.0,0.0,0.0005069157923571765,0.0,0.0,0.0,0.0,0.0,0.0,0.0,0.0,0.0,0.0,0.0,0.0,0.0009052067762240767,0.0,0.001665580435656011,0.0,0.0,0.0,0.0,0.0018104135524481535,0.0,0.0,0.0,0.0,0.0,0.0,0.0,0.0,0.0,0.00025345789617858827,0.0,0.0,0.0,0.0,0.0,0.0,0.0,0.0,0.0,0.0,0.0,0.0,0.0,0.0,0.0,0.0,0.0,0.0
1780045402668190851,27615,1,0.043454643338918686,0.0010863661300390959,0.20423683524131775,0.021003078669309616,0.019554590806365013,0.009596234187483788,0.0,0.0,0.009415172971785069,0.013760637491941452,0.03259098157286644,0.0,0.0,0.0,0.0,0.0061560748144984245,0.0,0.008690929040312767,0.005431830417364836,0.00036212202394381166,0.009415172971785069,0.0021727322600781918,0.0043454645201563835,0.0,0.0021727322600781918,0.004707586485892534,0.0,0.0,0.03041825070977211,0.006518196780234575,0.0,0.005431830417364836,0.0076045626774430275,0.00036212202394381166,0.0014484880957752466,0.0016295491950586438,0.0,0.0,0.0,0.0,0.0,0.0014484880957752466,0.0014484880957752466,0.0,0.0,0.0,0.0,0.017381858080625534,0.0,0.0,0.0021727322600781918,0.0,0.008690929040312767,0.18033677339553833,0.0,0.0,0.0,0.03621220216155052,0.0,0.0,0.0,0.0,0.0043454645201563835,0.0,0.0,0.0,0.0,0.0005431830650195479,0.03038203902542591,0.0,0.0,0.0,0.004961072001606226,0.014774578623473644,0.01061017531901598,0.0,0.0,0.026217635720968246,0.0,0.0,0.00905305054038763,0.0025348542258143425,0.00032590984483249485,0.0021727322600781918,0.0,0.0025348542258143425,0.0,0.0021727322600781918,0.0,0.0,0.0021003077272325754,0.0,0.0,0.0019916712772101164,0.0,0.0,0.11522722989320755,0.0,0.0,0.0,0.0,0.0,0.0,0.0,0.0,0.0,0.00018106101197190583,0.0020278834272176027,0.0004707586485892534,0.0007242440478876233,0.0,0.0,0.0009053050889633596,0.0017743980279192328,0.0,0.0,0.0,0.0021003077272325754,0.00246242992579937,0.0,0.0,0.0,0.0,0.0,0.0,0.0,0.0009053050889633596,0.0,0.0,0.0,0.0005069708568044007,0.0,0.0,0.0,0.0,0.0,0.0,0.0,0.0007604562561027706,0.0,0.0,0.0017381857614964247,0.00018106101197190583,0.0032590983901172876,0.0,0.0,0.0,0.0,0.0,3.621220457716845e-05,0.0,0.0010139417136088014,0.0,0.0,0.0,0.0,0.0,0.0,0.0,0.0,0.0,0.0,0.0,0.00036212202394381166,0.0,0.0,0.0,0.0,0.0,0.0,0.0,0.00018106101197190583,0.0,0.00043454644037410617,0.0,0.00010863661009352654,0.00010863661009352654,0.00036212202394381166,0.0,0.0,0.0,0.0,0.00018106101197190583,0.0,0.0007242440478876233,0.0,0.0,0.00018106101197190583,0.0007242440478876233,0.0,0.0,0.0,0.0,0.0,0.0,0.0001448488183086738,0.0,0.0,0.0,0.0,0.0,0.0,0.0002896976366173476,0.0,0.0,0.0,0.0,0.0,0.0,0.0,0.0007966684643179178,0.0,0.0,0.00018106101197190583,0.00032590984483249485,0.00018106101197190583,0.0001448488183086738,0.0,0.0,0.0,0.0012674271129071712,0.0,0.0,0.0,0.0,0.0,0.0,0.0021727322600781918,0.0,0.0,0.017309432849287987,0.0,0.0,0.0,0.0,0.0,0.0025348542258143425,0.004961072001606226,0.0021003077272325754,0.0,0.0,0.009994568303227425,0.0,0.0,0.0,0.0,0.019916711375117302,0.0,0.0,0.0,0.0,0.0,0.0,0.0,0.0,0.0,0.0,0.0,0.0,0.0,0.0,0.0,0.026290059089660645,0.0,0.00242621754296124,0.0,0.0,0.0,0.0,0.0,0.0,0.0,0.0,0.0,0.0,0.0,0.0,0.0,0.0005069708568044007,0.0,0.0,0.0,0.0,0.0,0.0,0.0,0.0,0.0,0.0,0.0,0.0,0.0008328806725330651,0.0,0.0016295491950586438,0.0,0.0,0.0,0.0,0.0019916712772101164,0.0,0.0,0.0,0.0,0.0,0.0,0.0,0.0,0.0,3.621220457716845e-05,0.0,0.0,0.0,0.0,0.0,0.0,0.0,0.0,0.0,0.0,0.0,0.0,0.0,0.0,0.0,0.0,0.0,0.0
1780045407668190851,22104,1,0.043431054800748825,0.0010857763700187206,0.20412595570087433,0.020991675555706024,0.019543973729014397,0.010133912786841393,0.0,0.0,0.009410061873495579,0.013753166422247887,0.032573290169239044,0.0,0.0,0.0,0.0,0.006152732763439417,0.0,0.008686210960149765,0.005428881850093603,0.0003619254566729069,0.009410061873495579,0.0021715527400374413,0.0043431054800748825,0.0,0.0021715527400374413,0.004705030936747789,0.0,0.0,0.03040173649787903,0.0065146577544510365,0.0,0.005428881850093603,0.007600434124469757,0.0003619254566729069,0.0014477018266916275,0.0016286644386127591,0.0,0.0,0.0,0.0,0.0,0.0014477018266916275,0.0014477018266916275,0.0,0.0,0.0,0.0,0.01737242192029953,0.0,0.0,0.0021715527400374413,0.0,0.008686210960149765,0.18023887276649475,0.0,0.0,0.0,0.03619254380464554,0.0,0.0,0.0,0.0,0.0043431054800748825,0.0,0.0,0.0,0.0,0.0005428881850093603,0.030175533145666122,0.0,0.0,0.0,0.005066956393420696,0.014567499049007893,0.0106315603479743,0.0,0.0,0.026103872805833817,0.0,0.0,0.009002895094454288,0.002533478196710348,0.0003619254566729069,0.0021715527400374413,0.0,0.002533478196710348,0.0,0.0021715527400374413,0.0,0.0,0.0021715527400374413,0.0,0.0,0.0018548679072409868,0.0,0.0,0.11522801220417023,0.0,4.524068208411336e-05,0.0,0.0,0.0,0.0,0.0,0.0,0.0,0.00018096272833645344,0.0020810712594538927,0.0004071661096531898,0.000633369549177587,0.0,0.0,0.0009048135834746063,0.00176438654307276,0.0,0.0,0.0,0.002126311883330345,0.0024429967161267996,0.0,0.0,0.0,0.0,4.524068208411336e-05,0.0,0.0,0.0009048135834746063,0.0,0.0,0.0,0.0005428881850093603,0.0,0.0,0.0,0.0,0.0,0.0,0.0,0.0007238509133458138,0.0,0.0,0.0018548679072409868,0.00022620339586865157,0.0032573288772255182,0.0,0.0,0.0,0.0,0.0,0.0,0.0,0.0009048135834746063,0.0,0.0,0.0,0.0,0.0,0.0,0.0,0.0,0.0,0.0,0.0,0.0003166847745887935,0.0,0.0,0.0,0.0,0.0,0.0,0.0,0.00018096272833645344,0.0,0.0003619254566729069,0.0,4.524068208411336e-05,4.524068208411336e-05,0.0003619254566729069,0.0,0.0,0.0,0.0,0.0004071661096531898,0.0,0.0007238509133458138,0.0,0.0,0.00018096272833645344,0.000633369549177587,0.0,0.0,0.0,0.0,0.0,0.0,0.00018096272833645344,0.0,0.0,0.0,4.524068208411336e-05,0.0,0.0,0.00045240679173730314,0.0,0.0,0.0,0.0,0.0,0.0,9.048136416822672e-05,0.000497647502925247,0.0,0.0,4.524068208411336e-05,0.00027144409250468016,0.00018096272833645344,0.00022620339586865157,0.0,0.0,0.0,0.001266739098355174,0.0,0.0,0.0,0.0,0.0,0.0,0.0021715527400374413,0.0,0.0,0.017100976780056953,0.0,0.0,0.0,0.0,0.0,0.002533478196710348,0.0050217155367136,0.0021715527400374413,0.0,0.0,0.009681505151093006,0.0,0.0,0.0,0.0,0.01972493715584278,0.0,0.0,0.0,0.0,0.0,0.0,0.0,0.0,0.0,0.0,0.0,0.0,0.0,0.0,0.0,0.026330076158046722,0.0,0.0024429967161267996,0.0,0.0,0.0,0.0,0.0,0.0,0.0,0.0,0.0,0.0,0.0,0.0,0.0,0.0005428881850093603,0.0,0.0,0.0,0.0,0.0,0.0,0.0,0.0,0.0,0.0,0.0,0.0,0.0009048135834746063,0.0,0.0016286644386127591,0.0,0.0,0.0,0.0,0.0020810712594538927,0.0,0.0,0.0,0.0,0.0,0.0,0.0,0.0,0.0,4.524068208411336e-05,0.0,0.0,0.0,0.0,0.0,0.0,0.0,0.0,0.0,0.0,0.0,0.0,0.0,0.0,0.0,0.0,0.0,0.0
1780045412668190851,27655,1,0.043391790241003036,0.001084794756025076,0.20394141972064972,0.02097269892692566,0.01952630653977394,0.011028747074306011,0.0,0.0,0.009401555173099041,0.013740734197199345,0.03254384547472,0.0,0.0,0.0,0.0,0.006147170439362526,0.0,0.008678358048200607,0.0054239737801253796,0.0003615982714109123,0.009401555173099041,0.002169589512050152,0.004339179024100304,0.0,0.002169589512050152,0.0047007775865495205,0.0,0.0,0.030374255031347275,0.0065087685361504555,0.0,0.0054239737801253796,0.007593563757836819,0.0003615982714109123,0.001446393085643649,0.0016271921340376139,0.0,0.0,0.0,0.0,0.0,0.001446393085643649,0.001446393085643649,0.0,0.0,0.0,0.0,0.017356716096401215,0.0,0.0,0.002169589512050152,0.0,0.008678358048200607,0.18007592856884003,0.0,0.0,0.0,0.03615982457995415,0.0,0.0,0.0,0.0,0.004339179024100304,0.0,0.0,0.0,0.0,0.000542397378012538,0.02834930457174778,0.0,0.0,0.0,0.005243174731731415,0.013957693241536617,0.010414030402898788,0.0,0.0,0.025528836995363235,0.0,0.0,0.008750678040087223,0.002458868082612753,0.000542397378012538,0.0020249502267688513,0.0,0.002458868082612753,0.0,0.0020972699858248234,0.0,3.615982495830394e-05,0.0023503887932747602,0.0,0.0,0.001699511893093586,0.0,0.0,0.11289098113775253,0.0,3.615982495830394e-05,0.00010847947851289064,0.0,0.0,0.0,0.0,0.0,0.0,0.00014463929983321577,0.0020249502267688513,0.000542397378012538,0.0006508769001811743,0.0,0.0,0.0009401554707437754,0.0018441511783748865,0.0,0.0,0.0,0.0021334297489374876,0.0023865485563874245,0.0,0.0,0.0,0.0,0.0,0.0,0.0,0.0009763152920641005,0.0,0.0,0.0,0.00043391791405156255,0.0,0.0,0.0,0.0,0.0,0.0,0.0,0.0007593563641421497,0.0,0.0,0.0017718315357342362,0.00014463929983321577,0.0032543842680752277,0.0,0.0,0.0,0.0,0.0,3.615982495830394e-05,0.0,0.0009039956494234502,0.0,0.0,0.0,0.0,0.0,0.0,0.0,0.0,0.0,0.0,0.0,0.0003615982714109123,0.0,0.0,0.0,0.0,0.0,0.0,0.0,0.00018079913570545614,0.0,0.00018079913570545614,0.0,0.00010847947851289064,0.00010847947851289064,0.0003615982714109123,0.0,0.0,0.0,0.0,0.00028927859966643155,0.0,0.0007593563641421497,0.0,0.0,0.00018079913570545614,0.0009763152920641005,0.0,3.615982495830394e-05,0.0,0.0,0.0,0.0,0.00014463929983321577,0.0,0.0,0.0,0.0,0.0,0.0,0.00028927859966643155,0.0,0.0,0.0,0.0,0.0,0.0,7.231964991660789e-05,0.0009763152920641005,0.0,0.0,0.00014463929983321577,0.0005062375566922128,0.00032543845009058714,0.0003615982714109123,0.0,0.0,0.0,0.0012655939208343625,0.0,0.0,0.0,0.0,0.0,0.0,0.001988790463656187,0.0,0.0,0.015729524195194244,0.0,0.0,0.0,0.0,0.0,0.002278069034218788,0.004809257108718157,0.001952630584128201,7.231964991660789e-05,0.0,0.009293075650930405,0.0,0.0,0.0,0.0,0.019200867041945457,0.0,0.0,0.0,0.0,0.0,0.0,0.0,0.0,0.0,0.0,0.0,0.0,0.0,0.0,0.0,0.025384198874235153,0.0,0.002278069034218788,0.0,0.0,0.0,0.0,0.0,0.0,0.0,7.231964991660789e-05,0.0,0.0,0.0,0.0,0.0,0.00043391791405156255,0.0,0.0,0.0,0.0,0.0,0.0,0.0,0.0,0.0,0.0,0.0,0.0,0.0007593563641421497,0.0,0.0016271921340376139,0.0,0.0,0.0,0.0,0.001988790463656187,0.0,0.0,0.0,0.0,0.0,0.0,0.0,0.0,0.0,7.231964991660789e-05,0.0,0.0,0.0,0.0,0.0,0.0,0.0,0.0,0.0,0.0,0.0,0.0,0.0,0.0,0.0,0.0,0.0,0.0
1780045417668190851,27661,1,0.04338238015770912,0.0010845594806596637,0.20389717817306519,0.020968150347471237,0.01952207088470459,0.011243266984820366,0.0,0.0,0.009399515576660633,0.013737753964960575,0.032536786049604416,0.0,0.0,0.0,0.0,0.006145837251096964,0.0,0.00867647584527731,0.00542279751971364,0.0003615198365878314,0.009399515576660633,0.0021691189613193274,0.004338237922638655,0.0,0.0021691189613193274,0.0046997577883303165,0.0,0.0,0.030367664992809296,0.006507357116788626,0.0,0.00542279751971364,0.007591916248202324,0.0003615198365878314,0.0014460793463513255,0.0016268392791971564,0.0,0.0,0.0,0.0,0.0,0.0014460793463513255,0.0014460793463513255,0.0,0.0,0.0,0.0,0.01735295169055462,0.0,0.0,0.0021691189613193274,0.0,0.00867647584527731,0.18003687262535095,0.0,0.0,0.0,0.036151982843875885,0.0,0.0,0.0,0.0,0.004338237922638655,0.0,0.0,0.0,0.0,0.0005422797403298318,0.029102345928549767,0.0,0.0,0.0,0.005025125574320555,0.013990817591547966,0.010339466854929924,0.0,0.0,0.025957124307751656,0.0,0.0,0.0089295394718647,0.0024944867473095655,0.0003615198365878314,0.0021329668816179037,0.0,0.0024944867473095655,0.0,0.0021329668816179037,0.0,0.0,0.002205271041020751,0.0,0.0,0.0017714471323415637,0.0,0.0,0.11452948302030563,7.230396295199171e-05,3.6151981475995854e-05,0.0,0.0,0.0,0.0,0.0,0.0,0.0,0.0001807599182939157,0.0017714471323415637,0.0005784317036159337,0.0006145837251096964,0.0,0.0,0.0009037995478138328,0.0018437511753290892,0.0,0.0,0.0,0.0020606629550457,0.0023137268144637346,0.0,0.0,0.0,0.0,0.0,0.0,0.0,0.0009037995478138328,0.0,0.0,0.0,0.00050612777704373,0.0,0.0,0.0,0.0,0.0,0.0,0.0,0.0006868876516819,3.6151981475995854e-05,0.0,0.0016268392791971564,0.0003253678441978991,0.003217526478692889,0.0,0.0,0.0,0.0,0.0,7.230396295199171e-05,0.0,0.0009399515693075955,0.0,0.0,0.0,0.0,0.0,0.0,0.0,0.0,0.0,0.0,0.0,0.0003253678441978991,0.0,0.0,0.0,0.0,0.0,0.0,0.0,0.0001807599182939157,0.0,0.00021691189613193274,0.0,0.0003253678441978991,0.0003253678441978991,0.0003615198365878314,0.0,0.0,0.0,0.0,0.0003615198365878314,0.0,0.0006868876516819,0.0,0.0,0.0001807599182939157,0.0012653194135054946,0.0,0.0,0.0,0.0,0.0,0.0,0.00010845594806596637,0.0,0.0,0.0,3.6151981475995854e-05,0.0,0.0,0.00050612777704373,0.0,0.0,0.0,0.0,0.0,0.0,0.00010845594806596637,0.00101225555408746,0.0,0.0,7.230396295199171e-05,0.00046997578465379775,0.00021691189613193274,0.0003976717998739332,0.0,0.0,0.0,0.0011568634072318673,0.0,0.0,0.0,0.0,7.230396295199171e-05,0.0,0.0020606629550457,0.0,0.0,0.016123784705996513,0.0,0.0,0.0,0.0,0.0,0.0023137268144637346,0.004844365641474724,0.0020606629550457,7.230396295199171e-05,0.0,0.00936336349695921,0.0,0.0,0.0,0.0,0.01963052712380886,0.0,0.0,0.0,0.0,0.0,0.0,0.0,0.0,0.0,0.0,0.0,0.0,0.0,0.0,0.0,0.02628249116241932,0.0,0.0021329668816179037,0.0,0.0,0.0,0.0,0.0,0.0,0.0,0.0,0.0,0.0,0.0,0.0,0.0,0.00050612777704373,0.0,0.0,0.0,0.0,0.0,0.0,0.0,0.0,0.0,0.0,0.0,0.0,0.0008314956212416291,0.0,0.0016629912424832582,0.0,0.0,0.0,0.0,0.0017352951690554619,3.6151981475995854e-05,0.0,0.0,0.0,0.0,0.0,0.0,0.0,0.0,0.00021691189613193274,0.0,0.0,0.0,0.0,0.0,0.0,0.0,0.0,0.0,0.0,0.0,0.0,0.0,0.0,0.0,0.0,0.0,0.0
1780045422668190851,27674,1,0.04336199909448624,0.001084050047211349,0.20380140841007233,0.020958300679922104,0.019512901082634926,0.011707739904522896,0.0,0.0,0.009395100176334381,0.01373129989951849,0.03252150118350983,0.0,0.0,0.0,0.0,0.006142950151115656,0.0,0.008672400377690792,0.00542024988681078,0.00036135001573711634,0.009395100176334381,0.002168100094422698,0.004336200188845396,0.0,0.002168100094422698,0.0046975500881671906,0.0,0.0,0.030353400856256485,0.00650430005043745,0.0,0.00542024988681078,0.007588350214064121,0.00036135001573711634,0.0014454000629484653,0.0016260750126093626,0.0,0.0,0.0,0.0,0.0,0.0014454000629484653,0.0014454000629484653,0.0,0.0,0.0,0.0,0.017344800755381584,0.0,0.0,0.002168100094422698,0.0,0.008672400377690792,0.17995230853557587,0.0,0.0,0.0,0.0361349992454052,0.0,0.0,0.0,0.0,0.004336200188845396,0.0,0.0,0.0,0.0,0.0005420250236056745,0.029305486008524895,0.0,0.0,0.0,0.0048782252706587315,0.014020380564033985,0.010515284724533558,0.0,0.0,0.02587266080081463,0.0,0.0,0.008997615426778793,0.002384910127148032,0.00036135001573711634,0.001987424911931157,0.0,0.0025294499937444925,0.0,0.002168100094422698,0.0,3.613499939092435e-05,0.002059695078060031,0.0,0.0,0.0016260750126093626,0.0,0.0,0.11422273516654968,0.0,0.0,0.0,0.0,0.0,0.0,0.0,0.0,0.0,0.00018067500786855817,0.0018428850453346968,0.0005781599902547896,0.0006504299817606807,0.0,0.0,0.0009033749811351299,0.0018428850453346968,0.0,0.0,0.0,0.002095829928293824,0.0024571800604462624,0.0,0.0,0.0,0.0,0.0,0.0,0.0,0.0009033749811351299,0.0,0.0,0.0,0.00046975500299595296,0.0,0.0,0.0,0.0,0.0,0.0,0.0,0.0007227000314742327,0.0,0.0,0.0017344800289720297,0.0002168100036215037,0.003252150025218725,0.0,0.0,0.0,3.613499939092435e-05,0.0,7.22699987818487e-05,0.0,0.0012647249968722463,0.0,0.0,0.0,0.0,0.0,0.0,0.0,0.0,0.0,0.0,0.0,0.00036135001573711634,0.0,0.0,0.0,0.0,0.0,0.0,0.0,0.00018067500786855817,0.0,0.0002168100036215037,0.0,0.00032521499088034034,0.00032521499088034034,0.00036135001573711634,0.0,0.0,0.0,0.0,0.00046975500299595296,0.0,0.0007588349981233478,0.0,0.0,0.00018067500786855817,0.0012647249968722463,0.0,3.613499939092435e-05,0.0,0.0,0.0,0.0,7.22699987818487e-05,0.0,0.0,0.0,0.0,0.0,0.0,0.0006865650066174567,0.0,0.0,0.0,0.0,0.0,0.0,0.00010840500181075186,0.0009395100059919059,0.0,0.0,3.613499939092435e-05,0.0001445399975636974,0.0004336200072430074,0.00032521499088034034,0.0,0.0,0.0,0.001192455063574016,0.0,0.0,0.0,0.0,0.0,0.0,0.001987424911931157,0.0,0.0,0.016477560624480247,0.0,0.0,0.0,0.0,3.613499939092435e-05,0.0024210449773818254,0.004733684938400984,0.002023559994995594,0.0,0.0,0.009142154827713966,0.0,0.0,0.0,0.0,0.019476765766739845,0.0,0.0,0.0,0.0,0.0,0.0,0.0,0.0,0.0,0.0,0.0,0.0,0.0,0.0,0.0,0.025728119537234306,0.0,0.0023487750440835953,0.0,0.0,0.0,0.0,0.0,0.0,0.0,0.0,0.0,0.0,0.0,0.0,0.0,0.00046975500299595296,0.0,0.0,0.0,0.0,0.0,0.0,0.0,0.0,0.0,0.0,0.0,0.0,0.0008672400144860148,0.0,0.0016260750126093626,0.0,0.0,0.0,0.0,0.0017706149956211448,0.0,0.0,0.0,0.0,0.0,0.0,0.0,0.0,0.0,0.0001445399975636974,0.0,0.0,0.0,3.613499939092435e-05,0.0,0.0,0.0,0.0,0.0,0.0,0.0,0.0,0.0,0.0,0.0,0.0,0.0,0.0
1780045427668190851,27686,1,0.043343205004930496,0.0010835801949724555,0.2037130743265152,0.020949216559529305,0.019504442811012268,0.012136097997426987,0.0,0.0,0.009391027502715588,0.013725348748266697,0.03250740468502045,0.0,0.0,0.0,0.0,0.00614028749987483,0.0,0.008668641559779644,0.005417900625616312,0.0003611933789215982,0.009391027502715588,0.002167160389944911,0.004334320779889822,0.0,0.002167160389944911,0.004695513751357794,0.0,0.0,0.030340244993567467,0.006501480937004089,0.0,0.005417900625616312,0.007585061248391867,0.0003611933789215982,0.0014447735156863928,0.0016253702342510223,0.0,0.0,0.0,0.0,0.0,0.0014447735156863928,0.0014447735156863928,0.0,0.0,0.0,0.0,0.017337283119559288,0.0,0.0,0.002167160389944911,0.0,0.008668641559779644,0.17987430095672607,0.0,0.0,0.0,0.03611933812499046,0.0,0.0,0.0,0.0,0.004334320779889822,0.0,0.0,0.0,0.0,0.0005417900974862278,0.029220543801784515,0.0,0.0,0.0,0.004839991219341755,0.01412266120314598,0.010366249829530716,0.0,0.0,0.02607816271483898,0.0,0.0,0.008993715047836304,0.0025283535942435265,0.0003250740410294384,0.002167160389944911,0.0,0.002492234343662858,0.0,0.002167160389944911,0.0,0.00014447735156863928,0.002239398891106248,0.0,0.0,0.0018420862033963203,0.0,0.0,0.11467889696359634,0.0,0.0,0.0,0.0,0.0,0.0,0.0,0.0,0.0,0.0001805966894607991,0.0018782055703923106,0.0006501480820588768,0.0007585061248391867,7.223867578431964e-05,0.0,0.0009752221521921456,0.0017698475858196616,0.0,0.0,0.0,0.002131040906533599,0.002383876359090209,0.0,0.0,0.0,0.0,0.0,0.0,0.0,0.000902983476407826,0.0,0.0,0.0,0.0005417900974862278,0.0,0.0,0.0,0.0,0.0,0.0,0.0,0.0007223867578431964,0.0,0.0,0.0018420862033963203,0.0001805966894607991,0.0032507404685020447,0.0,0.0,0.0,0.0,0.0,3.611933789215982e-05,0.0,0.0012641767971217632,0.0,0.0,0.0,0.0,0.0,0.0,0.0,0.0,0.0,0.0,0.0,0.0003611933789215982,0.0,0.0,0.0,0.0,0.0,0.0,0.0,0.0001805966894607991,0.0,0.00014447735156863928,0.0,0.00028895470313727856,0.00028895470313727856,0.0003611933789215982,0.0,0.0,0.0,0.0,0.0003250740410294384,0.0,0.0007585061248391867,0.0,0.0,0.0001805966894607991,0.0010474608279764652,0.0,0.0,0.0,0.0,0.0,0.0,0.00010835801367647946,0.0,0.0,0.0,0.0,0.0,0.0,0.0005056707304902375,0.0,0.0,0.0,0.0,0.0,0.0,0.00010835801367647946,0.0007585061248391867,0.0,0.0,3.611933789215982e-05,0.00046955139259807765,0.000397312716813758,0.00046955139259807765,0.0,0.0,0.0,0.0011558188125491142,0.0,0.0,0.0,0.0,3.611933789215982e-05,0.0,0.0020949216559529305,0.0,0.0,0.016325941309332848,0.0,0.0,0.0,0.0,7.223867578431964e-05,0.0023116376250982285,0.004695513751357794,0.002167160389944911,0.0,0.0,0.00910207349807024,0.0,0.0,0.0,0.0,0.019685039296746254,0.0,0.0,0.0,0.0,0.0,0.0,0.0,0.0,0.0,0.0,0.0,0.0,0.0,0.0,7.223867578431964e-05,0.02611428126692772,0.0,0.0023116376250982285,0.0,0.0,0.0,0.0,0.0,0.0,0.0,0.0,0.0,0.0,0.0,0.0,0.0,0.0005417900974862278,0.0,0.0,0.0,0.0,0.0,0.0,0.0,0.0,0.0,0.0,0.0,0.0,0.0008668641094118357,0.0,0.0015531315002590418,0.0,0.0,0.0,0.0,0.0018420862033963203,0.0,0.0,0.0,0.0,0.0,0.0,0.0,0.0,0.0,0.00025283536524511874,0.0,0.0,0.0,0.0,0.0,0.0,0.0,0.0,0.0,0.0,0.0,0.0,0.0,0.0,0.0,0.0,0.0,0.0
1780045432668190851,22086,1,0.04346644878387451,0.0010866612428799272,0.20429231226444244,0.02100878395140171,0.01955990307033062,0.00932717602699995,0.0,0.0,0.009417730383574963,0.013764375820755959,0.032599836587905884,0.0,0.0,0.0,0.0,0.006157747004181147,0.0,0.008693289943039417,0.005433306097984314,0.00036222042399458587,0.009417730383574963,0.0021733224857598543,0.004346644971519709,0.0,0.0021733224857598543,0.004708865191787481,0.0,0.0,0.030426515266299248,0.006519967224448919,0.0,0.005433306097984314,0.007606628816574812,0.00036222042399458587,0.0014488816959783435,0.0016299918061122298,0.0,0.0,0.0,0.0,0.0,0.0014488816959783435,0.0014488816959783435,0.0,0.0,0.0,0.0,0.017386579886078835,0.0,0.0,0.0021733224857598543,0.0,0.008693289943039417,0.1803857684135437,0.0,0.0,0.0,0.03622204065322876,0.0,0.0,0.0,0.0,0.004346644971519709,0.0,0.0,0.0,0.0,0.0005433306214399636,0.030335959047079086,0.0,0.0,0.0,0.005071085877716541,0.014624648727476597,0.010594947263598442,0.0,0.0,0.026215702295303345,0.0,0.0,0.00905551016330719,0.0025355429388582706,0.00036222042399458587,0.002128044841811061,0.0,0.0024902652949094772,0.0,0.002082767430692911,0.0,0.0,0.0021733224857598543,0.0,0.0,0.001901657204143703,0.0,0.0,0.11523136496543884,0.0,4.5277552999323234e-05,0.0,0.0,0.0,0.0,0.0,0.0,0.0,0.00018111021199729294,0.0019469347316771746,0.00040749795152805746,0.0007244408479891717,0.0,0.0,0.000905551016330719,0.001811102032661438,0.0,0.0,0.0,0.002082767430692911,0.0025355429388582706,0.0,0.0,0.0,0.0,0.0,0.0,0.0,0.000905551016330719,0.0,0.0,0.0,0.0005433306214399636,0.0,0.0,0.0,0.0,0.0,0.0,0.0,0.0006791632622480392,0.0,0.0,0.0019469347316771746,0.00022638775408267975,0.0032599836122244596,0.0,0.0,0.0,4.5277552999323234e-05,0.0,4.5277552999323234e-05,0.0,0.0009508286020718515,0.0,0.0,0.0,0.0,0.0,0.0,0.0,0.0,0.0,0.0,0.0,0.00036222042399458587,0.0,0.0,0.0,0.0,0.0,0.0,0.0,0.00018111021199729294,0.0,0.0004527755081653595,0.0,0.0001358326553599909,0.0001358326553599909,0.00036222042399458587,0.0,0.0,0.0,0.0,0.0002716653107199818,0.0,0.0007244408479891717,0.0,0.0,0.00018111021199729294,0.0008602734887972474,0.0,0.0,0.0,0.0,0.0,0.0,0.00022638775408267975,0.0,0.0,0.0,0.0,0.0,0.0,0.0004527755081653595,0.0,0.0,0.0,0.0,0.0,0.0,9.055510599864647e-05,0.000498053093906492,0.0,0.0,9.055510599864647e-05,0.00022638775408267975,9.055510599864647e-05,0.00022638775408267975,0.0,0.0,0.0,0.0012677714694291353,0.0,0.0,0.0,0.0,0.0,0.0,0.002128044841811061,0.0,0.0,0.017296025529503822,0.0,0.0,0.0,0.0,0.0,0.0024902652949094772,0.005071085877716541,0.0021733224857598543,0.0,0.0,0.009689396247267723,0.0,0.0,0.0,0.0,0.019922122359275818,0.0,0.0,0.0,0.0,0.0,0.0,0.0,0.0,0.0,0.0,0.0,0.0,0.0,0.0,0.0,0.026215702295303345,0.0,0.0025355429388582706,0.0,0.0,0.0,0.0,0.0,0.0,0.0,0.0,0.0,0.0,0.0,0.0,0.0,0.0005433306214399636,0.0,0.0,0.0,0.0,0.0,0.0,0.0,0.0,0.0,0.0,0.0,0.0,0.000905551016330719,0.0,0.0016299918061122298,0.0,0.0,0.0,0.0,0.001901657204143703,0.0,0.0,0.0,0.0,0.0,0.0,0.0,0.0,0.0,0.0,0.0,0.0,0.0,4.5277552999323234e-05,0.0,0.0,0.0,0.0,0.0,0.0,0.0,0.0,0.0,0.0,0.0,0.0,0.0,0.0
1780045437668190851,27634,1,0.04342476651072502,0.0010856192093342543,0.20409640669822693,0.02098863758146763,0.019541144371032715,0.010277194902300835,0.0,0.0,0.009408699348568916,0.013751176185905933,0.03256857395172119,0.0,0.0,0.0,0.0,0.006151841953396797,0.0,0.008684953674674034,0.005428095813840628,0.0003618730406742543,0.009408699348568916,0.0021712384186685085,0.004342476837337017,0.0,0.0021712384186685085,0.004704349674284458,0.0,0.0,0.030397336930036545,0.006513714790344238,0.0,0.005428095813840628,0.007599334232509136,0.0003618730406742543,0.0014474921626970172,0.0016284286975860596,0.0,0.0,0.0,0.0,0.0,0.0014474921626970172,0.0014474921626970172,0.0,0.0,0.0,0.0,0.017369907349348068,0.0,0.0,0.0021712384186685085,0.0,0.008684953674674034,0.18021278083324432,0.0,0.0,0.0,0.0361873060464859,0.0,0.0,0.0,0.0,0.004342476837337017,0.0,0.0,0.0,0.0,0.0005428096046671271,0.03021639958024025,0.0,0.0,0.0,0.004957661032676697,0.014583484269678593,0.010566692799329758,0.0,0.0,0.02623579651117325,0.0,0.0,0.009046826511621475,0.0024969240184873343,0.0003618730406742543,0.0021712384186685085,0.0,0.0025331114884465933,0.0,0.0021712384186685085,0.0,0.0,0.0021712384186685085,0.0,0.0,0.0017731779953464866,0.0,0.0,0.11503944545984268,0.0,0.0,0.0,0.0,0.0,0.0,0.0,0.0,0.0,0.00018093652033712715,0.0019179271766915917,0.0004704349848907441,0.0006875587860122323,0.0,0.0,0.000904682616237551,0.0017731779953464866,0.0,0.0,0.0,0.002098863711580634,0.0024969240184873343,0.0,0.0,0.0,0.0,0.0,0.0,0.0,0.000904682616237551,0.0,0.0,0.0,0.0005428096046671271,0.0,0.0,0.0,0.0,0.0,0.0,0.0,0.0007237460813485086,0.0,0.0,0.002098863711580634,0.00018093652033712715,0.003256857395172119,0.0,0.0,0.0,3.6187306250212714e-05,0.0,7.237461250042543e-05,0.0,0.001049431855790317,0.0,0.0,0.0,0.0,0.0,0.0,0.0,0.0,0.0,0.0,0.0,0.0003618730406742543,0.0,0.0,0.0,0.0,0.0,0.0,0.0,0.00018093652033712715,0.0,0.00010856191511265934,0.0,0.00021712383022531867,0.00021712383022531867,0.0003618730406742543,0.0,0.0,0.0,0.0,0.0003618730406742543,0.0,0.0007237460813485086,0.0,0.0,0.00018093652033712715,0.0009408699697814882,0.0,0.0,0.0,0.0,0.0,0.0,0.00014474922500085086,0.0,0.0,0.0,0.0,0.0,0.0,0.0004704349848907441,0.0,0.0,0.0,0.0,0.0,0.0,7.237461250042543e-05,0.0007237460813485086,0.0,0.0,0.0,0.00021712383022531867,0.00025331112556159496,0.000325685745337978,0.0,0.0,0.0,0.0011941810371354222,0.0,0.0,0.0,0.0,0.0,0.0,0.0021712384186685085,0.0,0.0,0.017116595059633255,0.0,0.0,0.0,0.0,0.0,0.0025331114884465933,0.004921473562717438,0.0021712384186685085,0.0,0.0,0.009662010706961155,0.0,0.0,0.0,0.0,0.019903017207980156,0.0,0.0,0.0,0.0,0.0,0.0,0.0,0.0,0.0,0.0,0.0,0.0,0.0,0.0,0.0,0.02612723410129547,0.0,0.0024245495442301035,0.0,0.0,0.0,0.0,0.0,0.0,0.0,0.0,0.0,0.0,0.0,0.0,0.0,0.0005428096046671271,0.0,0.0,0.0,0.0,0.0,0.0,0.0,0.0,0.0,0.0,0.0,0.0,0.0008323080255649984,0.0,0.0016284286975860596,0.0,0.0,0.0,0.0,0.0018455525860190392,0.0,0.0,0.0,0.0,0.0,0.0,0.0,0.0,0.0,7.237461250042543e-05,0.0,0.0,0.0,0.0,0.0,0.0,0.0,0.0,0.0,0.0,0.0,0.0,0.0,0.0,0.0,0.0,0.0,0.0
1780045442668190851,27617,1,0.043451495468616486,0.0010862874332815409,0.20422203838825226,0.021001556888222694,0.01955317333340645,0.00966795813292265,0.0,0.0,0.00941449124366045,0.013759640976786613,0.03258862346410751,0.0,0.0,0.0,0.0,0.006155628710985184,0.0,0.008690299466252327,0.005431436933577061,0.00036209580139257014,0.00941449124366045,0.0021725748665630817,0.0043451497331261635,0.0,0.0021725748665630817,0.004707245621830225,0.0,0.0,0.03041604720056057,0.006517724599689245,0.0,0.005431436933577061,0.0076040118001401424,0.00036209580139257014,0.0014483832055702806,0.0016294311499223113,0.0,0.0,0.0,0.0,0.0,0.0014483832055702806,0.0014483832055702806,0.0,0.0,0.0,0.0,0.017380598932504654,0.0,0.0,0.0021725748665630817,0.0,0.008690299466252327,0.18032371997833252,0.0,0.0,0.0,0.036209579557180405,0.0,0.0,0.0,0.0,0.0043451497331261635,0.0,0.0,0.0,0.0,0.0005431437166407704,0.028171053156256676,0.0,0.0,0.0,0.00485208397731185,0.013144077733159065,0.010174891911447048,0.0,0.0,0.025093238800764084,0.0,0.0,0.008762718178331852,0.0025708803441375494,0.0005793533055111766,0.001991526922211051,3.620958159444854e-05,0.0025708803441375494,0.0,0.0021363652776926756,0.0,0.00014483832637779415,0.002244994044303894,3.620958159444854e-05,0.0,0.0014483832055702806,0.0,0.0,0.11264801025390625,0.0,3.620958159444854e-05,3.620958159444854e-05,0.0,0.0,0.0,0.0,0.0,0.0,0.00018104790069628507,0.001810479094274342,0.0003983053902629763,0.0004707245680037886,0.0,0.0,0.0009776586666703224,0.0017380599165335298,0.0,0.0,0.0,0.0020639460999518633,0.0023898323997855186,0.0,3.620958159444854e-05,0.0,0.0,0.0,0.0,0.0,0.0009414491360075772,0.0,0.0,0.0,0.00043451497913338244,0.0,0.0,0.0,0.0,0.0,0.0,0.0,0.0007241916027851403,3.620958159444854e-05,0.0,0.001557011972181499,3.620958159444854e-05,0.0032588622998446226,0.0,0.0,0.0,3.620958159444854e-05,0.0,3.620958159444854e-05,0.0,0.0011949161998927593,0.0,0.0,0.0,0.0,0.0,0.0,0.0,0.0,0.0,0.0,0.0,0.00036209580139257014,0.0,0.0,0.0,0.0,0.0,0.0,0.0,0.00018104790069628507,0.0,0.00014483832637779415,0.0,0.00025346706388518214,0.00025346706388518214,0.00036209580139257014,0.0,0.0,0.0,0.0,0.00032588624162599444,0.0,0.0008690299582667649,0.0,0.0,0.00018104790069628507,0.0006517724832519889,0.0,0.0,0.0,0.0,0.0,0.0,3.620958159444854e-05,0.0,0.0,0.0,0.0,0.0,0.0,0.0005069341277703643,0.0,0.0,0.0,0.0,0.0,0.0,7.241916318889707e-05,0.0005793533055111766,0.0,0.0,0.00025346706388518214,0.0004707245680037886,0.00018104790069628507,0.0002896766527555883,0.0,0.0,0.0,0.0010138682555407286,0.0,0.0,0.0,0.0,0.00014483832637779415,0.0,0.001991526922211051,0.0,3.620958159444854e-05,0.015497700311243534,0.0,0.0,0.0,0.0,7.241916318889707e-05,0.0023536228109151125,0.004308940377086401,0.001991526922211051,3.620958159444854e-05,0.0,0.008400622755289078,0.0,0.0,0.0,0.0,0.01864793337881565,0.0,0.0,0.0,0.0,0.0,0.0,0.0,0.0,0.0,0.0,0.0,0.0,0.0,0.0,0.0,0.024803563952445984,0.0,0.002208784455433488,0.0,0.0,0.0,0.0,0.0,0.0,0.0,0.0,0.0,0.0,0.0,0.0,0.0,0.00043451497913338244,0.0,0.0,0.0,0.0,0.0,0.0,0.0,0.0,0.0,0.0,0.0,0.0,0.000905239547137171,0.0,0.001557011972181499,0.0,0.0,0.0,0.0,0.001774269505403936,3.620958159444854e-05,0.0,0.0,0.0,0.0,0.0,0.0,0.0,0.0,0.00014483832637779415,0.0,0.0,0.0,3.620958159444854e-05,0.0,0.0,0.0,0.0,0.0,0.0,0.0,0.0,0.0,0.0,0.0,0.0,0.0,0.0
1780045447668190851,5534,1,0.04336826875805855,0.001084206742234528,0.20383086800575256,0.020961329340934753,0.01951572112739086,0.011564871296286583,0.0,0.0,0.00939645804464817,0.01373328547924757,0.032526202499866486,0.0,0.0,0.0,0.0,0.006143838167190552,0.0,0.008673653937876225,0.0054210335947573185,0.0003614022280089557,0.00939645804464817,0.002168413484469056,0.004336826968938112,0.0,0.002168413484469056,0.004698229022324085,0.0,0.0,0.030357787385582924,0.006505240220576525,0.0,0.0054210335947573185,0.007589446846395731,0.0003614022280089557,0.0014456089120358229,0.0016263100551441312,0.0,0.0,0.0,0.0,0.0,0.0014456089120358229,0.0014456089120358229,0.0,0.0,0.0,0.0,0.01734730787575245,0.0,0.0,0.002168413484469056,0.0,0.008673653937876225,0.17997831106185913,0.0,0.0,0.0,0.03614022582769394,0.0,0.0,0.0,0.0,0.004336826968938112,0.0,0.0,0.0,0.0,0.000542103371117264,0.030357787385582924,0.0,0.0,0.0,0.004878930281847715,0.014456089586019516,0.010299963876605034,0.0,0.0,0.026201661676168442,0.0,0.0,0.009035056456923485,0.0025298157706856728,0.0003614022280089557,0.0018070111982524395,0.0,0.0025298157706856728,0.0,0.002168413484469056,0.0,0.0,0.002168413484469056,0.0,0.0,0.0016263100551441312,0.0,0.0,0.11492591351270676,0.0,0.00018070111400447786,0.0,0.0,0.0,0.0,0.0,0.0,0.0,0.00018070111400447786,0.002168413484469056,0.0007228044560179114,0.0009035055991262197,0.0,0.0,0.0009035055991262197,0.0018070111982524395,0.0,0.0,0.0,0.002168413484469056,0.0025298157706856728,0.0,0.0,0.0,0.0,0.0,0.0,0.0,0.0009035055991262197,0.0,0.0,0.0,0.000542103371117264,0.0,0.0,0.0,0.0,0.0,0.0,0.0,0.0007228044560179114,0.0,0.0,0.001987712224945426,0.00018070111400447786,0.0032526201102882624,0.0,0.0,0.0,0.0,0.0,0.0,0.0,0.0012649078853428364,0.0,0.0,0.0,0.0,0.0,0.0,0.0,0.0,0.0,0.0,0.0,0.0003614022280089557,0.0,0.0,0.0,0.0,0.0,0.0,0.0,0.00018070111400447786,0.0,0.0003614022280089557,0.0,0.0,0.0,0.0003614022280089557,0.0,0.0,0.0,0.0,0.000542103371117264,0.0,0.0007228044560179114,0.0,0.0,0.00018070111400447786,0.001084206742234528,0.0,0.0,0.0,0.0,0.0,0.0,0.00018070111400447786,0.0,0.0,0.0,0.0,0.0,0.0,0.0007228044560179114,0.0,0.0,0.0,0.0,0.0,0.0,0.0,0.0009035055991262197,0.0,0.0,0.0,0.0,0.00018070111400447786,0.000542103371117264,0.0,0.0,0.0,0.0012649078853428364,0.0,0.0,0.0,0.0,0.0,0.0,0.0018070111982524395,0.0,0.0,0.01734730787575245,0.0,0.0,0.0,0.0,0.0,0.0025298157706856728,0.004878930281847715,0.002168413484469056,0.0,0.0,0.00975786056369543,0.0,0.0,0.0,0.0,0.019877122715115547,0.0,0.0,0.0,0.0,0.0,0.0,0.0,0.0,0.0,0.0,0.0,0.0,0.0,0.0,0.0,0.0260209608823061,0.0,0.0025298157706856728,0.0,0.0,0.0,0.0,0.0,0.0,0.0,0.0,0.0,0.0,0.0,0.0,0.0,0.000542103371117264,0.0,0.0,0.0,0.0,0.0,0.0,0.0,0.0,0.0,0.0,0.0,0.0,0.000542103371117264,0.0,0.0016263100551441312,0.0,0.0,0.0,0.0,0.002168413484469056,0.0,0.0,0.0,0.0,0.0,0.0,0.0,0.0,0.0,0.0,0.0,0.0,0.0,0.0,0.0,0.0,0.0,0.0,0.0,0.0,0.0,0.0,0.0,0.0,0.0,0.0,0.0,0.0
