window_start_ns,total_events,label,sc_mmap,sc_clock_gettime,sc_close,sc_read,sc_mprotect,sc_switch,sc_open,sc_fstat,sc_access,sc_brk,sc_rt_sigaction,sc_futex,sc_times,sc_stat,sc_lstat,sc_munmap,sc_dup,sc_arch_prctl,sc_execve,sc_gettimeofday,sc_write,sc_procexit,sc_geteuid,sc_getppid,sc_exit_group,sc_getpid,sc_epoll_ctl,sc_epoll_wait,sc_rt_sigprocmask,sc_clone,sc_setsid,sc_ioctl,sc_wait4,sc_uname,sc_statfs,sc_signaldeliver,sc_chdir,sc_sigreturn,sc_recvfrom,sc_getpeername,sc_getsockname,sc_socket,sc_connect,sc_setsockopt,sc_sendto,sc_sched_yield,sc_select,sc_pread,sc_io_getevents,sc_getcwd,sc_lseek,sc_gettid,sc_set_robust_list,sc_fcntl,sc_pwrite,sc_getdents,sc_container,sc_openat,sc_sigaltstack,sc_getrlimit,sc_fsync,sc_unlink,sc_set_tid_address,sc_sched_getaffinity,sc_setrlimit,sc_madvise,sc_exit,bg_clock_gettime_clock_gettime,bg_mmap_mmap,bg_fstat_mmap,bg_times_times,bg_access_open,bg_mmap_close,bg_mprotect_mprotect,bg_read_read,bg_open_fstat,bg_clock_gettime_futex,bg_rt_sigaction_rt_sigaction,bg_lstat_lstat,bg_futex_switch,bg_brk_brk,bg_mmap_mprotect,bg_close_access,bg_mmap_arch_prctl,bg_mprotect_munmap,bg_mprotect_mmap,bg_read_fstat,bg_mmap_access,bg_open_read,bg_access_mmap,bg_close_mmap,bg_brk_access,bg_arch_prctl_mprotect,bg_execve_brk,bg_switch_clock_gettime,bg_futex_clock_gettime,bg_close_close,bg_rt_sigaction_geteuid,bg_getpid_rt_sigaction,bg_close_munmap,bg_stat_stat,bg_getppid_stat,bg_dup_dup,bg_brk_getppid,bg_geteuid_brk,bg_munmap_getpid,bg_gettimeofday_gettimeofday,bg_exit_group_procexit,bg_switch_read,bg_read_switch,bg_rt_sigaction_read,bg_close_open,bg_mmap_read,bg_read_close,bg_ioctl_rt_sigaction,bg_uname_statfs,bg_fstat_close,bg_close_exit_group,bg_close_rt_sigprocmask,bg_statfs_stat,bg_rt_sigprocmask_execve,bg_dup_setsid,bg_stat_uname,bg_read_clone,bg_signaldeliver_sigreturn,bg_lstat_stat,bg_munmap_close,bg_stat_ioctl,bg_stat_rt_sigaction,bg_dup_close,bg_rt_sigaction_execve,bg_mmap_write,bg_stat_fstat,bg_brk_open,bg_munmap_lstat,bg_sigreturn_write,bg_procexit_signaldeliver,bg_chdir_dup,bg_close_execve,bg_munmap_brk,bg_setsid_close,bg_wait4_switch,bg_write_switch,bg_write_read,bg_switch_open,bg_switch_futex,bg_open_dup,bg_clone_wait4,bg_read_chdir,bg_switch_exit_group,bg_epoll_wait_switch,bg_switch_close,bg_clock_gettime_socket,bg_getsockname_getpeername,bg_epoll_ctl_close,bg_setsockopt_connect,bg_connect_epoll_ctl,bg_socket_setsockopt,bg_futex_futex,bg_getpeername_clock_gettime,bg_procexit_clock_gettime,bg_epoll_ctl_getsockname,bg_recvfrom_switch,bg_clock_gettime_write,bg_read_futex,bg_gettimeofday_sendto,bg_gettimeofday_recvfrom,bg_clock_gettime_gettimeofday,bg_epoll_wait_epoll_wait,bg_switch_recvfrom,bg_switch_epoll_wait,bg_clock_gettime_read,bg_recvfrom_clock_gettime,bg_switch_switch,bg_clock_gettime_epoll_ctl,bg_switch_procexit,bg_exit_group_switch,bg_close_clock_gettime,bg_futex_read,bg_clock_gettime_epoll_wait,bg_read_clock_gettime,bg_clock_gettime_sched_yield,bg_switch_brk,bg_sched_yield_clock_gettime,bg_write_close,bg_sendto_gettimeofday,bg_select_switch,bg_write_clock_gettime,bg_execve_switch,bg_close_futex,bg_switch_gettimeofday,bg_clock_gettime_stat,bg_read_epoll_ctl,bg_sendto_switch,bg_read_exit_group,bg_procexit_read,bg_switch_select,bg_epoll_ctl_switch,bg_switch_chdir,bg_clock_gettime_switch,bg_stat_clock_gettime,bg_switch_getsockname,bg_switch_mprotect,bg_switch_dup,bg_procexit_select,bg_futex_epoll_wait,bg_procexit_futex,bg_epoll_wait_clock_gettime,bg_stat_futex,bg_munmap_switch,bg_close_switch,bg_getpeername_epoll_ctl,bg_open_switch,bg_arch_prctl_switch,bg_switch_mmap,bg_procexit_switch,bg_mmap_switch,tg_times_times_times,tg_clock_gettime_clock_gettime_clock_gettime,tg_open_fstat_mmap,tg_read_read_read,tg_close_access_open,tg_mmap_close_access,tg_fstat_mmap_close,tg_fstat_mmap_mprotect,tg_mmap_mprotect_mmap,tg_read_fstat_mmap,tg_mmap_mmap_arch_prctl,tg_access_open_read,tg_mprotect_mprotect_munmap,tg_mmap_mmap_mmap,tg_lstat_lstat_lstat,tg_open_read_fstat,tg_mmap_access_open,tg_access_open_fstat,tg_access_mmap_access,tg_mprotect_mmap_mmap,tg_mmap_mmap_close,tg_close_mmap_mmap,tg_mmap_close_mmap,tg_brk_access_mmap,tg_mprotect_mprotect_mprotect,tg_mmap_arch_prctl_mprotect,tg_arch_prctl_mprotect_mprotect,tg_execve_brk_access,tg_clock_gettime_futex_switch,tg_rt_sigaction_rt_sigaction_rt_sigaction,tg_getpid_rt_sigaction_geteuid,tg_brk_brk_getppid,tg_getppid_stat_stat,tg_brk_getppid_stat,tg_rt_sigaction_geteuid_brk,tg_geteuid_brk_brk,tg_munmap_getpid_rt_sigaction,tg_mprotect_munmap_getpid,tg_clock_gettime_clock_gettime_futex,tg_futex_clock_gettime_clock_gettime,tg_futex_switch_clock_gettime,tg_switch_clock_gettime_futex,tg_clock_gettime_futex_clock_gettime,tg_gettimeofday_gettimeofday_gettimeofday,tg_rt_sigaction_rt_sigaction_read,tg_close_close_close,tg_ioctl_rt_sigaction_rt_sigaction,tg_close_close_rt_sigprocmask,tg_uname_statfs_stat,tg_fstat_mmap_read,tg_read_close_munmap,tg_close_rt_sigprocmask_execve,tg_rt_sigaction_read_clone,tg_fstat_close_open,tg_stat_uname_statfs,tg_close_munmap_close,tg_dup_dup_setsid,tg_stat_ioctl_rt_sigaction,tg_munmap_close_exit_group,tg_stat_rt_sigaction_rt_sigaction,tg_lstat_lstat_stat,tg_rt_sigaction_rt_sigaction_execve,tg_stat_stat_ioctl,tg_lstat_stat_uname,tg_dup_dup_dup,tg_open_fstat_close,tg_stat_stat_rt_sigaction,tg_fstat_mmap_write,tg_stat_fstat_mmap,tg_statfs_stat_fstat,tg_brk_brk_open,tg_close_munmap_lstat,tg_munmap_lstat_lstat,tg_brk_open_fstat,tg_mmap_read_read,tg_signaldeliver_sigreturn_write,tg_read_read_close,tg_procexit_signaldeliver_sigreturn,tg_close_open_fstat,tg_chdir_dup_dup,tg_dup_close_execve,tg_close_exit_group_procexit,tg_munmap_brk_brk,tg_mprotect_munmap_brk,tg_setsid_close_close,tg_exit_group_procexit_signaldeliver,tg_dup_setsid_close,tg_rt_sigprocmask_execve_brk,tg_open_dup_close,tg_switch_open_dup,tg_close_execve_brk,tg_switch_read_read,tg_read_clone_wait4,tg_wait4_switch_open,tg_rt_sigaction_execve_brk,tg_clone_wait4_switch,tg_read_chdir_dup,tg_read_read_chdir,tg_write_read_switch,tg_read_switch_exit_group,proc_sh,proc_df,proc_user,proc_erl_child_setup,proc_mysqld,proc_mongod,proc_container:011fdbdbf777,proc_container:95cf5d7c594f,proc_container:f8cd5974589d,proc_container:7aeb4e77cfbf
1780049372927439898,27963,0,0.04291385039687157,0.0010728462366387248,0.2056288719177246,0.020741693675518036,0.01931123249232769,0.008690054528415203,0.0,0.0,0.009298000484704971,0.013589385896921158,0.0321853868663311,0.0,0.0,0.0,0.0,0.006079462356865406,0.0,0.008582769893109798,0.005364231299608946,0.00035761541221290827,0.009298000484704971,0.0021456924732774496,0.004291384946554899,0.0,0.0021456924732774496,0.004649000242352486,0.0,0.0,0.030039696022868156,0.0064370776526629925,0.0,0.005364231299608946,0.007509924005717039,0.00035761541221290827,0.001430461648851633,0.0016092694131657481,0.0,0.0,0.0,0.0,0.0,0.001430461648851633,0.001430461648851633,0.0,0.0,0.0,0.0,0.017165539786219597,0.0,0.0,0.0021456924732774496,0.0,0.008582769893109798,0.18238386511802673,0.0,0.0,0.0,0.03611915931105614,0.0,0.0,0.0,0.0,0.004291384946554899,0.0,0.0,0.0,0.0,0.0005364231183193624,0.029610557481646538,0.0,0.0,0.0,0.005042377393692732,0.014233093708753586,0.010478131473064423,0.0,0.0,0.025569502264261246,0.0,0.0,0.008725816383957863,0.0025033080019056797,0.0004291385121177882,0.002109931083396077,0.0,0.0025033080019056797,0.0,0.002109931083396077,0.0,3.576154267648235e-05,0.002217215718701482,0.0,0.0,0.0018596001900732517,0.0,0.0,0.11522369086742401,0.0,7.15230853529647e-05,3.576154267648235e-05,0.0,0.0,0.0,0.0,0.0,0.0,0.00017880770610645413,0.001895361696369946,0.00046490004751831293,0.0005721846828237176,0.0,0.0,0.0008940385305322707,0.0017880770610645413,0.0,0.0,0.0,0.002038407837972045,0.0025033080019056797,0.0,0.0,0.0,0.0,0.0,0.0,0.0,0.0008940385305322707,0.0,0.0,0.0,0.0005006616120226681,0.0,0.0,0.0,0.0,0.0,0.0,0.0,0.0007152308244258165,0.0,0.0,0.001895361696369946,0.0002145692560588941,0.00318277720361948,0.0,0.0,0.0,0.0,0.0,3.576154267648235e-05,0.0,0.0010013232240453362,0.0,0.0,0.0,0.0,0.0,0.0,0.0,0.0,0.0,0.0,0.0,0.00035761541221290827,0.0,0.0,0.0,0.0,0.0,0.0,0.0,0.00017880770610645413,0.0,0.0002145692560588941,0.0,0.00010728462802944705,0.00010728462802944705,0.00035761541221290827,0.0,0.0,0.0,0.0,0.00017880770610645413,0.0,0.0007152308244258165,0.0,0.0,0.00017880770610645413,0.0007509923889301717,0.0,0.0,0.0,0.0,0.0,0.0,0.00010728462802944705,0.0,0.0,0.0,0.0,0.0,0.0,0.00025033080601133406,0.0,0.0,0.0,0.0,0.0,0.0,0.00017880770610645413,0.00039337697671726346,0.0,0.0,0.0,0.00010728462802944705,0.00017880770610645413,0.00010728462802944705,0.0,0.0,0.0,0.0012158923782408237,0.0,0.0,0.0,0.0,0.0,0.0,0.002109931083396077,0.0,0.0,0.016950970515608788,0.0,0.0,0.0,0.0,0.0,0.0024317847564816475,0.004935092758387327,0.002074169460684061,3.576154267648235e-05,0.0,0.009405285120010376,0.0,0.0,0.0,0.0,0.01923970878124237,0.0,0.0,0.0,0.0,0.0,0.0,0.0,0.0,0.0,0.0,0.0,0.0,0.0,0.0,0.0,0.025998640805482864,0.0,0.002360261743888259,0.0,0.0,0.0,0.0,0.0,0.0,0.0,0.0,0.0,0.0,0.0,0.0,0.0,0.0005006616120226681,0.0,0.0,0.0,0.0,0.0,0.0,0.0,0.0,0.0,0.0,0.0,0.0,0.0008940385305322707,0.0,0.0016092694131657481,0.0,0.0,0.0,0.0,0.0018596001900732517,0.0,0.0,0.0,0.0,0.0,0.0,0.0,0.0,3.576154267648235e-05,0.00010728462802944705,0.0,0.0,0.0,0.0,0.0,0.0,0.0,0.0,0.0,0.0,0.0,0.0,0.0,0.0,0.0,0.0,0.0,0.0
1780049377927439898,27997,0,0.042861733585596085,0.0010715434327721596,0.20537914335727692,0.020716505125164986,0.019287779927253723,0.009893917478621006,0.0,0.0,0.009286709129810333,0.013572882860898972,0.03214630112051964,0.0,0.0,0.0,0.0,0.006072079297155142,0.0,0.008572347462177277,0.005357716698199511,0.0003571811248548329,0.009286709129810333,0.002143086865544319,0.004286173731088638,0.0,0.002143086865544319,0.004643354564905167,0.0,0.0,0.03000321425497532,0.00642926013097167,0.0,0.005357716698199511,0.00750080356374383,0.0003571811248548329,0.0014287244994193316,0.0016073150327429175,0.0,0.0,0.0,0.0,0.0,0.0014287244994193316,0.0014287244994193316,0.0,0.0,0.0,0.0,0.017144694924354553,0.0,0.0,0.002143086865544319,0.0,0.008572347462177277,0.18216237425804138,0.0,0.0,0.0,0.03607529401779175,0.0,0.0,0.0,0.0,0.004286173731088638,0.0,0.0,0.0,0.0,0.0005357717163860798,0.027931563556194305,0.0,0.0,0.0,0.005071972031146288,0.012822802178561687,0.010108225978910923,0.0,0.0,0.025145551189780235,0.0,0.0,0.008572347462177277,0.002535986015573144,0.00042861734982579947,0.0018930599326267838,0.0,0.002571704098954797,0.0,0.002000214299187064,0.0,7.143622497096658e-05,0.0022859591990709305,3.571811248548329e-05,0.0,0.0017501874826848507,0.0,0.0,0.11415509134531021,0.0,0.0,0.00010715433745644987,0.0,0.0,0.0,0.0,0.0,0.0,0.00014287244994193316,0.001857341849245131,0.0005714897997677326,0.000500053574796766,0.0,0.0,0.0008929528412409127,0.0019287781324237585,0.0,0.0,0.0,0.002143086865544319,0.002393113449215889,0.0,0.0,0.0,0.0,3.571811248548329e-05,0.0,0.0,0.0008929528412409127,0.0,0.0,0.0,0.00046433546231128275,0.0,0.0,0.0,0.0,0.0,0.0,0.0,0.0006786441663280129,0.0,0.0,0.0017859056824818254,0.00017859056242741644,0.003214630065485835,0.0,0.0,0.0,0.0,0.0,0.0,0.0,0.001035825232975185,0.0,0.0,0.0,0.0,0.0,0.0,0.0,0.0,0.0,0.0,0.0,0.0003571811248548329,0.0,0.0,0.0,0.0,0.0,0.0,0.0,0.00017859056242741644,0.0,0.00014287244994193316,0.0,0.000250026787398383,0.00021430867491289973,0.0003571811248548329,0.0,0.0,0.0,0.0,0.00021430867491289973,0.0,0.0007500803912989795,0.0,0.0,0.00017859056242741644,0.0008929528412409127,0.0,0.0,0.0,0.0,0.0,0.0,0.00010715433745644987,0.0,0.0,0.0,0.0,0.0,0.0,0.00014287244994193316,0.0,0.0,0.0,0.0,0.0,0.0,0.00010715433745644987,0.0007500803912989795,0.0,0.0,3.571811248548329e-05,0.00014287244994193316,0.00021430867491289973,0.00021430867491289973,0.0,0.0,0.0,0.0011072615161538124,0.0,0.0,0.0,0.0,0.00017859056242741644,0.0,0.0018216237658634782,0.0,0.0,0.01557309739291668,0.0,0.0,0.0,0.0,0.0,0.002357395365834236,0.004250455182045698,0.0018216237658634782,0.00014287244994193316,0.0,0.008322319947183132,0.0,0.0,0.0,0.0,0.018966317176818848,0.0,0.0,0.0,0.0,0.0,0.0,0.0,0.0,0.0,0.0,0.0,0.0,0.0,0.0,0.0,0.026038503274321556,0.0,0.002214523032307625,0.0,0.0,0.0,0.0,0.0,0.0,0.0,0.0,0.0,0.0,0.0,0.0,0.0,0.00046433546231128275,0.0,0.0,0.0,0.0,0.0,0.0,0.0,0.0,0.0,0.0,0.0,0.0,0.0008572346996515989,0.0,0.0016073150327429175,0.0,0.0,0.0,0.0,0.001857341849245131,0.0,0.0,0.0,0.0,0.0,0.0,0.0,0.0,0.0,0.00021430867491289973,0.0,0.0,0.0,0.0,0.0,0.0,0.0,0.0,0.0,0.0,0.0,0.0,0.0,0.0,0.0,0.0,0.0,0.0
1780049382927439898,28032,0,0.04280821979045868,0.0010702054714784026,0.20512272417545319,0.020690638571977615,0.019263697788119316,0.011130137369036674,0.0,0.0,0.00927511416375637,0.013555936515331268,0.03210616484284401,0.0,0.0,0.0,0.0,0.0060644978657364845,0.0,0.008561643771827221,0.005351027473807335,0.00035673516686074436,0.00927511416375637,0.0021404109429568052,0.0042808218859136105,0.0,0.0021404109429568052,0.004637557081878185,0.0,0.0,0.029965752735733986,0.006421233061701059,0.0,0.005351027473807335,0.0074914381839334965,0.00035673516686074436,0.0014269406674429774,0.0016053082654252648,0.0,0.0,0.0,0.0,0.0,0.0014269406674429774,0.0014269406674429774,0.0,0.0,0.0,0.0,0.017123287543654442,0.0,0.0,0.0021404109429568052,0.0,0.008561643771827221,0.18193493783473969,0.0,0.0,0.0,0.036030251532793045,0.0,0.0,0.0,0.0,0.0042808218859136105,0.0,0.0,0.0,0.0,0.0005351027357392013,0.02978738583624363,0.0,0.0,0.0,0.004887271672487259,0.0141980592161417,0.010452340357005596,0.0,0.0,0.025827625766396523,0.0,0.0,0.008918379433453083,0.00249714613892138,0.00035673516686074436,0.002069063950330019,0.0,0.00249714613892138,0.0,0.002069063950330019,0.0,0.0,0.0021404109429568052,0.0,0.0,0.0018193493597209454,0.0,0.0,0.11554651707410812,0.0,0.0,0.0,0.0,0.0,0.0,0.0,0.0,0.0,0.00017836758343037218,0.0018906963523477316,0.0004637557140085846,0.0006777967792004347,0.0,0.0,0.0008918378734961152,0.0017836757469922304,0.0,0.0,0.0,0.002069063950330019,0.00249714613892138,0.0,0.0,0.0,0.0,0.0,0.0,0.0,0.0008918378734961152,0.0,0.0,0.0,0.0005351027357392013,0.0,0.0,0.0,0.0,0.0,0.0,0.0,0.0007134703337214887,0.0,0.0,0.002033390337601304,0.00017836758343037218,0.0032106165308505297,0.0,0.0,0.0,0.0,0.0,0.0,0.0,0.0008561643771827221,0.0,0.0,0.0,0.0,0.0,0.0,0.0,0.0,0.0,0.0,0.0,0.00035673516686074436,0.0,0.0,0.0,0.0,0.0,0.0,0.0,0.00017836758343037218,0.0,0.0001426940580131486,0.0,0.00017836758343037218,0.00017836758343037218,0.00035673516686074436,0.0,0.0,0.0,0.0,0.0003210616414435208,0.0,0.0007134703337214887,0.0,0.0,0.00017836758343037218,0.0011058789677917957,0.0,0.0,0.0,0.0,0.0,0.0,0.00017836758343037218,0.0,0.0,0.0,0.0,0.0,0.0,0.0005707762320525944,0.0,0.0,0.0,0.0,0.0,0.0,0.0001426940580131486,0.000820490880869329,0.0,0.0,3.567351450328715e-05,0.0002853881160262972,0.00021404109429568052,0.00042808218859136105,0.0,0.0,0.0,0.001212899573147297,0.0,0.0,0.0,0.0,0.0,0.0,0.002069063950330019,0.0,0.0,0.016909247264266014,0.0,0.0,0.0,0.0,0.0,0.00249714613892138,0.004851598292589188,0.0021404109429568052,0.0,0.0,0.00927511416375637,0.0,0.0,0.0,0.0,0.019549086689949036,0.0,0.0,0.0,0.0,0.0,0.0,0.0,0.0,0.0,0.0,0.0,0.0,0.0,0.0,0.0,0.025970319285988808,0.0,0.00249714613892138,0.0,0.0,0.0,0.0,0.0,0.0,0.0,0.0,0.0,0.0,0.0,0.0,0.0,0.0005351027357392013,0.0,0.0,0.0,0.0,0.0,0.0,0.0,0.0,0.0,0.0,0.0,0.0,0.0008561643771827221,0.0,0.0016053082654252648,0.0,0.0,0.0,0.0,0.0018906963523477316,0.0,0.0,0.0,0.0,0.0,0.0,0.0,0.0,0.0,7.13470290065743e-05,0.0,0.0,0.0,0.0,0.0,0.0,0.0,0.0,0.0,0.0,0.0,0.0,0.0,0.0,0.0,0.0,0.0,0.0
1780049387927439898,28086,0,0.04272591322660446,0.0010681478306651115,0.20472833514213562,0.02065085805952549,0.019226660951972008,0.01303140353411436,0.0,0.0,0.009257281199097633,0.01352987252175808,0.032044436782598495,0.0,0.0,0.0,0.0,0.006052837707102299,0.0,0.008545182645320892,0.005340739153325558,0.0003560492768883705,0.009257281199097633,0.002136295661330223,0.004272591322660446,0.0,0.002136295661330223,0.004628640599548817,0.0,0.0,0.029908139258623123,0.006408886983990669,0.0,0.005340739153325558,0.007477034814655781,0.0003560492768883705,0.001424197107553482,0.0016022217459976673,0.0,0.0,0.0,0.0,0.0,0.001424197107553482,0.001424197107553482,0.0,0.0,0.0,0.0,0.017090365290641785,0.0,0.0,0.002136295661330223,0.0,0.008545182645320892,0.1815851330757141,0.0,0.0,0.0,0.03596097603440285,0.0,0.0,0.0,0.0,0.004272591322660446,0.0,0.0,0.0,0.0,0.0005340739153325558,0.029730115085840225,0.0,0.0,0.0,0.004984689876437187,0.014277576468884945,0.010432244278490543,0.0,0.0,0.025777967646718025,0.0,0.0,0.008865627460181713,0.0024567400105297565,0.00032044434919953346,0.002065085805952549,0.0,0.0024923449382185936,0.0,0.002100690733641386,0.0,0.0,0.001958271022886038,0.0,0.0,0.0018158513121306896,0.0,0.0,0.11535996943712234,0.0,0.0,0.0,0.0,0.0,0.0,0.0,0.0,0.0,0.00017802463844418526,0.0018514562398195267,0.0005696788430213928,0.0007477034814655781,0.0,0.0,0.0008545182645320892,0.0017802463844418526,0.0,0.0,0.0,0.002100690733641386,0.0024211350828409195,0.0,0.0,0.0,0.0,0.0,0.0,0.0,0.0008901231922209263,0.0,0.0,0.0,0.0005340739153325558,0.0,0.0,0.0,0.0,0.0,0.0,0.0,0.000712098553776741,0.0,0.0,0.002029480878263712,0.0002136295661330223,0.0032044434919953346,0.0,0.0,0.0,0.0,0.0,3.560492768883705e-05,0.0,0.0012461724691092968,0.0,0.0,0.0,0.0,0.0,0.0,0.0,0.0,0.0,0.0,0.0,0.00032044434919953346,0.0,0.0,0.0,0.0,0.0,0.0,0.0,0.00017802463844418526,0.0,0.00017802463844418526,0.0,0.0002848394215106964,0.0002848394215106964,0.0003560492768883705,0.0,0.0,0.0,0.0,0.0003560492768883705,0.0,0.000712098553776741,0.0,0.0,0.00017802463844418526,0.001317382324486971,0.0,0.0,0.0,0.0,0.0,0.0,0.00010681478306651115,0.0,0.0,0.0,3.560492768883705e-05,0.0,0.0,0.0005340739153325558,0.0,0.0,0.0,0.0,0.0,0.0,0.0001424197107553482,0.0010681478306651115,0.0,0.0,7.12098553776741e-05,0.0004984689876437187,0.0002848394215106964,0.00039165420457720757,0.0,0.0,0.0,0.0012461724691092968,0.0,0.0,0.0,0.0,0.0,0.0,0.002065085805952549,0.0,0.0,0.016841130331158638,0.0,0.0,0.0,0.0,0.0,0.0023855301551520824,0.004984689876437187,0.001958271022886038,0.0,0.0,0.009364096447825432,0.0,0.0,0.0,0.0,0.019511500373482704,0.0,0.0,0.0,0.0,0.0,0.0,0.0,0.0,0.0,0.0,0.0,0.0,0.0,0.0,0.0,0.025991598144173622,0.0,0.0024211350828409195,0.0,0.0,0.0,0.0,0.0,0.0,0.0,0.0,0.0,0.0,0.0,0.0,0.0,0.0005340739153325558,0.0,0.0,0.0,0.0,0.0,0.0,0.0,0.0,0.0,0.0,0.0,0.0,0.0007833084091544151,0.0,0.0016022217459976673,0.0,0.0,0.0,0.0,0.0018158513121306896,0.0,0.0,0.0,0.0,0.0,0.0,0.0,0.0,0.0,0.0001424197107553482,0.0,0.0,0.0,0.0,0.0,0.0,0.0,0.0,0.0,0.0,0.0,0.0,0.0,0.0,0.0,0.0,0.0,0.0
1780049392927439898,22369,0,0.04291653633117676,0.001072913408279419,0.2056417316198349,0.02074299193918705,0.01931244134902954,0.00862801168113947,0.0,0.0,0.009298582561314106,0.013590236194431782,0.03218740224838257,0.0,0.0,0.0,0.0,0.0060798428021371365,0.0,0.008583307266235352,0.005364567041397095,0.0003576377930585295,0.009298582561314106,0.002145826816558838,0.004291653633117676,0.0,0.002145826816558838,0.004649291280657053,0.0,0.0,0.03004157543182373,0.006437480449676514,0.0,0.005364567041397095,0.007510393857955933,0.0003576377930585295,0.001430551172234118,0.0016093701124191284,0.0,0.0,0.0,0.0,0.0,0.001430551172234118,0.001430551172234118,0.0,0.0,0.0,0.0,0.017166614532470703,0.0,0.0,0.002145826816558838,0.0,0.008583307266235352,0.18239527940750122,0.0,0.0,0.0,0.036121416836977005,0.0,0.0,0.0,0.0,0.004291653633117676,0.0,0.0,0.0,0.0,0.0005364567041397095,0.029594527557492256,0.0,0.0,0.0,0.004962224513292313,0.014171398244798183,0.010416201315820217,0.0,0.0,0.02566051296889782,0.0,0.0,0.008896240033209324,0.0027269881684333086,0.0004470472631510347,0.0021011221688240767,4.470472413231619e-05,0.0026822835206985474,0.0,0.0021011221688240767,0.0,8.940944826463237e-05,0.0021011221688240767,0.0,0.0,0.0017881890526041389,0.0,0.0,0.11542759835720062,0.0,0.0,0.0,0.0,0.0,0.0,0.0,0.0,0.0,0.00017881889652926475,0.0019670079927891493,0.0003576377930585295,0.0005364567041397095,0.0,0.0,0.0008940945263020694,0.0017881890526041389,0.0,0.0,0.0,0.002145826816558838,0.0023246456403285265,0.0,0.0,0.0,0.0,0.0,0.0,0.0,0.0008940945263020694,0.0,0.0,0.0,0.0004917519981972873,0.0,0.0,0.0,0.0,0.0,0.0,0.0,0.000715275586117059,0.0,0.0,0.0019670079927891493,0.00022352363157551736,0.0031740355771034956,0.0,0.0,0.0,4.470472413231619e-05,0.0,0.0,0.0,0.001072913408279419,0.0,0.0,0.0,0.0,0.0,0.0,0.0,0.0,0.0,0.0,0.0,0.0003576377930585295,0.0,0.0,0.0,0.0,0.0,0.0,0.0,0.00017881889652926475,0.0,0.00031293308711610734,0.0,0.00013411417603492737,0.00013411417603492737,0.0003576377930585295,0.0,0.0,0.0,0.0,0.00026822835206985474,0.0,0.0007599803502671421,0.0,0.0,0.00017881889652926475,0.0008046850562095642,0.0,0.0,0.0,0.0,0.0,0.0,0.00022352363157551736,0.0,0.0,0.0,0.0,0.0,0.0,0.0003576377930585295,0.0,0.0,0.0,0.0,0.0,0.0,0.00013411417603492737,0.0004917519981972873,0.0,0.0,4.470472413231619e-05,0.00026822835206985474,0.00017881889652926475,0.00026822835206985474,0.0,0.0,0.0,0.0011623228201642632,0.0,4.470472413231619e-05,0.0,0.0,0.00017881889652926475,0.0,0.0020564172882586718,0.0,4.470472413231619e-05,0.01654074899852276,0.0,0.0,0.0,0.0,0.0,0.00254816934466362,0.004917519632726908,0.0020117126405239105,4.470472413231619e-05,0.0,0.009432696737349033,0.0,0.0,0.0,0.0,0.01944655552506447,0.0,0.0,0.0,0.0,0.0,0.0,0.0,0.0,0.0,0.0,0.0,0.0,0.0,0.0,0.0,0.025928741320967674,0.0,0.0023246456403285265,0.0,0.0,0.0,0.0,0.0,0.0,0.0,0.0,0.0,0.0,0.0,0.0,0.0,0.0004917519981972873,0.0,0.0,0.0,0.0,0.0,0.0,0.0,0.0,0.0,0.0,0.0,0.0,0.0008940945263020694,0.0,0.0015199607005342841,0.0,0.0,0.0,0.0,0.0019670079927891493,0.0,0.0,0.0,0.0,0.0,0.0,0.0,0.0,0.0,4.470472413231619e-05,0.0,0.0,0.0,4.470472413231619e-05,0.0,0.0,4.470472413231619e-05,0.0,0.0,0.0,0.0,0.0,0.0,0.0,0.0,0.0,0.0,0.0
1780049397927439898,28021,0,0.04282502457499504,0.001070625614374876,0.20520323514938354,0.02069876156747341,0.019271260127425194,0.01074194349348545,0.0,0.0,0.009278755635023117,0.013561258092522621,0.032118767499923706,0.0,0.0,0.0,0.0,0.006066878326237202,0.0,0.008565004914999008,0.00535312807187438,0.00035687521449290216,0.009278755635023117,0.002141251228749752,0.004282502457499504,0.0,0.002141251228749752,0.0046393778175115585,0.0,0.0,0.02997751720249653,0.006423753686249256,0.0,0.00535312807187438,0.007494379300624132,0.00035687521449290216,0.0014275008579716086,0.001605938421562314,0.0,0.0,0.0,0.0,0.0,0.0014275008579716086,0.0014275008579716086,0.0,0.0,0.0,0.0,0.017130009829998016,0.0,0.0,0.002141251228749752,0.0,0.008565004914999008,0.1820063591003418,0.0,0.0,0.0,0.036044396460056305,0.0,0.0,0.0,0.0,0.004282502457499504,0.0,0.0,0.0,0.0,0.000535312807187438,0.029156703501939774,0.0,0.0,0.0,0.004996252711862326,0.014096570201218128,0.010420755483210087,0.0,0.0,0.025445202365517616,0.0,0.0,0.008814817294478416,0.0024624387733638287,0.0004996252828277647,0.0020698760636150837,0.0,0.002426751423627138,0.0,0.0022126261610537767,0.0,0.00010706255852710456,0.002141251228749752,0.0,0.0,0.0017843759851530194,0.0,0.0,0.1146640032529831,0.0,0.0,0.0,0.0,0.0,0.0,0.0,0.0,0.0,0.00017843760724645108,0.0018200635677203536,0.000535312807187438,0.0004996252828277647,0.0,0.0,0.0008921879925765097,0.001748688519001007,0.0,0.0,0.0,0.0020698760636150837,0.00235537625849247,0.0,0.0,0.0,0.0,0.0,0.0,0.0,0.0008921879925765097,0.0,0.0,0.0,0.000535312807187438,0.0,0.0,0.0,0.0,0.0,0.0,0.0,0.0007137504289858043,0.0,0.0,0.001713000936433673,0.00014275008288677782,0.003211876843124628,0.0,0.0,0.0,0.0,0.0,7.137504144338891e-05,0.0,0.0011420006630942225,0.0,0.0,0.0,0.0,0.0,0.0,0.0,0.0,0.0,0.0,0.0,0.00035687521449290216,0.0,0.0,0.0,0.0,0.0,0.0,0.0,0.00017843760724645108,0.0,0.00017843760724645108,0.0,0.0003211876901332289,0.0003211876901332289,0.00035687521449290216,0.0,0.0,0.0,0.0,0.00028550016577355564,0.0,0.0007494378951378167,0.0,0.0,0.00017843760724645108,0.0008921879925765097,0.0,0.0,0.0,0.0,0.0,0.0,3.5687520721694455e-05,0.0,0.0,0.0,0.0,0.0,0.0,0.0004639377584680915,0.0,0.0,0.0,0.0,0.0,0.0,0.00017843760724645108,0.0011063130805268884,0.0,0.0,7.137504144338891e-05,0.00039256270974874496,0.00035687521449290216,0.00028550016577355564,0.0,0.0,0.0,0.0012490631779655814,0.0,0.0,0.0,0.0,0.0,0.0,0.002034188713878393,0.0,0.0,0.016273509711027145,0.0,0.0,0.0,0.0,0.0,0.002391063841059804,0.004889190196990967,0.002034188713878393,0.0,0.0,0.00942150503396988,0.0,0.0,0.0,0.0,0.01912851072847843,0.0,0.0,0.0,0.0,0.0,0.0,0.0,0.0,0.0,0.0,0.0,0.0,0.0,0.0,0.0,0.025766389444470406,0.0,0.002284001326188445,0.0,0.0,0.0,0.0,0.0,0.0,0.0,0.0,0.0,0.0,0.0,0.0,0.0,0.000535312807187438,0.0,0.0,0.0,0.0,0.0,0.0,0.0,0.0,0.0,0.0,0.0,0.0,0.0008921879925765097,0.0,0.0015702508389949799,0.0,0.0,0.0,0.0,0.001748688519001007,0.0,0.0,0.0,0.0,0.0,0.0,0.0,0.0,0.0,0.00014275008288677782,0.0,0.0,0.0,0.0,0.0,0.0,0.0,0.0,0.0,0.0,0.0,0.0,0.0,0.0,0.0,0.0,0.0,0.0
1780049402927439898,28084,0,0.042728956788778305,0.0010682238498702645,0.2047429084777832,0.020652329549193382,0.019228029996156693,0.01296111661940813,0.0,0.0,0.009257940575480461,0.013530836440622807,0.032046716660261154,0.0,0.0,0.0,0.0,0.006053268909454346,0.0,0.008545790798962116,0.005341119598597288,0.00035607462632469833,0.009257940575480461,0.002136447699740529,0.004272895399481058,0.0,0.002136447699740529,0.0046289702877402306,0.0,0.0,0.029910268262028694,0.006409343332052231,0.0,0.005341119598597288,0.0074775670655071735,0.00035607462632469833,0.0014242985052987933,0.0016023358330130577,0.0,0.0,0.0,0.0,0.0,0.0014242985052987933,0.0014242985052987933,0.0,0.0,0.0,0.0,0.017091581597924232,0.0,0.0,0.002136447699740529,0.0,0.008545790798962116,0.18159806728363037,0.0,0.0,0.0,0.03596353903412819,0.0,0.0,0.0,0.0,0.004272895399481058,0.0,0.0,0.0,0.0,0.0005341119249351323,0.02955419383943081,0.0,0.0,0.0,0.004913829732686281,0.01442102249711752,0.01025494933128357,0.0,0.0,0.025815410539507866,0.0,0.0,0.008866257965564728,0.002492522355169058,0.00035607462632469833,0.0021008404437452555,0.0,0.002492522355169058,0.0,0.002136447699740529,0.0,0.0,0.0020652329549193382,0.0,0.0,0.0018515881383791566,0.0,0.0,0.11533257365226746,0.0,0.0,0.0,0.0,0.0,0.0,0.0,0.0,0.0,0.00017803731316234916,0.0019228029996156693,0.0007833641720935702,0.0008189716609194875,0.0,0.0,0.0008545790915377438,0.001780373160727322,0.0,0.0,0.0,0.0020652329549193382,0.0024569148663431406,0.0,0.0,0.0,0.0,0.0,0.0,0.0,0.000890186580363661,0.0,0.0,0.0,0.0005341119249351323,0.0,0.0,0.0,0.0,0.0,0.0,0.0,0.0007121492526493967,0.0,0.0,0.002029625466093421,0.00021364477288443595,0.0032046716660261154,0.0,0.0,0.0,0.0,0.0,7.121492672013119e-05,0.0,0.0010326164774596691,0.0,0.0,0.0,0.0,0.0,0.0,0.0,0.0,0.0,0.0,0.0,0.00032046716660261154,0.0,0.0,0.0,0.0,0.0,0.0,0.0,0.00017803731316234916,0.0,0.00017803731316234916,0.0,0.00021364477288443595,0.00021364477288443595,0.00035607462632469833,0.0,0.0,0.0,0.0,0.0003916820860467851,0.0,0.0007121492526493967,0.0,0.0,0.00017803731316234916,0.001246261177584529,0.0,0.0,0.0,0.0,0.0,0.0,0.00010682238644221798,0.0,0.0,0.0,3.5607463360065594e-05,0.0,0.0,0.0005697194137610495,0.0,0.0,0.0,0.0,0.0,0.0,0.00017803731316234916,0.0007121492526493967,0.0,0.0,0.00010682238644221798,0.0005341119249351323,0.00032046716660261154,0.0004985044943168759,0.0,0.0,0.0,0.0011750463163480163,0.0,0.0,0.0,0.0,0.0,0.0,0.0021008404437452555,0.0,0.0,0.016735507175326347,0.0,0.0,0.0,0.0,0.0,0.0024569148663431406,0.004842615220695734,0.0020652329549193382,0.0,0.0,0.00964962225407362,0.0,0.0,0.0,0.0,0.019584104418754578,0.0,0.0,0.0,0.0,0.0,0.0,0.0,0.0,0.0,0.0,0.0,0.0,0.0,0.0,0.0,0.02592223323881626,0.0,0.0024569148663431406,0.0,0.0,0.0,0.0,0.0,0.0,0.0,0.0,0.0,0.0,0.0,0.0,0.0,0.0005341119249351323,0.0,0.0,0.0,0.0,0.0,0.0,0.0,0.0,0.0,0.0,0.0,0.0,0.0006765418220311403,0.0,0.0016023358330130577,0.0,0.0,0.0,0.0,0.0018515881383791566,0.0,0.0,0.0,0.0,0.0,0.0,0.0,0.0,0.0,0.00017803731316234916,0.0,0.0,0.0,0.0,0.0,0.0,0.0,0.0,0.0,0.0,0.0,0.0,0.0,0.0,0.0,0.0,0.0,0.0
1780049407927439898,28011,0,0.04284031316637993,0.0010710078058764338,0.2052765041589737,0.02070615068078041,0.019278140738606453,0.01038877572864294,0.0,0.0,0.00928206741809845,0.013566099107265472,0.03213023394346237,0.0,0.0,0.0,0.0,0.00606904411688447,0.0,0.00856806244701147,0.005355039145797491,0.0003570026019588113,0.00928206741809845,0.0021420156117528677,0.004284031223505735,0.0,0.0021420156117528677,0.004641033709049225,0.0,0.0,0.02998821809887886,0.006426047068089247,0.0,0.005355039145797491,0.007497054524719715,0.0003570026019588113,0.0014280104078352451,0.0016065117670223117,0.0,0.0,0.0,0.0,0.0,0.0014280104078352451,0.0014280104078352451,0.0,0.0,0.0,0.0,0.01713612489402294,0.0,0.0,0.0021420156117528677,0.0,0.00856806244701147,0.18207132816314697,0.0,0.0,0.0,0.03605726361274719,0.0,0.0,0.0,0.0,0.004284031223505735,0.0,0.0,0.0,0.0,0.0005355039029382169,0.02984541840851307,0.0,0.0,0.0,0.0049623362720012665,0.014387205243110657,0.010424476116895676,0.0,0.0,0.02584698796272278,0.0,0.0,0.008925065398216248,0.002499018330127001,0.0003570026019588113,0.0021420156117528677,0.0,0.0024633179418742657,0.0,0.002106315456330776,0.0,0.0,0.002106315456330776,0.0,0.0,0.001749312737956643,0.0,0.0,0.11566884070634842,0.0,0.0,0.0,0.0,0.0,0.0,0.0,0.0,0.0,0.00017850130097940564,0.0018207132816314697,0.0005712041747756302,0.0006783049320802093,0.0,0.0,0.0008925065048970282,0.0017850130097940564,0.0,0.0,0.0,0.002070615068078041,0.0024633179418742657,0.0,0.0,0.0,0.0,0.0,0.0,0.0,0.0008925065048970282,0.0,0.0,0.0,0.0005355039029382169,0.0,0.0,0.0,0.0,0.0,0.0,0.0,0.0007140052039176226,0.0,0.0,0.0017136124661192298,0.0002499018155504018,0.0031773231457918882,0.0,0.0,0.0,0.0,0.0,7.140052184695378e-05,0.0,0.0008568062330596149,0.0,0.0,0.0,0.0,0.0,0.0,0.0,0.0,0.0,0.0,0.0,0.0003570026019588113,0.0,0.0,0.0,0.0,0.0,0.0,0.0,0.00017850130097940564,0.0,0.00021420155826490372,0.0,0.00032130235922522843,0.00032130235922522843,0.0003570026019588113,0.0,0.0,0.0,0.0,0.0003927028737962246,0.0,0.0007140052039176226,0.0,0.0,0.00017850130097940564,0.0011067080777138472,0.0,0.0,0.0,0.0,0.0,0.0,0.00010710077913245186,0.0,0.0,0.0,0.0,0.0,0.0,0.00042840311652980745,0.0,0.0,0.0,0.0,0.0,0.0,0.00014280104369390756,0.0006426047184504569,0.0,0.0,0.00010710077913245186,0.0003570026019588113,0.0002499018155504018,0.00021420155826490372,0.0,0.0,0.0,0.001213808893226087,0.0,0.0,0.0,0.0,0.0,0.0,0.0021420156117528677,0.0,0.0,0.01702902466058731,0.0,0.0,0.0,0.0,0.0,0.002427617786452174,0.0049623362720012665,0.002106315456330776,0.0,0.0,0.009674770757555962,0.0,0.0,0.0,0.0,0.019563741981983185,0.0,0.0,0.0,0.0,0.0,0.0,0.0,0.0,0.0,0.0,0.0,0.0,0.0,0.0,0.0,0.02613259106874466,0.0,0.002427617786452174,0.0,0.0,0.0,0.0,0.0,0.0,0.0,0.0,0.0,0.0,0.0,0.0,0.0,0.0005355039029382169,0.0,0.0,0.0,0.0,0.0,0.0,0.0,0.0,0.0,0.0,0.0,0.0,0.0008211060194298625,0.0,0.0016065117670223117,0.0,0.0,0.0,0.0,0.001749312737956643,0.0,0.0,0.0,0.0,0.0,0.0,0.0,0.0,0.0,0.00010710077913245186,0.0,0.0,0.0,0.0,0.0,0.0,0.0,0.0,0.0,0.0,0.0,0.0,0.0,0.0,0.0,0.0,0.0,0.0
1780049412927439898,28007,0,0.04284643009305,0.0010711607756093144,0.205305814743042,0.02070910856127739,0.019280893728137016,0.010247438214719296,0.0,0.0,0.009283393621444702,0.013568036258220673,0.03213482350111008,0.0,0.0,0.0,0.0,0.006069911178201437,0.0,0.008569286204874516,0.00535580376163125,0.0003570535918697715,0.009283393621444702,0.002142321551218629,0.004284643102437258,0.0,0.002142321551218629,0.004641696810722351,0.0,0.0,0.02999250218272209,0.00642696488648653,0.0,0.00535580376163125,0.007498125545680523,0.0003570535918697715,0.001428214367479086,0.0016067412216216326,0.0,0.0,0.0,0.0,0.0,0.001428214367479086,0.001428214367479086,0.0,0.0,0.0,0.0,0.01713857240974903,0.0,0.0,0.002142321551218629,0.0,0.008569286204874516,0.18209733068943024,0.0,0.0,0.0,0.03606241196393967,0.0,0.0,0.0,0.0,0.004284643102437258,0.0,0.0,0.0,0.0,0.0005355803878046572,0.029349805787205696,0.0,0.0,0.0,0.004963045008480549,0.013960795477032661,0.010354554280638695,0.0,0.0,0.025636447593569756,0.0,0.0,0.008747813291847706,0.0024636697489768267,0.00042846432188525796,0.002142321551218629,0.0,0.0024636697489768267,0.0,0.0020709107629954815,0.0,0.0,0.00228514289483428,3.5705357731785625e-05,0.0,0.0017495625652372837,0.0,0.0,0.11472132056951523,0.0,0.0,0.0,0.0,0.0,0.0,0.0,0.0,0.0,0.00017852679593488574,0.0019280894193798304,0.0005355803878046572,0.0006426964537240565,0.0,0.0,0.0008926339796744287,0.001820973353460431,0.0,0.0,0.0,0.002106616273522377,0.002427964471280575,0.0,0.0,0.0,0.0,0.0,0.0,0.0,0.0008926339796744287,0.0,0.0,0.0,0.0004998750519007444,0.0,0.0,0.0,0.0,0.0,0.0,0.0,0.0007855179137550294,0.0,0.0,0.0019637946970760822,0.00021423216094262898,0.003213482443243265,0.0,0.0,0.0,0.0,0.0,3.5705357731785625e-05,0.0,0.0009283393155783415,0.0,0.0,0.0,0.0,0.0,0.0,0.0,0.0,0.0,0.0,0.0,0.0003570535918697715,0.0,0.0,0.0,0.0,0.0,0.0,0.0,0.00017852679593488574,0.0,7.141071546357125e-05,0.0,0.00017852679593488574,0.00017852679593488574,0.0003570535918697715,0.0,0.0,0.0,0.0,0.00032134822686202824,0.0,0.0007498125196434557,0.0,0.0,0.00017852679593488574,0.0010354553814977407,0.0,3.5705357731785625e-05,0.0,0.0,0.0,0.0,3.5705357731785625e-05,0.0,0.0,0.0,0.0,0.0,0.0,0.0006069911178201437,0.0,0.0,0.0,0.0,0.0,0.0,0.00010711608047131449,0.00046416965778917074,0.0,0.0,7.141071546357125e-05,0.00021423216094262898,0.0002499375259503722,0.000285642861854285,0.0,0.0,0.0,0.001249687629751861,0.0,0.0,0.0,0.0,0.0,0.0,0.002106616273522377,0.0,0.0,0.016638698056340218,0.0,0.0,0.0,0.0,0.0,0.0023208484053611755,0.004713107366114855,0.0020709107629954815,0.0,0.0,0.00924768764525652,0.0,0.0,0.0,0.0,0.019316598773002625,0.0,0.0,0.0,0.0,0.0,0.0,0.0,0.0,0.0,0.0,0.0,0.0,0.0,0.0,0.0,0.025672152638435364,0.0,0.0023208484053611755,0.0,0.0,0.0,0.0,0.0,0.0,0.0,0.0,0.0,0.0,0.0,0.0,0.0,0.0004998750519007444,0.0,0.0,0.0,0.0,0.0,0.0,0.0,0.0,0.0,0.0,0.0,0.0,0.0007855179137550294,0.0,0.0016067412216216326,0.0,0.0,0.0,0.0,0.0018923840252682567,0.0,0.0,0.0,0.0,0.0,0.0,0.0,0.0,0.0,0.0001428214309271425,0.0,0.0,0.0,0.0,0.0,0.0,0.0,3.5705357731785625e-05,0.0,0.0,0.0,0.0,0.0,0.0,0.0,0.0,0.0,0.0
1780049417927439898,22464,0,0.04273504391312599,0.0010683761211112142,0.20477208495140076,0.020655270665884018,0.01923076994717121,0.012820512987673283,0.0,0.0,0.009259259328246117,0.013532763347029686,0.03205128386616707,0.0,0.0,0.0,0.0,0.006054130848497152,0.0,0.008547008968889713,0.005341880489140749,0.0003561253543011844,0.009259259328246117,0.0021367522422224283,0.004273504484444857,0.0,0.0021367522422224283,0.004629629664123058,0.0,0.0,0.029914529994130135,0.006410256493836641,0.0,0.005341880489140749,0.007478632498532534,0.0003561253543011844,0.0014245014172047377,0.0016025641234591603,0.0,0.0,0.0,0.0,0.0,0.0014245014172047377,0.0014245014172047377,0.0,0.0,0.0,0.0,0.017094017937779427,0.0,0.0,0.0021367522422224283,0.0,0.008547008968889713,0.1816239356994629,0.0,0.0,0.0,0.035968661308288574,0.0,0.0,0.0,0.0,0.004273504484444857,0.0,0.0,0.0,0.0,0.0005341880605556071,0.02964743599295616,0.0,0.0,0.0,0.004896723665297031,0.014556623995304108,0.01037215068936348,0.0,0.0,0.025774572044610977,0.0,0.0,0.008903133682906628,0.00249287742190063,0.0003561253543011844,0.0020922364201396704,0.0,0.00249287742190063,0.0,0.0021367522422224283,0.0,0.0,0.002047720830887556,0.0,0.0,0.001780626829713583,0.0,0.0,0.11542913317680359,0.0,0.0,0.0,0.0,0.0,0.0,0.0,0.0,0.0,0.0001780626771505922,0.0018251424189656973,0.000756766356062144,0.0007122507086023688,0.0,0.0,0.0008903134148567915,0.001780626829713583,0.0,0.0,0.0,0.0020032052416354418,0.0024038462433964014,0.0,0.0,0.0,0.0,0.0,0.0,0.0,0.0008903134148567915,0.0,0.0,0.0,0.0005341880605556071,0.0,0.0,0.0,0.0,0.0,0.0,0.0,0.0007122507086023688,0.0,0.0,0.0020922364201396704,0.0001780626771505922,0.0032051282469183207,0.0,0.0,0.0,0.0,0.0,0.00013354701513890177,0.0,0.0010683761211112142,0.0,0.0,0.0,0.0,0.0,0.0,0.0,0.0,0.0,0.0,0.0,0.00031160967773757875,0.0,0.0,0.0,0.0,0.0,0.0,0.0,0.0001780626771505922,0.0,0.00026709403027780354,0.0,0.00031160967773757875,0.00031160967773757875,0.0003561253543011844,0.0,0.0,0.0,0.0,0.0003561253543011844,0.0,0.0007122507086023688,0.0,0.0,0.0001780626771505922,0.0012909544166177511,0.0,0.0,0.0,0.0,0.0,0.0,8.90313385752961e-05,0.0,0.0,0.0,4.451566928764805e-05,0.0,0.0,0.0006232193554751575,0.0,0.0,0.0,0.0,0.0,0.0,8.90313385752961e-05,0.0009348290623165667,0.0,0.0,4.451566928764805e-05,0.00044515670742839575,0.00026709403027780354,0.0004006410308647901,0.0,0.0,0.0,0.001246438710950315,0.0,0.0,0.0,0.0,0.0,0.0,0.002047720830887556,0.0,0.0,0.016915954649448395,0.0,0.0,0.0,0.0,0.0,0.0024483618326485157,0.004807692486792803,0.0020032052416354418,0.0,0.0,0.009882478974759579,0.0,0.0,0.0,0.0,0.019497863948345184,0.0,0.0,0.0,0.0,0.0,0.0,0.0,0.0,0.0,0.0,0.0,0.0,0.0,0.0,0.0,0.02608618326485157,0.0,0.0024038462433964014,0.0,0.0,0.0,0.0,0.0,0.0,0.0,0.0,0.0,0.0,0.0,0.0,0.0,0.0005341880605556071,0.0,0.0,0.0,0.0,0.0,0.0,0.0,0.0,0.0,0.0,0.0,0.0,0.0008012820617295802,0.0,0.0015580484177917242,0.0,0.0,0.0,0.0,0.0017361111240461469,0.0,0.0,0.0,0.0,0.0,0.0,0.0,0.0,0.0,0.0001780626771505922,0.0,0.0,0.0,0.0,0.0,0.0,4.451566928764805e-05,4.451566928764805e-05,0.0,0.0,0.0,0.0,0.0,0.0,0.0,0.0,0.0,0.0
1780049422927439898,28060,0,0.042765501886606216,0.0010691375937312841,0.2049180269241333,0.02066999301314354,0.019244475290179253,0.012116892263293266,0.0,0.0,0.009265858680009842,0.013542409054934978,0.03207412734627724,0.0,0.0,0.0,0.0,0.006058446131646633,0.0,0.008553100749850273,0.005345687735825777,0.00035637919791042805,0.009265858680009842,0.0021382751874625683,0.0042765503749251366,0.0,0.0021382751874625683,0.004632929340004921,0.0,0.0,0.02993585169315338,0.006414825562387705,0.0,0.005345687735825777,0.007483962923288345,0.00035637919791042805,0.0014255167916417122,0.0016037063905969262,0.0,0.0,0.0,0.0,0.0,0.0014255167916417122,0.0014255167916417122,0.0,0.0,0.0,0.0,0.017106201499700546,0.0,0.0,0.0021382751874625683,0.0,0.008553100749850273,0.18175338208675385,0.0,0.0,0.0,0.03599429875612259,0.0,0.0,0.0,0.0,0.0042765503749251366,0.0,0.0,0.0,0.0,0.0005345687968656421,0.028759799897670746,0.0,0.0,0.0,0.004989308770745993,0.013863150030374527,0.010299358516931534,0.0,0.0,0.025588026270270348,0.0,0.0,0.008731289766728878,0.0024590163957327604,0.0003920171002391726,0.0020669992081820965,0.0,0.0024946543853729963,0.0,0.0020669992081820965,0.0,0.0,0.0021382751874625683,0.0,0.0,0.0016749821370467544,0.0,0.0,0.11446899175643921,0.0,3.5637920518638566e-05,0.0,0.0,0.0,0.0,0.0,0.0,0.0,0.00017818959895521402,0.0018531717360019684,0.0005345687968656421,0.0007127583958208561,0.0,0.0,0.0008909479947760701,0.0018175338627770543,0.0,0.0,0.0,0.0020313614513725042,0.0023521026596426964,0.0,0.0,0.0,0.0,0.0,0.0,0.0,0.0008909479947760701,0.0,0.0,0.0,0.0005345687968656421,0.0,0.0,0.0,0.0,0.0,0.0,0.0,0.0007127583958208561,0.0,0.0,0.0017106201266869903,0.00014255168207455426,0.0032074127811938524,0.0,0.0,0.0,0.0,0.0,0.00010691375791793689,0.0,0.0009978617308661342,0.0,0.0,0.0,0.0,0.0,0.0,0.0,0.0,0.0,0.0,0.0,0.00035637919791042805,0.0,0.0,0.0,0.0,0.0,0.0,0.0,0.00017818959895521402,0.0,0.00024946543271653354,0.0,0.00028510336414910853,0.00028510336414910853,0.00035637919791042805,0.0,0.0,0.0,0.0,0.0004632929340004921,0.0,0.0007483962690457702,0.0,0.0,0.00017818959895521402,0.0011404134565964341,0.0,0.0,0.0,0.0,0.0,0.0,0.00010691375791793689,0.0,0.0,0.0,0.0,0.0,0.0,0.0003920171002391726,0.0,0.0,0.0,0.0,0.0,0.0,0.00014255168207455426,0.0011760513298213482,0.0,0.0,0.00010691375791793689,0.0006058446015231311,0.00024946543271653354,0.0004632929340004921,0.0,0.0,0.0,0.0010691375937312841,0.0,0.0,0.0,0.0,0.0,0.0,0.0020669992081820965,0.0,0.0,0.016072701662778854,0.0,0.0,0.0,0.0,0.0,0.0022095509339123964,0.0047754812985658646,0.0019600854720920324,0.0,0.0,0.009265858680009842,0.0,0.0,0.0,0.0,0.019244475290179253,0.0,0.0,0.0,0.0,0.0,0.0,0.0,0.0,0.0,0.0,0.0,0.0,0.0,0.0,0.0,0.025766214355826378,0.0,0.0022451889235526323,0.0,0.0,0.0,0.0,0.0,0.0,0.0,0.0,0.0,0.0,0.0,0.0,0.0,0.0005345687968656421,0.0,0.0,0.0,0.0,0.0,0.0,0.0,0.0,0.0,0.0,0.0,0.0,0.0008553100633434951,0.0,0.0015680684009566903,0.0,0.0,0.0,0.0,0.0017818959895521402,0.0,0.0,0.0,0.0,0.0,0.0,0.0,0.0,0.0,0.00017818959895521402,0.0,0.0,0.0,0.0,0.0,0.0,0.0,0.0,0.0,0.0,0.0,0.0,0.0,0.0,0.0,0.0,0.0,0.0
1780049427927439898,27988,0,0.042875517159700394,0.0010718879057094455,0.20544518530368805,0.020723167806863785,0.019293982535600662,0.009575532749295235,0.0,0.0,0.009289695881307125,0.01357724703848362,0.03215663880109787,0.0,0.0,0.0,0.0,0.006074031814932823,0.0,0.008575103245675564,0.005359439644962549,0.0003572959976736456,0.009289695881307125,0.002143775811418891,0.004287551622837782,0.0,0.002143775811418891,0.0046448479406535625,0.0,0.0,0.030012862756848335,0.0064313276670873165,0.0,0.005359439644962549,0.007503215689212084,0.0003572959976736456,0.0014291839906945825,0.0016078319167718291,0.0,0.0,0.0,0.0,0.0,0.0014291839906945825,0.0014291839906945825,0.0,0.0,0.0,0.0,0.017150206491351128,0.0,0.0,0.002143775811418891,0.0,0.008575103245675564,0.1822209507226944,0.0,0.0,0.0,0.03608689457178116,0.0,0.0,0.0,0.0,0.004287551622837782,0.0,0.0,0.0,0.0,0.0005359439528547227,0.02711876481771469,0.0,0.0,0.0,0.005216521210968494,0.013612977229058743,0.01021866500377655,0.0,0.0,0.025153636932373047,0.0,0.0,0.008610833436250687,0.0022152350284159184,0.0004644847649615258,0.0019651278853416443,0.0,0.002358153462409973,0.0,0.0021795055363327265,0.0,0.00021437759278342128,0.0026797198224812746,0.0,0.0,0.0016078319167718291,0.0,0.0,0.11354866623878479,0.0,0.00010718879639171064,3.572959758457728e-05,0.0,0.0,0.0,0.0,0.0,0.0,0.0001786479988368228,0.0018936686683446169,0.0004644847649615258,0.00050021440256387,3.572959758457728e-05,0.0,0.0009289695299230516,0.0017864799592643976,0.0,0.0,0.0,0.0019651278853416443,0.0022152350284159184,0.0,7.145919516915455e-05,0.0,0.0,0.0,0.0,0.0,0.0009289695299230516,0.0,0.0,0.0,0.0004644847649615258,0.0,0.0,0.0,0.0,0.0,0.0,0.0,0.0006431327783502638,3.572959758457728e-05,0.0,0.0014649134827777743,0.0001786479988368228,0.0031799343414604664,0.0,0.0,0.0,0.0,0.0,0.0001786479988368228,0.0,0.0011076175142079592,0.0,0.0,0.0,0.0,0.0,0.0,0.0,0.0,0.0,0.0,0.0,0.0003572959976736456,0.0,0.0,0.0,0.0,0.0,0.0,0.0,0.0001786479988368228,0.0,0.0001786479988368228,0.0,0.00021437759278342128,0.000250107201281935,0.0003572959976736456,0.0,0.0,0.0,0.0,0.0002858367806766182,0.0,0.000750321545638144,0.0,0.0,0.0001786479988368228,0.0007860511541366577,0.0,0.0,0.0,0.0,0.0,0.0,7.145919516915455e-05,0.0,0.0,0.0,0.0,0.0,0.0,0.0004644847649615258,0.0,0.0,0.0,0.0,0.0,0.0,3.572959758457728e-05,0.000750321545638144,0.0,0.0,7.145919516915455e-05,0.0001429183903383091,0.000250107201281935,0.00021437759278342128,0.0,0.0,0.0,0.0011790767312049866,0.0,0.0,0.0,0.0,0.0,0.0,0.0018936686683446169,0.0,0.0,0.015292268246412277,0.0,0.0,0.0,0.0,0.00010718879639171064,0.002143775811418891,0.004287551622837782,0.00200085761025548,7.145919516915455e-05,0.0,0.009039588272571564,0.0,0.0,0.0,0.0,0.0186151210218668,0.0,0.0,0.0,0.0,0.0,0.0,0.0,0.0,0.0,0.0,0.0,0.0,0.0,0.0,0.0,0.02561812289059162,0.0,0.0022152350284159184,0.0,0.0,0.0,0.0,0.0,0.0,0.0,3.572959758457728e-05,0.0,0.0,0.0,0.0,0.0,0.0004644847649615258,0.0,0.0,0.0,0.0,0.0,0.0,0.0,0.0,0.0,0.0,0.0,0.0,0.0008932399796321988,0.0,0.0016078319167718291,0.0,0.0,0.0,0.0,0.0017150207422673702,3.572959758457728e-05,0.0,0.0,0.0,0.0,0.0,0.0,0.0,0.0,0.0001786479988368228,0.0,0.0,0.0,0.0,0.0,0.0,0.0,0.0,0.0,0.0,0.0,0.0,0.0,0.0,0.0,0.0,0.0,0.0
1780049432927439898,31231,1,0.041689347475767136,0.006275815889239311,0.19480644166469574,0.02340623177587986,0.018635330721735954,0.01008613221347332,0.0,0.0,0.009029489941895008,0.01325605995953083,0.03944798558950424,0.0015369344037026167,0.0,0.0,0.0,0.005763504188507795,0.0001921168004628271,0.008068906143307686,0.004963017534464598,0.0005123114679008722,0.008581217378377914,0.002049245871603489,0.004610803443938494,0.0002561557339504361,0.001953187631443143,0.00493099819868803,0.0,0.0,0.029201755300164223,0.005955621134489775,0.0,0.007684672251343727,0.00678812712430954,0.0003842336009256542,0.0012807786697521806,0.0017290512332692742,6.403893348760903e-05,0.0,0.0,6.403893348760903e-05,0.0,0.0014728954993188381,0.0014728954993188381,0.0,0.0,0.0,0.0,0.01613781228661537,0.0,0.0011527008609846234,0.006211776752024889,0.0002561557339504361,0.008196983486413956,0.17027953267097473,0.0,0.0,0.0,0.03707854449748993,0.0003842336009256542,0.0,0.0,0.0,0.004034453071653843,0.0,0.0,0.0,0.0,0.004450705833733082,0.028529345989227295,0.0,0.0,0.0,0.004514744970947504,0.013031923212110996,0.012519611977040768,0.0,0.00012807786697521806,0.03333226591348648,0.0,0.0001921168004628271,0.00854919757694006,0.0026255964767187834,0.00028817521524615586,0.0018891486106440425,3.2019466743804514e-05,0.0025295380037277937,0.0,0.001953187631443143,0.0,9.605840023141354e-05,0.0018891486106440425,3.2019466743804514e-05,0.0,0.0015689539723098278,0.0,3.2019466743804514e-05,0.10905830562114716,3.2019466743804514e-05,3.2019466743804514e-05,6.403893348760903e-05,0.0,0.0,9.605840023141354e-05,3.2019466743804514e-05,0.0,0.0,0.00022413628175854683,0.0017610706854611635,0.0005123114679008722,0.0007044282974675298,0.0,0.0,0.0008645256166346371,0.0027536742854863405,3.2019466743804514e-05,0.0,0.0,0.0018571291584521532,0.0021773239132016897,0.0,0.0,0.0,0.0,0.0,0.0,0.0,0.0008004867122508585,0.0,0.0,9.605840023141354e-05,0.0005123114679008722,0.0,0.0,0.0,0.0,0.0,0.0,0.0,0.000608369882684201,0.0,0.0,0.0014088565949350595,0.0001921168004628271,0.0028817520942538977,0.0,0.00016009733371902257,0.0,0.0,0.0,0.0,0.0,0.0005443309783004224,0.0,0.0,0.0,0.0,0.0,0.0,0.0007684672018513083,0.0,0.0,0.0,0.0,0.00032019466743804514,0.0,0.0,0.0,0.0,0.0,0.0,0.0,0.00016009733371902257,0.0,0.00044827256351709366,0.0,0.00012807786697521806,9.605840023141354e-05,0.00032019466743804514,0.0,0.0,0.0,0.0,0.0003522141487337649,0.0,0.0007364477496594191,0.0,0.0,0.00016009733371902257,0.0007044282974675298,3.2019466743804514e-05,3.2019466743804514e-05,0.0,0.0,0.0,0.0,6.403893348760903e-05,0.0,0.0,0.0,0.0,0.0,0.0,0.00032019466743804514,0.0,0.0,0.0,0.0,0.0,0.0,3.2019466743804514e-05,0.0006724088452756405,0.0,0.0,3.2019466743804514e-05,0.0001921168004628271,0.00016009733371902257,0.00016009733371902257,0.0,0.0026255964767187834,0.0,0.003169927280396223,0.0,0.0,0.0,0.0,0.0001921168004628271,0.0,0.0017930902540683746,0.0,3.2019466743804514e-05,0.016169831156730652,0.0,0.0,0.0,0.0,3.2019466743804514e-05,0.002433479530736804,0.004482725635170937,0.0017930902540683746,0.0,0.0,0.00842112023383379,0.0,0.0,0.0,3.2019466743804514e-05,0.027440683916211128,0.0,3.2019466743804514e-05,0.0,0.0,0.0,0.0,0.0,0.0,0.00012807786697521806,3.2019466743804514e-05,0.0,0.0,0.0,0.0,0.0,0.024014601483941078,3.2019466743804514e-05,0.0021773239132016897,0.0,0.0,0.0,0.0,0.0,0.0,0.0,0.0,0.0,0.0,0.0,0.0,0.0,0.00048029201570898294,0.0,0.0,0.0,0.0,0.0,0.0,0.0,0.0,0.0,0.0,0.0,0.0,0.0007364477496594191,0.0,0.0024975184351205826,0.0,0.0,0.0,0.0,0.0017610706854611635,0.0,0.0,0.0,0.0,0.0,0.0,0.0,0.0,0.0,0.00012807786697521806,0.0,0.0,0.0,0.0,0.0,0.0,0.0,0.0,0.004130511544644833,0.0,0.0,0.0,0.0,0.0,0.0,0.0,0.0,0.0
1780049437927439898,29087,1,0.04125554487109184,0.0010313886450603604,0.20902809500694275,0.019940178841352463,0.018564995378255844,0.008835562504827976,0.0,0.0,0.008938700892031193,0.013064255937933922,0.030941657721996307,0.0,0.0,0.0,0.0,0.005844535306096077,0.0,0.008251109160482883,0.00515694310888648,0.0003437961859162897,0.008938700892031193,0.002062777290120721,0.004125554580241442,0.0,0.002062777290120721,0.004469350446015596,0.0,0.0,0.02887888066470623,0.006188331637531519,0.0,0.00515694310888648,0.0072197201661765575,0.0003437961859162897,0.0013751847436651587,0.0015470829093828797,0.0,0.0,0.0,0.0,0.0,0.0013751847436651587,0.0013751847436651587,0.0,0.0,0.0,0.0,0.016502218320965767,0.0,0.0,0.002062777290120721,0.0,0.008251109160482883,0.18771272897720337,0.0,0.0,0.0,0.03575480356812477,0.0,0.0,0.0,0.0,0.004125554580241442,0.0,0.0,0.0,0.0,0.0005156943225301802,0.027263037860393524,0.0,0.0,0.0,0.0050538042560219765,0.012617320753633976,0.009660673327744007,0.0,0.0,0.024443909525871277,0.0,0.0,0.008044831454753876,0.002440952928736806,0.0005156943225301802,0.0018908791244029999,3.437962004682049e-05,0.002337814075872302,0.0,0.001959638437256217,0.0,0.00017189809295814484,0.0022002956829965115,3.437962004682049e-05,0.0,0.001615842105820775,0.0,0.0,0.11596246063709259,0.0,0.0,0.0,0.0,0.0,0.0,0.0,0.0,0.0,0.00010313886014046147,0.001787740271538496,0.0007219720282591879,0.0006875923718325794,0.0,0.0,0.0008594904793426394,0.001787740271538496,0.0,0.0,0.0,0.0019940179772675037,0.0023034345358610153,0.0,3.437962004682049e-05,0.0,0.0,0.0,0.0,0.0,0.0008594904793426394,0.0,0.0,0.0,0.000446935067884624,0.0,0.0,0.0,0.0,0.0,0.0,0.0,0.0007219720282591879,3.437962004682049e-05,0.0,0.001615842105820775,0.00013751848018728197,0.0030941658187657595,0.0,0.0,0.0,0.0,0.0,3.437962004682049e-05,0.0,0.0007907312829047441,0.0,0.0,0.0,0.0,0.0,0.0,0.0,0.0,0.0,0.0,0.0,0.0003437961859162897,0.0,0.0,0.0,0.0,0.0,0.0,0.0,0.00017189809295814484,0.0,0.00017189809295814484,0.0,0.00020627772028092295,0.00020627772028092295,0.0003437961859162897,0.0,0.0,0.0,0.0,0.00017189809295814484,0.0,0.0007907312829047441,0.0,0.0,0.00017189809295814484,0.0007563516264781356,0.0,0.0,0.0,0.0,0.0,0.0,3.437962004682049e-05,0.0,0.0,0.0,0.0,0.0,0.0,0.00024065733305178583,0.0,0.0,0.0,0.0,0.0,0.0,6.875924009364098e-05,0.000446935067884624,0.0,0.0,0.00010313886014046147,0.00027503696037456393,0.00024065733305178583,0.00027503696037456393,0.0,0.0,0.0,0.0009282497339881957,0.0,0.0,0.0,0.0,6.875924009364098e-05,0.0,0.0018221198115497828,0.0,0.0,0.01564272679388523,0.0,0.0,0.0,0.0,0.00010313886014046147,0.002234675223007798,0.0043318322859704494,0.0018564994679763913,6.875924009364098e-05,0.0,0.00838862732052803,0.0,0.0,0.0,0.0,0.0182899571955204,0.0,0.0,0.0,0.0,0.0,0.0,0.0,0.0,0.0,0.0,0.0,0.0,0.0,0.0,0.0,0.026025371626019478,0.0,0.0021659161429852247,0.0,0.0,0.0,0.0,0.0,0.0,0.0,0.0,0.0,0.0,0.0,0.0,0.0,0.000446935067884624,0.0,0.0,0.0,0.0,0.0,0.0,0.0,0.0,0.0,0.0,0.0,0.0,0.0007907312829047441,0.0,0.0015470829093828797,0.0,0.0,0.0,0.0,0.0017533606151118875,0.0,0.0,0.0,0.0,0.0,0.0,0.0,0.0,0.0,0.00027503696037456393,0.0,0.0,0.0,0.0,0.0,0.0,0.0,0.0,0.0,0.0,0.0,0.0,0.0,0.0,0.0,0.0,0.0,0.0
1780049442927439898,23306,1,0.04119110852479935,0.0010297776898369193,0.20870162546634674,0.01990903541445732,0.018535999581217766,0.01038359198719263,0.0,0.0,0.008924740366637707,0.013043851591646671,0.03089333139359951,0.0,0.0,0.0,0.0,0.005835407413542271,0.0,0.008238221518695354,0.005148888565599918,0.0003432592493481934,0.008924740366637707,0.0020595553796738386,0.004119110759347677,0.0,0.0020595553796738386,0.004462370183318853,0.0,0.0,0.028833776712417603,0.0061786663718521595,0.0,0.005148888565599918,0.007208444178104401,0.0003432592493481934,0.0013730369973927736,0.0015446665929630399,0.0,0.0,0.0,0.0,0.0,0.0013730369973927736,0.0013730369973927736,0.0,0.0,0.0,0.0,0.01647644303739071,0.0,0.0,0.0020595553796738386,0.0,0.008238221518695354,0.18741954863071442,0.0,0.0,0.0,0.03569896146655083,0.0,0.0,0.0,0.0,0.004119110759347677,0.0,0.0,0.0,0.0,0.0005148888449184597,0.02720329537987709,0.0,0.0,0.0,0.004376555327326059,0.011713721789419651,0.009697074070572853,0.0,0.0,0.024371406063437462,0.0,0.0,0.008023684844374657,0.002574444282799959,0.0006007037009112537,0.0020166481845080853,0.0,0.002531536854803562,0.0,0.0019737407565116882,0.0,8.581481233704835e-05,0.0020595553796738386,0.0,0.0,0.0014588518533855677,0.0,0.0,0.11627907305955887,4.2907406168524176e-05,0.0,4.2907406168524176e-05,0.0,0.0,0.0,0.0,0.0,4.2907406168524176e-05,0.0001716296246740967,0.0018450184725224972,0.00030035185045562685,0.0002574444224592298,4.2907406168524176e-05,0.0,0.0011155925458297133,0.0017162961885333061,0.0,0.0,0.0,0.0018879259005188942,0.0023169999476522207,0.0,0.0,0.0,0.0,0.0,0.0,0.0,0.0009010555222630501,0.0,0.0,0.0,0.00047198147512972355,0.0,0.0,0.0,0.0,0.0,0.0,0.0,0.0006436110706999898,0.0,0.0,0.0015446665929630399,4.2907406168524176e-05,0.0030893331859260798,0.0,0.0,0.0,4.2907406168524176e-05,0.0,0.0,0.0,0.0011155925458297133,0.0,0.0,0.0,0.0,0.0,0.0,0.0,0.0,0.0,0.0,0.0,0.0003432592493481934,0.0,0.0,0.0,0.0,0.0,0.0,0.0,0.0001716296246740967,0.0,0.00047198147512972355,0.0,8.581481233704835e-05,4.2907406168524176e-05,0.0003432592493481934,0.0,0.0,0.0,0.0,0.0003432592493481934,0.0,0.000815240724477917,0.0,0.0,0.0001716296246740967,0.0009010555222630501,0.0,0.0,0.0,0.0,0.0,0.0,0.0,0.0,0.0,0.0,0.0,0.0,0.0,0.00042907404713332653,0.0,0.0,0.0,0.0,0.0,0.0,4.2907406168524176e-05,0.0006865184986963868,0.0,0.0,4.2907406168524176e-05,0.00030035185045562685,0.0001287222112296149,0.00021453702356666327,0.0,0.0,0.0,0.0010297776898369193,0.0,0.0,0.0,0.0,8.581481233704835e-05,0.0,0.0018450184725224972,0.0,0.0,0.015275036916136742,0.0,0.0,0.0,0.0,0.0,0.0022311850916594267,0.0040332963690161705,0.001673388876952231,0.00021453702356666327,0.0,0.007337166462093592,0.0,0.0,0.0,0.0,0.018149832263588905,0.0,0.0,0.0,0.0,0.0,0.0,0.0,0.0,0.0,0.0,0.0,0.0,0.0,0.0,4.2907406168524176e-05,0.025658627972006798,0.0,0.0021882776636630297,0.0,0.0,0.0,0.0,0.0,0.0,0.0,0.0,0.0,0.0,0.0,0.0,0.0,0.00047198147512972355,0.0,0.0,0.0,0.0,0.0,0.0,0.0,0.0,0.0,0.0,0.0,0.0,0.0008581480942666531,0.0,0.001587574020959437,0.0,0.0,0.0,0.0,0.0018450184725224972,0.0,0.0,0.0,0.0,0.0,0.0,0.0,0.0,0.0,0.0001716296246740967,0.0,0.0,0.0,0.0,0.0,0.0,0.0,0.0,0.0,0.0,0.0,0.0,0.0,0.0,0.0,0.0,0.0,0.0
1780049447927439898,29128,1,0.04119747504591942,0.0010299368295818567,0.20873387157917023,0.01991211250424385,0.018538862466812134,0.010230706073343754,0.0,0.0,0.008926119655370712,0.01304586697369814,0.03089810535311699,0.0,0.0,0.0,0.0,0.0058363089337944984,0.0,0.008239494636654854,0.005149684380739927,0.0003433122765272856,0.008926119655370712,0.0020598736591637135,0.004119747318327427,0.0,0.0020598736591637135,0.004463059827685356,0.0,0.0,0.028838232159614563,0.00617962097749114,0.0,0.005149684380739927,0.007209558039903641,0.0003433122765272856,0.0013732491061091423,0.001544905244372785,0.0,0.0,0.0,0.0,0.0,0.0013732491061091423,0.0013732491061091423,0.0,0.0,0.0,0.0,0.016478989273309708,0.0,0.0,0.0020598736591637135,0.0,0.008239494636654854,0.18744850158691406,0.0,0.0,0.0,0.03570447862148285,0.0,0.0,0.0,0.0,0.004119747318327427,0.0,0.0,0.0,0.0,0.0005149684147909284,0.028529250994324684,0.0,0.0,0.0,0.004737709648907185,0.013766822405159473,0.010059049353003502,0.0,0.0,0.02464982122182846,0.0,0.0,0.008582807146012783,0.002403185935690999,0.0003433122765272856,0.0020598736591637135,0.0,0.002403185935690999,0.0,0.0020598736591637135,0.0,0.0,0.0020598736591637135,0.0,0.0,0.001785223837941885,0.0,0.0,0.1173098012804985,0.0,0.0,0.0,0.0,0.0,0.0,0.0,0.0,0.0,0.0001716561382636428,0.0018538862932473421,0.0004806371871381998,0.000617962097749114,0.0,0.0,0.0008582806913182139,0.0017165613826364279,0.0,0.0,0.0,0.0019912112038582563,0.0024375172797590494,0.0,0.0,0.0,0.0,0.0,0.0,0.0,0.0008582806913182139,0.0,0.0,0.0,0.0005149684147909284,0.0,0.0,0.0,0.0,0.0,0.0,0.0,0.0006522933254018426,0.0,0.0,0.0017508926102891564,0.0001716561382636428,0.00308981048874557,0.0,0.0,0.0,3.433122765272856e-05,0.0,6.866245530545712e-05,0.0,0.0008926119189709425,0.0,0.0,0.0,0.0,0.0,0.0,0.0,0.0,0.0,0.0,0.0,0.000308981048874557,0.0,0.0,0.0,0.0,0.0,0.0,0.0,0.0001716561382636428,0.0,0.00010299368295818567,0.0,0.0001716561382636428,0.0001716561382636428,0.0003433122765272856,0.0,0.0,0.0,0.0,0.00027464982122182846,0.0,0.0006866245530545712,0.0,0.0,0.0001716561382636428,0.0008239494636654854,0.0,0.0,0.0,0.0,0.0,0.0,0.00013732491061091423,0.0,0.0,0.0,3.433122765272856e-05,0.0,0.0,0.0005836308700963855,0.0,0.0,0.0,0.0,0.0,0.0,3.433122765272856e-05,0.000617962097749114,0.0,0.0,6.866245530545712e-05,0.00037764350418001413,0.000308981048874557,0.00037764350418001413,0.0,0.0,0.0,0.0011329305125400424,0.0,0.0,0.0,0.0,0.0,0.0,0.0020598736591637135,0.0,0.0,0.016101345419883728,0.0,0.0,0.0,0.0,0.0,0.0023688548244535923,0.004737709648907185,0.0020598736591637135,0.0,0.0,0.00916643813252449,0.0,0.0,0.0,0.0,0.018470199778676033,0.0,0.0,0.0,0.0,0.0,0.0,0.0,0.0,0.0,0.0,0.0,0.0,0.0,0.0,0.0,0.026126064360141754,0.0,0.002265861025080085,0.0,0.0,0.0,0.0,0.0,0.0,0.0,0.0,0.0,0.0,0.0,0.0,0.0,0.0005149684147909284,0.0,0.0,0.0,0.0,0.0,0.0,0.0,0.0,0.0,0.0,0.0,0.0,0.0008239494636654854,0.0,0.001544905244372785,0.0,0.0,0.0,0.0,0.001785223837941885,0.0,0.0,0.0,0.0,0.0,0.0,0.0,0.0,0.0,0.00013732491061091423,0.0,0.0,0.0,3.433122765272856e-05,0.0,0.0,0.0,3.433122765272856e-05,0.0,0.0,0.0,0.0,0.0,0.0,0.0,0.0,0.0,0.0
1780049452927439898,29132,1,0.041191816329956055,0.001029795384965837,0.20870520174503326,0.01990937814116478,0.018536318093538284,0.010366607457399368,0.0,0.0,0.008924894034862518,0.013044075109064579,0.03089386224746704,0.0,0.0,0.0,0.0,0.005835507530719042,0.0,0.008238363079726696,0.005148977041244507,0.00034326512832194567,0.008924894034862518,0.002059590769931674,0.004119181539863348,0.0,0.002059590769931674,0.004462447017431259,0.0,0.0,0.028834272176027298,0.006178772542625666,0.0,0.005148977041244507,0.0072085680440068245,0.00034326512832194567,0.0013730605132877827,0.0015446931356564164,0.0,0.0,0.0,0.0,0.0,0.0013730605132877827,0.0013730605132877827,0.0,0.0,0.0,0.0,0.016476726159453392,0.0,0.0,0.002059590769931674,0.0,0.008238363079726696,0.1874227672815323,0.0,0.0,0.0,0.03569957613945007,0.0,0.0,0.0,0.0,0.004119181539863348,0.0,0.0,0.0,0.0,0.0005148976924829185,0.02790745534002781,0.0,0.0,0.0,0.004805712029337883,0.013524646870791912,0.009680076502263546,0.0,0.0,0.024440478533506393,0.0,0.0,0.008444322273135185,0.0024028560146689415,0.00037759164115414023,0.0019909378606826067,0.0,0.002368529560044408,0.0,0.0019909378606826067,0.0,3.432651283219457e-05,0.002059590769931674,0.0,0.0,0.0016476726159453392,0.0,0.0,0.11664149165153503,0.0,3.432651283219457e-05,0.0,0.0,0.0,0.0,0.0,0.0,0.0,0.0001029795384965837,0.0017849786672741175,0.0007208567694760859,0.0007551832823082805,0.0,0.0,0.0008924893336370587,0.0017163256416097283,0.0,0.0,0.0,0.0019909378606826067,0.002299876417964697,0.0,0.0,0.0,0.0,0.0,0.0,0.0,0.0008581628208048642,0.0,0.0,0.0,0.00048057117965072393,0.0,0.0,0.0,0.0,0.0,0.0,0.0,0.0007208567694760859,3.432651283219457e-05,0.0,0.0017849786672741175,0.00017163256416097283,0.003089386271312833,0.0,0.0,0.0,3.432651283219457e-05,0.0,3.432651283219457e-05,0.0,0.0008238363079726696,0.0,0.0,0.0,0.0,0.0,0.0,0.0,0.0,0.0,0.0,0.0,0.00034326512832194567,0.0,0.0,0.0,0.0,0.0,0.0,0.0,0.00017163256416097283,0.0,0.00024028558982536197,0.0,0.0002059590769931674,0.0002059590769931674,0.00034326512832194567,0.0,0.0,0.0,0.0,0.00024028558982536197,0.0,0.0007208567694760859,0.0,0.0,0.00017163256416097283,0.0008581628208048642,0.0,3.432651283219457e-05,0.0,0.0,0.0,0.0,0.0,0.0,0.0,0.0,0.0,0.0,0.0,0.00044624466681852937,0.0,0.0,0.0,0.0,0.0,0.0,0.00017163256416097283,0.0006178772309795022,0.0,0.0,0.0,0.00017163256416097283,0.00034326512832194567,0.0002059590769931674,0.0,0.0,0.0,0.0009611423593014479,0.0,0.0,0.0,0.0,3.432651283219457e-05,0.0,0.0019566111732274294,0.0,0.0,0.015927502885460854,0.0,0.0,0.0,0.0,0.0,0.0022312235087156296,0.004462447017431259,0.001887958263978362,0.0,0.0,0.008993546478450298,0.0,0.0,0.0,0.0,0.01846766471862793,0.0,0.0,0.0,0.0,0.0,0.0,0.0,0.0,0.0,0.0,0.0,0.0,0.0,0.0,0.0,0.025950845330953598,0.0,0.0022655499633401632,0.0,0.0,0.0,0.0,0.0,0.0,0.0,0.0,0.0,0.0,0.0,0.0,0.0,0.00048057117965072393,0.0,0.0,0.0,0.0,0.0,0.0,0.0,0.0,0.0,0.0,0.0,0.0,0.000789509795140475,0.0,0.0015446931356564164,0.0,0.0,0.0,0.0,0.0017506522126495838,3.432651283219457e-05,0.0,0.0,0.0,0.0,0.0,0.0,0.0,0.0,0.00024028558982536197,0.0,0.0,0.0,3.432651283219457e-05,0.0,0.0,0.0,0.0,0.0,0.0,0.0,0.0,0.0,0.0,0.0,0.0,0.0,0.0
1780049457927439898,29038,1,0.0413251593708992,0.001033129054121673,0.20938080549240112,0.01997382752597332,0.01859632134437561,0.0071630277670919895,0.0,0.0,0.008953784592449665,0.01308630034327507,0.0309938695281744,0.0,0.0,0.0,0.0,0.005854397546499968,0.0,0.008265032432973385,0.0051656449213624,0.0003443763416726142,0.008953784592449665,0.002066258108243346,0.004132516216486692,0.0,0.002066258108243346,0.0044768922962248325,0.0,0.0,0.02892761118710041,0.006198774091899395,0.0,0.0051656449213624,0.007231902796775103,0.0003443763416726142,0.0013775053666904569,0.0015496935229748487,0.0,0.0,0.0,0.0,0.0,0.0013775053666904569,0.0013775053666904569,0.0,0.0,0.0,0.0,0.01653006486594677,0.0,0.0,0.002066258108243346,0.0,0.008265032432973385,0.188029482960701,0.0,0.0,0.0,0.03581513836979866,0.0,0.0,0.0,0.0,0.004132516216486692,0.0,0.0,0.0,0.0,0.0005165645270608366,0.028342172503471375,0.0,0.0,0.0,0.004545767791569233,0.013809490948915482,0.010124663822352886,0.0,0.0,0.024726221337914467,0.0,0.0,0.008574970997869968,0.0024795096833258867,0.0003443763416726142,0.0019629450980573893,0.0,0.0024795096833258867,0.0,0.002031820360571146,0.0,3.443763489485718e-05,0.0019973828457295895,0.0,0.0,0.0017907569417729974,0.0,0.0,0.11757007986307144,0.0,0.0,0.0,0.0,0.0,0.0,0.0,0.0,0.0,0.0001721881708363071,0.0017907569417729974,0.0003443763416726142,0.0004821268667001277,0.0,0.0,0.0008609408396296203,0.0017218816792592406,0.0,0.0,0.0,0.0019973828457295895,0.0025139471981674433,0.0,0.0,0.0,0.0,0.0,0.0,0.0,0.0008609408396296203,0.0,0.0,0.0,0.0005165645270608366,0.0,0.0,0.0,0.0,0.0,0.0,0.0,0.0006543150520883501,0.0,0.0,0.0015496935229748487,0.00013775053957942873,0.0030993870459496975,0.0,0.0,0.0,0.0,0.0,0.0,0.0,0.0006198774208314717,0.0,0.0,0.0,0.0,0.0,0.0,0.0,0.0,0.0,0.0,0.0,0.0003443763416726142,0.0,0.0,0.0,0.0,0.0,0.0,0.0,0.0001721881708363071,0.0,0.00013775053957942873,0.0,0.00013775053957942873,0.00013775053957942873,0.0003443763416726142,0.0,0.0,0.0,0.0,0.00024106343335006386,0.0,0.0007576279458589852,0.0,0.0,0.0001721881708363071,0.0005165645270608366,0.0,0.0,0.0,0.0,0.0,3.443763489485718e-05,0.00013775053957942873,0.0,0.0,0.0,0.0,0.0,0.0,0.00020662580209318548,0.0,0.0,0.0,0.0,0.0,0.0,3.443763489485718e-05,0.00044768923544324934,0.0,0.0,6.887526978971437e-05,0.00024106343335006386,0.0001721881708363071,0.00024106343335006386,0.0,0.0,0.0,0.0011708795791491866,0.0,0.0,0.0,0.0,6.887526978971437e-05,0.0,0.0019629450980573893,0.0,0.0,0.015979062765836716,0.0,0.0,0.0,0.0,0.0,0.00241063442081213,0.004442454781383276,0.0019285074668005109,3.443763489485718e-05,0.0,0.009194848127663136,0.0,0.0,0.0,0.0,0.018665198236703873,0.0,0.0,0.0,0.0,0.0,0.0,0.0,0.0,0.0,0.0,0.0,0.0,0.0,0.0,0.0,0.026344789192080498,0.0,0.0024450719356536865,0.0,0.0,0.0,0.0,0.0,0.0,0.0,0.0,0.0,0.0,0.0,0.0,0.0,0.0004821268667001277,0.0,0.0,0.0,0.0,0.0,0.0,0.0,0.0,0.0,0.0,0.0,0.0,0.0008609408396296203,0.0,0.0015496935229748487,0.0,0.0,0.0,0.0,0.0017907569417729974,0.0,0.0,0.0,0.0,0.0,0.0,0.0,0.0,0.0,3.443763489485718e-05,0.0,0.0,0.0,0.0,0.0,0.0,0.0,0.0,0.0,0.0,0.0,0.0,0.0,0.0,0.0,0.0,0.0,0.0
1780049462927439898,29045,1,0.04131520166993141,0.0010328800417482853,0.20933035016059875,0.019969014450907707,0.01859183982014656,0.007402306888252497,0.0,0.0,0.008951626718044281,0.013083146885037422,0.030986400321125984,0.0,0.0,0.0,0.0,0.005852986592799425,0.0,0.008263040333986282,0.0051644002087414265,0.0003442933375481516,0.008951626718044281,0.0020657600834965706,0.004131520166993141,0.0,0.0020657600834965706,0.0044758133590221405,0.0,0.0,0.028920641168951988,0.006197280250489712,0.0,0.0051644002087414265,0.007230160292237997,0.0003442933375481516,0.0013771733501926064,0.001549320062622428,0.0,0.0,0.0,0.0,0.0,0.0013771733501926064,0.0013771733501926064,0.0,0.0,0.0,0.0,0.016526080667972565,0.0,0.0,0.0020657600834965706,0.0,0.008263040333986282,0.1879841685295105,0.0,0.0,0.0,0.035806506872177124,0.0,0.0,0.0,0.0,0.004131520166993141,0.0,0.0,0.0,0.0,0.0005164400208741426,0.026992598548531532,0.0,0.0,0.0,0.0046823895536363125,0.012635565362870693,0.009846789762377739,0.0,0.0,0.02430710941553116,0.0,0.0,0.008263040333986282,0.002169047947973013,0.00048201068420894444,0.0018247546395286918,0.0,0.002375624142587185,0.0,0.001893613371066749,0.0,3.44293330272194e-05,0.0020657600834965706,3.44293330272194e-05,0.0,0.001549320062622428,0.0,0.0,0.11582028120756149,0.0,3.44293330272194e-05,0.0,0.0,0.0,0.0,0.0,0.0,0.0,0.0001377173321088776,0.001790325390174985,0.0005164400208741426,0.000413152010878548,6.88586660544388e-05,0.0,0.0010328800417482853,0.0018247546395286918,0.0,0.0,0.0,0.002031330717727542,0.0023411947768181562,0.0,0.0,0.0,0.0,0.0,0.0,0.0,0.0009295920026488602,0.0,0.0,0.0,0.00048201068420894444,0.0,0.0,0.0,0.0,0.0,0.0,0.0,0.0006885866750963032,3.44293330272194e-05,0.0,0.0013771733501926064,0.0,0.003098640125244856,0.0,0.0,0.0,0.0,0.0,0.0,0.0,0.0006197280017659068,0.0,0.0,0.0,0.0,0.0,0.0,0.0,0.0,0.0,0.0,0.0,0.0003442933375481516,0.0,0.0,0.0,0.0,0.0,0.0,0.0,0.0001721466687740758,0.0,0.0001377173321088776,0.0,0.00024100534210447222,0.00024100534210447222,0.0003442933375481516,0.0,0.0,0.0,0.0,0.00024100534210447222,0.0,0.000826304021757096,0.0,0.0,0.0001721466687740758,0.0005508693284355104,0.0,3.44293330272194e-05,0.0,0.0,0.0,0.0,6.88586660544388e-05,0.0,0.0,0.0,0.0,0.0,0.0,0.0003442933375481516,0.0,0.0,0.0,0.0,0.0,0.0,0.0,0.000413152010878548,0.0,0.0,0.0,0.000103288002719637,0.0002754346642177552,6.88586660544388e-05,0.0,0.0,0.0,0.0010328800417482853,0.0,0.0,0.0,0.0,3.44293330272194e-05,0.0,0.0017214666586369276,0.0,0.0,0.015424341894686222,0.0,0.0,0.0,0.0,3.44293330272194e-05,0.0022379066795110703,0.004165949299931526,0.0016870374092832208,0.0001377173321088776,0.0,0.008263040333986282,0.0,0.0,3.44293330272194e-05,0.0,0.01831640489399433,0.0,0.0,0.0,0.0,0.0,0.0,0.0,0.0,0.0,0.0,0.0,0.0,0.0,0.0,3.44293330272194e-05,0.02578757144510746,0.0,0.0022379066795110703,0.0,0.0,0.0,0.0,0.0,0.0,0.0,0.0,0.0,0.0,0.0,0.0,0.0,0.00044758134754374623,0.0,0.0,0.0,0.0,0.0,0.0,0.0,0.0,0.0,0.0,0.0,0.0,0.0008607333293184638,0.0,0.001549320062622428,0.0,0.0,0.0,0.0,0.001790325390174985,0.0,0.0,0.0,0.0,0.0,0.0,0.0,0.0,0.0,0.0001721466687740758,0.0,0.0,0.0,0.0,0.0,0.0,0.0,0.0,0.0,0.0,0.0,0.0,0.0,0.0,0.0,0.0,0.0,0.0
1780049467927439898,23258,1,0.04127611964941025,0.0010319029679521918,0.2091323435306549,0.019950125366449356,0.01857425458729267,0.008341215550899506,0.0,0.0,0.008943159133195877,0.013070771470665932,0.030957089737057686,0.0,0.0,0.0,0.0,0.005847450345754623,0.0,0.008255223743617535,0.005159514956176281,0.00034396766568534076,0.008943159133195877,0.0020638059359043837,0.004127611871808767,0.0,0.0020638059359043837,0.0044715795665979385,0.0,0.0,0.028893284499645233,0.006191418040543795,0.0,0.005159514956176281,0.007223321124911308,0.00034396766568534076,0.001375870662741363,0.0015478545101359487,0.0,0.0,0.0,0.0,0.0,0.001375870662741363,0.001375870662741363,0.0,0.0,0.0,0.0,0.01651044748723507,0.0,0.0,0.0020638059359043837,0.0,0.008255223743617535,0.18780635297298431,0.0,0.0,0.0,0.03577263653278351,0.0,0.0,0.0,0.0,0.004127611871808767,0.0,0.0,0.0,0.0,0.0005159514839760959,0.026915470138192177,0.0,0.0,0.0,0.004256600048393011,0.01238283608108759,0.00971708633005619,0.0,0.0,0.024034740403294563,0.0,0.0,0.008341215550899506,0.0027087454218417406,0.00034396766568534076,0.0018488261848688126,0.0,0.002622753381729126,0.0,0.002020810032263398,0.0,8.599191642133519e-05,0.0017628342611715198,4.2995958210667595e-05,0.0,0.001676842337474227,0.0,0.0,0.11690600961446762,4.2995958210667595e-05,0.00012898787099402398,4.2995958210667595e-05,0.0,0.0,0.0,0.0,4.2995958210667595e-05,0.0,0.00012898787099402398,0.0019348181085661054,0.00038696362753398716,0.00047295555123127997,0.0,0.0,0.0009889070643112063,0.0017198383575305343,0.0,0.0,0.0,0.002020810032263398,0.002106802072376013,0.0,0.0,0.0,0.0,0.0,0.0,0.0,0.0009029151406139135,0.0,0.0,0.0,0.0005159514839760959,0.0,0.0,0.0,0.0,0.0,0.0,0.0,0.0006879353313706815,4.2995958210667595e-05,0.0,0.0013328747591003776,0.0,0.0030957090202718973,0.0,0.0,0.0,0.0,0.0,0.0,0.0,0.0006879353313706815,0.0,0.0,0.0,0.0,0.0,0.0,0.0,0.0,0.0,0.0,0.0,0.00034396766568534076,0.0,0.0,0.0,0.0,0.0,0.0,0.0,0.00017198383284267038,0.0,0.00021497979469131678,0.0,8.599191642133519e-05,8.599191642133519e-05,0.00034396766568534076,0.0,0.0,0.0,0.0,0.00021497979469131678,0.0,0.0008599191787652671,0.0,0.0,0.00017198383284267038,0.0007739272550679743,0.0,0.0,0.0,0.0,0.0,0.0,8.599191642133519e-05,0.0,0.0,0.0,0.0,0.0,0.0,0.00025797574198804796,0.0,0.0,0.0,0.0,0.0,0.0,8.599191642133519e-05,0.0005589474458247423,0.0,0.0,8.599191642133519e-05,0.00025797574198804796,0.00021497979469131678,0.00012898787099402398,0.0,0.0,0.0,0.0009889070643112063,0.0,0.0,0.0,0.0,0.00025797574198804796,0.0,0.001805830281227827,0.0,0.0,0.015005589462816715,0.0,0.0,0.0,0.0,0.0,0.002321781823411584,0.003955628257244825,0.0016338464338332415,8.599191642133519e-05,0.0,0.007868260145187378,0.0,0.0,0.0,0.0,0.018316278234124184,0.0,0.0,0.0,0.0,0.0,0.0,0.0,0.0,0.0,0.0,0.0,0.0,0.0,0.0,0.0,0.025926562026143074,0.0,0.002106802072376013,0.0,0.0,0.0,0.0,0.0,0.0,0.0,0.0,0.0,0.0,0.0,0.0,0.0,0.0005159514839760959,0.0,0.0,0.0,0.0,0.0,0.0,0.0,0.0,0.0,0.0,0.0,0.0,0.0009029151406139135,0.0,0.0014618625864386559,0.0,0.0,0.0,0.0,0.0019348181085661054,4.2995958210667595e-05,0.0,0.0,0.0,0.0,0.0,0.0,0.0,0.0,0.00017198383284267038,0.0,0.0,0.0,0.0,0.0,0.0,0.0,0.0,0.0,0.0,0.0,0.0,0.0,0.0,0.0,0.0,0.0,0.0
1780049472927439898,29078,1,0.04126831144094467,0.0010317078558728099,0.20909278094768524,0.019946351647377014,0.01857074163854122,0.008528784848749638,0.0,0.0,0.008941467851400375,0.013068298809230328,0.030951235443353653,0.0,0.0,0.0,0.0,0.0058463444001972675,0.0,0.008253662846982479,0.005158538930118084,0.00034390261862426996,0.008941467851400375,0.0020634157117456198,0.0041268314234912395,0.0,0.0020634157117456198,0.004470733925700188,0.0,0.0,0.02888781949877739,0.006190246902406216,0.0,0.005158538930118084,0.007221954874694347,0.00034390261862426996,0.0013756104744970798,0.001547561725601554,0.0,0.0,0.0,0.0,0.0,0.0013756104744970798,0.0013756104744970798,0.0,0.0,0.0,0.0,0.016507325693964958,0.0,0.0,0.0020634157117456198,0.0,0.008253662846982479,0.18777082860469818,0.0,0.0,0.0,0.0357658714056015,0.0,0.0,0.0,0.0,0.0041268314234912395,0.0,0.0,0.0,0.0,0.0005158539279364049,0.025895865634083748,0.0,0.0,0.0,0.004814636427909136,0.01234610378742218,0.009801223874092102,0.0,0.0,0.02369488961994648,0.0,0.0,0.008150491863489151,0.002544879214838147,0.0003782928688451648,0.0019258545944467187,3.4390261134831235e-05,0.002407318213954568,0.0,0.0018914643442258239,0.0,0.0001031707797665149,0.002235366962850094,0.0,0.0,0.001513171475380659,0.0,0.0,0.11506981402635574,0.0,6.878052226966247e-05,0.00017195130931213498,0.0,0.0,0.0,0.0,0.0,0.0,0.00017195130931213498,0.0019602449610829353,0.0004814636486116797,0.0005502441781572998,0.0,0.0,0.000859756488353014,0.0017882935935631394,0.0,0.0,0.0,0.0020634157117456198,0.002166586462408304,0.0,0.0,0.0,0.0,0.0,0.0,0.0,0.0010317078558728099,0.0,0.0,0.0,0.00044707339839078486,0.0,0.0,0.0,0.0,0.0,0.0,0.0,0.0006878052372485399,0.0,0.0,0.0016507324762642384,0.00013756104453932494,0.003095123451203108,0.0,0.0,0.0,0.0,0.0,0.0,0.0,0.0007909759879112244,0.0,0.0,0.0,0.0,0.0,0.0,0.0,0.0,0.0,0.0,0.0,0.00034390261862426996,0.0,0.0,0.0,0.0,0.0,0.0,0.0,0.00017195130931213498,0.0,0.00013756104453932494,0.0,3.4390261134831235e-05,6.878052226966247e-05,0.00034390261862426996,0.0,0.0,0.0,0.0,0.0002751220890786499,0.0,0.0007909759879112244,0.0,0.0,0.00017195130931213498,0.0005502441781572998,0.0,0.0,0.0,0.0,0.0,0.0,6.878052226966247e-05,0.0,0.0,0.0,0.0,0.0,0.0,0.00013756104453932494,0.0,0.0,0.0,0.0,0.0,0.0,0.00013756104453932494,0.0005502441781572998,0.0,0.0,0.0001031707797665149,0.0002751220890786499,0.00017195130931213498,0.0003095123392995447,0.0,0.0,0.0,0.0011004883563145995,0.0,0.0,0.0,0.0,0.00013756104453932494,0.0,0.0017882935935631394,0.0,3.4390261134831235e-05,0.014065616764128208,0.0,0.0,0.0,0.0,3.4390261134831235e-05,0.002166586462408304,0.0041268314234912395,0.0017882935935631394,0.00013756104453932494,0.0,0.008047320879995823,0.0,0.0,0.0,0.0,0.01753903366625309,0.0,0.0,0.0,0.0,0.0,0.0,0.0,0.0,0.0,0.0,0.0,0.0,0.0,0.0,0.0,0.02534562163054943,0.0,0.0020634157117456198,0.0,0.0,6.878052226966247e-05,0.0,0.0,0.0,0.0,0.0001031707797665149,0.0,0.0,0.0,0.0,0.0,0.0004126831190660596,0.0,0.0,0.0,0.0,0.0,0.0,0.0,0.0,0.0,0.0,0.0,0.0,0.0008253662381321192,0.0,0.0015819519758224487,0.0,0.0,0.0,0.0,0.0019602449610829353,0.0,0.0,0.0,0.0,0.0,0.0,0.0,0.0,0.0,0.0001031707797665149,0.0,0.0,0.0,0.0,0.0,0.0,0.0,0.0,0.0,0.0,0.0,0.0,0.0,0.0,0.0,0.0,0.0,0.0
1780049477927439898,29226,1,0.041059330105781555,0.0010264832526445389,0.208033949136734,0.01984534226357937,0.0184766985476017,0.013549579307436943,0.0,0.0,0.008896187879145145,0.013002121821045876,0.030794497579336166,0.0,0.0,0.0,0.0,0.005816738586872816,0.0,0.008211866021156311,0.005132416263222694,0.00034216110361739993,0.008896187879145145,0.0020529665052890778,0.0041059330105781555,0.0,0.0020529665052890778,0.004448093939572573,0.0,0.0,0.02874153107404709,0.006158899515867233,0.0,0.005132416263222694,0.007185382768511772,0.00034216110361739993,0.0013686444144695997,0.0015397248789668083,0.0,0.0,0.0,0.0,0.0,0.0013686444144695997,0.0013686444144695997,0.0,0.0,0.0,0.0,0.016423732042312622,0.0,0.0,0.0020529665052890778,0.0,0.008211866021156311,0.18681995570659637,0.0,0.0,0.0,0.03558475151658058,0.0,0.0,0.0,0.0,0.0041059330105781555,0.0,0.0,0.0,0.0,0.0005132416263222694,0.028570450842380524,0.0,0.0,0.0,0.004687606822699308,0.013583795167505741,0.010025319643318653,0.0,0.0,0.024669814854860306,0.0,0.0,0.008554027415812016,0.0023951276671141386,0.00034216110361739993,0.0020529665052890778,0.0,0.0023951276671141386,0.0,0.0019845343194901943,0.0,0.0,0.002018750412389636,0.0,0.0,0.001676589366979897,0.0,0.0,0.11695066094398499,0.0,6.84322149027139e-05,0.0,0.0,0.0,0.0,0.0,0.0,0.0,0.00017108055180869997,0.0017792376456782222,0.0005474577192217112,0.0006158899632282555,0.0,0.0,0.0008554027299396694,0.0017108054598793387,0.0,0.0,0.0,0.002018750412389636,0.002326695481315255,0.0,0.0,0.0,0.0,0.0,0.0,0.0,0.0008554027299396694,0.0,0.0,0.0,0.0005132416263222694,0.0,0.0,0.0,0.0,0.0,0.0,0.0,0.0006843222072347999,0.0,0.0,0.001676589366979897,0.00023951276671141386,0.0030794497579336166,0.0,0.0,0.0,0.0,0.0,3.421610745135695e-05,0.0,0.0009922671597450972,0.0,0.0,0.0,0.0,0.0,0.0,0.0,0.0,0.0,0.0,0.0,0.00030794498161412776,0.0,0.0,0.0,0.0,0.0,0.0,0.0,0.00017108055180869997,0.0,0.0005816738703288138,0.0,0.00023951276671141386,0.00023951276671141386,0.00034216110361739993,0.0,0.0,0.0,0.0,0.00034216110361739993,0.0,0.0006843222072347999,0.0,0.0,0.00017108055180869997,0.0013686444144695997,0.0,0.0,0.0,0.0,0.0,0.0,0.0001368644298054278,0.0,0.0,0.0,3.421610745135695e-05,0.0,0.0,0.0006501060561276972,0.0,0.0,0.0,0.0,0.0,0.0,0.00017108055180869997,0.0009238349157385528,0.0,0.0,0.0001368644298054278,0.00034216110361739993,0.0002052966592600569,0.00034216110361739993,0.0,0.0,0.0,0.0011975638335570693,0.0,0.0,0.0,0.0,0.0,0.0,0.0020529665052890778,0.0,0.0,0.01615000329911709,0.0,0.0,0.0,0.0,0.0,0.002360911574214697,0.00465339096263051,0.002018750412389636,0.0,0.0,0.008759323507547379,0.0,0.0,0.0,0.0,0.018750427290797234,0.0,0.0,0.0,0.0,0.0,0.0,0.0,0.0,0.0,0.0,0.0,0.0,0.0,0.0,0.0,0.02610689029097557,0.0,0.0022924793884158134,0.0,0.0,0.0,0.0,0.0,0.0,0.0,0.0,0.0,0.0,0.0,0.0,0.0,0.0005132416263222694,0.0,0.0,0.0,0.0,0.0,0.0,0.0,0.0,0.0,0.0,0.0,0.0,0.000786970485933125,0.0,0.0015397248789668083,0.0,0.0,0.0,0.0,0.0017450215527787805,0.0,0.0,0.0,0.0,0.0,0.0,0.0,0.0,0.0,0.00010264832963002846,0.0,0.0,0.0,0.0,0.0,0.0,0.0,0.0,0.0,0.0,0.0,0.0,0.0,0.0,0.0,0.0,0.0,0.0
1780049482927439898,29064,1,0.04128819331526756,0.001032204832881689,0.20919349789619446,0.019955959171056747,0.01857968606054783,0.008051197044551373,0.0,0.0,0.008945775218307972,0.013074593618512154,0.030966144055128098,0.0,0.0,0.0,0.0,0.005849160254001617,0.0,0.008257638663053513,0.005161024164408445,0.0003440682776272297,0.008945775218307972,0.002064409665763378,0.004128819331526756,0.0,0.002064409665763378,0.004472887609153986,0.0,0.0,0.028901733458042145,0.006193228531628847,0.0,0.005161024164408445,0.007225433364510536,0.0003440682776272297,0.0013762731105089188,0.0015483071329072118,0.0,0.0,0.0,0.0,0.0,0.0013762731105089188,0.0013762731105089188,0.0,0.0,0.0,0.0,0.016515277326107025,0.0,0.0,0.002064409665763378,0.0,0.008257638663053513,0.18786127865314484,0.0,0.0,0.0,0.03578310087323189,0.0,0.0,0.0,0.0,0.004128819331526756,0.0,0.0,0.0,0.0,0.0005161024164408445,0.02862647920846939,0.0,0.0,0.0,0.004644921515136957,0.01365950983017683,0.00994357280433178,0.0,0.0,0.02487613633275032,0.0,0.0,0.00856729969382286,0.002442884724587202,0.0003440682776272297,0.0020988164469599724,3.440682485233992e-05,0.002408477943390608,0.0,0.0020300026517361403,0.0,0.0,0.0020988164469599724,0.0,0.0,0.0017203412717208266,0.0,0.0,0.11770575493574142,0.0,0.0,0.0,0.0,0.0,0.0,0.0,0.0,0.0,0.00017203413881361485,0.0018923754105344415,0.0004816955770365894,0.0005849160370416939,0.0,0.0,0.0008601706358604133,0.0016859344905242324,0.0,0.0,0.0,0.001995595870539546,0.00237407092936337,0.0,0.0,0.0,0.0,0.0,0.0,0.0,0.0008601706358604133,0.0,0.0,0.0,0.0005161024164408445,0.0,0.0,0.0,0.0,0.0,0.0,0.0,0.0006881365552544594,0.0,0.0,0.0015827140305191278,0.00020644096366595477,0.0030966142658144236,0.0,0.0,0.0,3.440682485233992e-05,0.0,6.881364970467985e-05,0.0,0.0005505091976374388,0.0,0.0,0.0,0.0,0.0,0.0,0.0,0.0,0.0,0.0,0.0,0.0003440682776272297,0.0,0.0,0.0,0.0,0.0,0.0,0.0,0.00017203413881361485,0.0,0.00010322048183297738,0.0,0.0001376272994093597,0.0001376272994093597,0.0003440682776272297,0.0,0.0,0.0,0.0,0.0003440682776272297,0.0,0.0007225433364510536,0.0,0.0,0.00017203413881361485,0.0008257638546638191,0.0,0.0,0.0,0.0,0.0,0.0,0.0001376272994093597,0.0,0.0,0.0,0.0,0.0,0.0,0.00017203413881361485,0.0,0.0,0.0,0.0,0.0,0.0,3.440682485233992e-05,0.00044728873763233423,0.0,0.0,6.881364970467985e-05,0.00020644096366595477,0.00020644096366595477,0.00020644096366595477,0.0,0.0,0.0,0.0011010183952748775,0.0,0.0,0.0,0.0,0.0,0.0,0.0020988164469599724,0.0,0.0,0.01613680087029934,0.0,0.0,0.0,0.0,0.0,0.002408477943390608,0.0045417011715471745,0.002064409665763378,6.881364970467985e-05,0.0,0.009221029467880726,0.0,0.0,0.0,0.0,0.018854940310120583,0.0,0.0,0.0,0.0,0.0,0.0,0.0,0.0,0.0,0.0,0.0,0.0,0.0,0.0,0.0,0.0264932569116354,0.0,0.00237407092936337,0.0,0.0,0.0,0.0,0.0,0.0,0.0,0.0,0.0,0.0,0.0,0.0,0.0,0.0005161024164408445,0.0,0.0,0.0,0.0,0.0,0.0,0.0,0.0,0.0,0.0,0.0,0.0,0.0008601706358604133,0.0,0.0015139003517106175,0.0,0.0,0.0,0.0,0.001823561848141253,0.0,0.0,0.0,0.0,0.0,0.0,0.0,0.0,0.0,0.0001376272994093597,0.0,0.0,0.0,0.0,0.0,0.0,0.0,0.0,0.0,0.0,0.0,0.0,0.0,0.0,0.0,0.0,0.0,0.0
1780049487927439898,29108,1,0.04122577980160713,0.0010306445183232427,0.20887728035449982,0.019925793632864952,0.018551601096987724,0.009550639428198338,0.0,0.0,0.008932252414524555,0.013054830022156239,0.030919335782527924,0.0,0.0,0.0,0.0,0.005840318743139505,0.0,0.008245156146585941,0.0051532224752008915,0.0003435481630731374,0.008932252414524555,0.0020612890366464853,0.004122578073292971,0.0,0.0020612890366464853,0.004466126207262278,0.0,0.0,0.028858045116066933,0.006183866877108812,0.0,0.0051532224752008915,0.007214511279016733,0.0003435481630731374,0.0013741926522925496,0.001545966719277203,0.0,0.0,0.0,0.0,0.0,0.0013741926522925496,0.0013741926522925496,0.0,0.0,0.0,0.0,0.016490312293171883,0.0,0.0,0.0020612890366464853,0.0,0.008245156146585941,0.1875772923231125,0.0,0.0,0.0,0.03572900965809822,0.0,0.0,0.0,0.0,0.004122578073292971,0.0,0.0,0.0,0.0,0.0005153222591616213,0.02720901556313038,0.0,0.0,0.0,0.00470660999417305,0.01284870132803917,0.009722413495182991,0.0,0.0,0.024185791611671448,0.0,0.0,0.008279510773718357,0.002507901517674327,0.0004122577956877649,0.001958224456757307,3.435481630731374e-05,0.0024391920305788517,0.0,0.0019925793167203665,0.0,3.435481630731374e-05,0.0021987082436680794,0.0,0.0,0.0016490311827510595,0.0,0.0,0.1164628267288208,0.0,0.0,6.870963261462748e-05,0.0,0.0,0.0,0.0,0.0,0.0,0.00013741926522925496,0.001820805249735713,0.0004122577956877649,0.0006527415243908763,6.870963261462748e-05,0.0,0.0008932252530939877,0.0017864505061879754,0.0,0.0,0.0,0.0020612890366464853,0.0023017728235572577,0.0,0.0,0.0,0.0,0.0,0.0,0.0,0.0008932252530939877,0.0,0.0,0.0,0.0004122577956877649,0.0,0.0,0.0,0.0,0.0,0.0,0.0,0.0007214511279016733,0.0,0.0,0.0017177407862618566,0.00020612889784388244,0.003091933438554406,0.0,0.0,0.0,0.0,0.0,0.0,0.0,0.0009275800548493862,0.0,0.0,0.0,0.0,0.0,0.0,0.0,0.0,0.0,0.0,0.0,0.0003435481630731374,0.0,0.0,0.0,0.0,0.0,0.0,0.0,0.0001717740815365687,0.0,0.0001717740815365687,0.0,0.00020612889784388244,0.00020612889784388244,0.0003435481630731374,0.0,0.0,0.0,0.0,0.0002748385304585099,0.0,0.0007214511279016733,0.0,0.0,0.0001717740815365687,0.0008245155913755298,0.0,3.435481630731374e-05,0.0,0.0,0.0,0.0,0.00013741926522925496,0.0,0.0,0.0,0.0,0.0,0.0,0.0003091933613177389,0.0,0.0,0.0,0.0,0.0,0.0,3.435481630731374e-05,0.00044661262654699385,0.0,0.0,3.435481630731374e-05,0.0002748385304585099,0.00020612889784388244,0.0003435481630731374,0.0,0.0,0.0,0.0009962896583601832,0.0,3.435481630731374e-05,0.0,0.0,6.870963261462748e-05,0.0,0.0019238697132095695,0.0,3.435481630731374e-05,0.014978700317442417,0.0,0.0,0.0,0.0,0.0,0.002233063103631139,0.004259997047483921,0.0019925793167203665,0.00013741926522925496,0.0,0.008279510773718357,0.0,0.0,0.0,0.0,0.01786450482904911,0.0,0.0,0.0,0.0,0.0,0.0,0.0,0.0,0.0,0.0,0.0,0.0,0.0,0.0,3.435481630731374e-05,0.026350144296884537,0.0,0.0021299985237419605,0.0,0.0,0.0,0.0,0.0,0.0,0.0,3.435481630731374e-05,0.0,0.0,0.0,0.0,0.0,0.0004122577956877649,0.0,0.0,0.0,0.0,0.0,0.0,0.0,0.0,0.0,0.0,0.0,0.0,0.0008245155913755298,0.0,0.001545966719277203,0.0,0.0,0.0,0.0,0.001820805249735713,0.0,0.0,0.0,0.0,0.0,0.0,0.0,0.0,0.0,6.870963261462748e-05,0.0,0.0,0.0,0.0,0.0,0.0,0.0,0.0,0.0,0.0,0.0,0.0,0.0,0.0,0.0,0.0,0.0,0.0
1780049492927439898,23265,1,0.041263699531555176,0.0010315924882888794,0.2090694159269333,0.019944122061133385,0.01856866478919983,0.008639587089419365,0.0,0.0,0.008940468542277813,0.01306683849543333,0.03094777651131153,0.0,0.0,0.0,0.0,0.005845691077411175,0.0,0.008252739906311035,0.005157962441444397,0.0003438641724642366,0.008940468542277813,0.002063184976577759,0.004126369953155518,0.0,0.002063184976577759,0.0044702342711389065,0.0,0.0,0.028884589672088623,0.006189554929733276,0.0,0.005157962441444397,0.007221147418022156,0.0003438641724642366,0.0013754566898569465,0.001547388732433319,0.0,0.0,0.0,0.0,0.0,0.0013754566898569465,0.0013754566898569465,0.0,0.0,0.0,0.0,0.01650547981262207,0.0,0.0,0.002063184976577759,0.0,0.008252739906311035,0.18774983286857605,0.0,0.0,0.0,0.03576187416911125,0.0,0.0,0.0,0.0,0.004126369953155518,0.0,0.0,0.0,0.0,0.0005157962441444397,0.027208251878619194,0.0,0.0,0.0,0.004771115258336067,0.01220717839896679,0.009714162908494473,0.0,0.0,0.024113474413752556,0.0,0.0,0.008166774176061153,0.0024500321596860886,0.0005157962441444397,0.0019342360319569707,4.298302155802958e-05,0.0024500321596860886,0.0,0.002020202111452818,0.0,4.298302155802958e-05,0.0022781002335250378,0.0,0.0,0.0015044057508930564,0.0,0.0,0.11596819013357162,0.0,4.298302155802958e-05,0.0,0.0,0.0,0.0,0.0,0.0,0.0,0.00012894906103610992,0.0016333548119291663,0.00047281323350034654,0.00047281323350034654,0.0,0.0,0.0008596604457125068,0.001805286854505539,0.0,0.0,0.0,0.0019342360319569707,0.0022781002335250378,0.0,4.298302155802958e-05,0.0,0.0,0.0,0.0,0.0,0.0009456264670006931,0.0,0.0,0.0,0.0004298302228562534,0.0,0.0,0.0,0.0,0.0,0.0,0.0,0.0006877283449284732,0.0,0.0,0.0017193208914250135,8.596604311605915e-05,0.003094777464866638,0.0,0.0,0.0,4.298302155802958e-05,0.0,4.298302155802958e-05,0.0,0.0009026434272527695,0.0,0.0,0.0,0.0,0.0,0.0,0.0,0.0,0.0,0.0,0.0,0.0003438641724642366,0.0,0.0,0.0,0.0,0.0,0.0,0.0,0.0001719320862321183,0.0,8.596604311605915e-05,0.0,0.00030088116182014346,0.00030088116182014346,0.0003438641724642366,0.0,0.0,0.0,0.0,0.00025789812207221985,0.0,0.0007736943662166595,0.0,0.0,0.0001719320862321183,0.0005157962441444397,0.0,0.0,0.0,0.0,0.0,0.0,4.298302155802958e-05,0.0,0.0,0.0,0.0,0.0,0.0,0.00030088116182014346,0.0,0.0,0.0,0.0,0.0,0.0,4.298302155802958e-05,0.0005587792838923633,0.0,0.0,4.298302155802958e-05,0.0002149151114281267,0.0002149151114281267,0.00012894906103610992,0.0,0.0,0.0,0.0009886095067486167,0.0,0.0,0.0,0.0,0.0,0.0,0.0018912529340013862,0.0,4.298302155802958e-05,0.0152589725330472,0.0,0.0,0.0,0.0,0.0,0.0023210830986499786,0.004298302344977856,0.0019342360319569707,4.298302155802958e-05,0.0,0.007650977931916714,0.0,0.0,0.0,0.0,0.01805286854505539,0.0,0.0,0.0,0.0,0.0,0.0,0.0,0.0,0.0,0.0,0.0,0.0,0.0,0.0,0.0,0.02574682980775833,0.0,0.002063184976577759,0.0,0.0,0.0,0.0,0.0,0.0,0.0,0.0,0.0,0.0,0.0,0.0,0.0,0.0004298302228562534,0.0,0.0,0.0,0.0,0.0,0.0,0.0,0.0,0.0,0.0,0.0,0.0,0.0008166774059645832,0.0,0.001547388732433319,0.0,0.0,0.0,0.0,0.0015903718303889036,0.0,0.0,0.0,0.0,0.0,0.0,0.0,0.0,0.0,0.0002149151114281267,0.0,0.0,0.0,0.0,0.0,0.0,0.0,0.0,0.0,0.0,0.0,0.0,0.0,0.0,0.0,0.0,0.0,0.0
1780049497927439898,29066,1,0.041285350918769836,0.0010321338195353746,0.2091791033744812,0.019954586401581764,0.018578408285975456,0.008119452744722366,0.0,0.0,0.008945159614086151,0.013073693960905075,0.030964013189077377,0.0,0.0,0.0,0.0,0.0058487579226493835,0.0,0.008257070556282997,0.0051606688648462296,0.0003440445871092379,0.008945159614086151,0.0020642676390707493,0.0041285352781414986,0.0,0.0020642676390707493,0.0044725798070430756,0.0,0.0,0.028899746015667915,0.0061928024515509605,0.0,0.0051606688648462296,0.007224936503916979,0.0003440445871092379,0.0013761783484369516,0.0015482006128877401,0.0,0.0,0.0,0.0,0.0,0.0013761783484369516,0.0013761783484369516,0.0,0.0,0.0,0.0,0.016514141112565994,0.0,0.0,0.0020642676390707493,0.0,0.008257070556282997,0.18784834444522858,0.0,0.0,0.0,0.035780638456344604,0.0,0.0,0.0,0.0,0.0041285352781414986,0.0,0.0,0.0,0.0,0.0005160669097676873,0.026112984865903854,0.0,0.0,0.0,0.004610197618603706,0.012764054350554943,0.009426821954548359,0.0,0.0,0.023979907855391502,0.0,0.0,0.008085047826170921,0.002442716620862484,0.0003784490399993956,0.0019266497110947967,3.4404460166115314e-05,0.0025803344324231148,0.0,0.0019266497110947967,0.0,0.00013761784066446126,0.0025115255266427994,6.880892033223063e-05,0.0,0.0015482006128877401,0.0,0.0,0.116080641746521,6.880892033223063e-05,0.00010321337322238833,0.0,0.0,0.0,0.0,0.0,0.0,0.0,0.00013761784066446126,0.0018578408053144813,0.0003440445871092379,0.0004128534928895533,3.4404460166115314e-05,0.0,0.0009633248555473983,0.0017546274466440082,0.0,0.0,0.0,0.0019954585004597902,0.0022362899035215378,0.0,0.0,0.0,0.0,3.4404460166115314e-05,0.0,0.0,0.0009289204026572406,0.0,0.0,0.0,0.0005160669097676873,0.0,0.0,0.0,0.0,0.0,0.0,0.0,0.0006880891742184758,3.4404460166115314e-05,0.0,0.0014105828013271093,6.880892033223063e-05,0.0030964012257754803,0.0,0.0,0.0,0.00013761784066446126,0.0,0.0,0.0,0.0007224936271086335,0.0,0.0,0.0,0.0,0.0,0.0,0.0,0.0,0.0,0.0,0.0,0.0003440445871092379,0.0,0.0,0.0,0.0,0.0,0.0,0.0,0.00017202229355461895,0.0,3.4404460166115314e-05,0.0,0.00013761784066446126,0.00013761784066446126,0.0003440445871092379,0.0,0.0,0.0,0.0,0.00020642674644477665,0.0,0.0008257069857791066,0.0,0.0,0.00017202229355461895,0.0005848758155480027,0.0,3.4404460166115314e-05,0.0,0.0,0.0,0.0,0.00013761784066446126,0.0,0.0,0.0,0.0,0.0,0.0,0.0003440445871092379,0.0,0.0,0.0,0.0,0.0,0.0,0.00017202229355461895,0.0004128534928895533,0.0,0.0,3.4404460166115314e-05,0.00024083121388684958,0.00024083121388684958,0.0002752356813289225,0.0,0.0,0.0,0.0009633248555473983,0.0,0.0,0.0,0.0,0.00013761784066446126,0.0,0.001892245258204639,0.0,0.0,0.013830592855811119,0.0,0.0,0.0,0.0,6.880892033223063e-05,0.00220188545063138,0.004059726372361183,0.0018578408053144813,0.0002752356813289225,0.0,0.008188261650502682,0.0,0.0,0.0,0.0,0.017993532121181488,0.0,0.0,0.0,0.0,0.0,0.0,0.0,0.0,0.0,0.0,0.0,0.0,0.0,0.0,0.0,0.025631321594119072,0.0,0.002098672091960907,0.0,0.0,0.0,0.0,0.0,0.0,0.0,0.0,0.0,0.0,0.0,0.0,0.0,0.0005160669097676873,0.0,0.0,0.0,0.0,0.0,0.0,0.0,0.0,0.0,0.0,0.0,0.0,0.0008601114968769252,0.0,0.0015137961599975824,0.0,0.0,0.0,0.0,0.0018234363524243236,3.4404460166115314e-05,0.0,0.0,0.0,0.0,0.0,0.0,0.0,0.0,6.880892033223063e-05,0.0,0.0,0.0,6.880892033223063e-05,0.0,0.0,0.0,0.0,0.0,0.0,0.0,0.0,0.0,0.0,0.0,0.0,0.0,0.0
1780049502927439898,29122,1,0.041205961257219315,0.0010301490547135472,0.20877687633037567,0.019916214048862457,0.018542682752013206,0.010026783682405949,0.0,0.0,0.008927958086133003,0.01304855477064848,0.03090447001159191,0.0,0.0,0.0,0.0,0.005837511271238327,0.0,0.008241192437708378,0.005150745157152414,0.00034338299883529544,0.008927958086133003,0.0020602981094270945,0.004120596218854189,0.0,0.0020602981094270945,0.004463979043066502,0.0,0.0,0.02884417213499546,0.00618089409545064,0.0,0.005150745157152414,0.007211043033748865,0.00034338299883529544,0.0013735319953411818,0.00154522352386266,0.0,0.0,0.0,0.0,0.0,0.0013735319953411818,0.0013735319953411818,0.0,0.0,0.0,0.0,0.016482384875416756,0.0,0.0,0.0020602981094270945,0.0,0.008241192437708378,0.18748712539672852,0.0,0.0,0.0,0.03571183234453201,0.0,0.0,0.0,0.0,0.004120596218854189,0.0,0.0,0.0,0.0,0.0005150745273567736,0.027024243026971817,0.0,0.0,0.0,0.004738685674965382,0.012739509344100952,0.009958107024431229,0.0,0.0,0.02407114952802658,0.0,0.0,0.008172515779733658,0.002369342837482691,0.0005494127981364727,0.0018886065809056163,0.0,0.002472357591614127,0.0,0.0019916214514523745,0.0,0.00013735319953411818,0.002231989521533251,0.0,0.0,0.0014765469823032618,0.0,0.0,0.11534235626459122,3.4338299883529544e-05,6.867659976705909e-05,6.867659976705909e-05,0.0,0.0,0.0,0.0,0.0,0.0,0.00017169149941764772,0.0018199299229308963,0.00027470639906823635,0.0004120595986023545,0.0,0.0,0.000858457526192069,0.0018199299229308963,0.0,0.0,0.0,0.0019572831224650145,0.002266327850520611,0.0,3.4338299883529544e-05,0.0,0.0,0.0,0.0,0.0,0.0009271341259591281,0.0,0.0,0.0,0.0005150745273567736,0.0,0.0,0.0,0.0,0.0,0.0,0.0,0.00075544259743765,0.0,0.0,0.0015108851948753,0.00013735319953411818,0.00309044704772532,0.0,0.0,0.0,3.4338299883529544e-05,0.0,3.4338299883529544e-05,0.0,0.0012361787958070636,0.0,0.0,0.0,0.0,0.0,0.0,0.0,0.0,0.0,0.0,0.0,0.00034338299883529544,0.0,0.0,0.0,0.0,0.0,0.0,0.0,0.00017169149941764772,0.0,6.867659976705909e-05,0.0,0.00017169149941764772,0.00017169149941764772,0.00034338299883529544,0.0,0.0,0.0,0.0,0.000377721298718825,0.0,0.00075544259743765,0.0,0.0,0.00017169149941764772,0.00075544259743765,0.0,6.867659976705909e-05,0.0,0.0,0.0,0.0,0.00013735319953411818,0.0,0.0,0.0,0.0,0.0,0.0,0.0003090446989517659,0.0,0.0,0.0,0.0,0.0,0.0,0.00024036811373662204,0.0005150745273567736,0.0,0.0,3.4338299883529544e-05,0.00013735319953411818,0.00024036811373662204,0.00017169149941764772,0.0,0.0,0.0,0.0011675022542476654,0.0,0.0,0.0,0.0,0.0,0.0,0.0018542682519182563,0.0,0.0,0.014799808152019978,0.0,0.0,0.0,0.0,3.4338299883529544e-05,0.002335004508495331,0.004223611205816269,0.0019572831224650145,0.00010301489965058863,0.0,0.008241192437708378,0.0,0.0,0.0,0.0,0.017958931624889374,0.0,0.0,0.0,0.0,0.0,0.0,0.0,0.0,0.0,0.0,0.0,0.0,0.0,0.0,0.0,0.025753725320100784,0.0,0.002163312863558531,0.0,0.0,0.0,0.0,0.0,0.0,0.0,3.4338299883529544e-05,0.0,0.0,0.0,0.0,0.0,0.0005150745273567736,0.0,0.0,0.0,0.0,0.0,0.0,0.0,0.0,0.0,0.0,0.0,0.0,0.000858457526192069,0.0,0.00154522352386266,0.0,0.0,0.0,0.0,0.001751253381371498,0.0,0.0,0.0,0.0,0.0,0.0,0.0,0.0,0.0,3.4338299883529544e-05,0.0,0.0,0.0,0.0,0.0,0.0,0.0,0.0,0.0,0.0,0.0,0.0,0.0,0.0,0.0,0.0,0.0,0.0
1780049507927439898,29146,1,0.04117203131318092,0.0010293007362633944,0.20860496163368225,0.019899815320968628,0.01852741278707981,0.010841968469321728,0.0,0.0,0.008920606225728989,0.01303781010210514,0.030879022553563118,0.0,0.0,0.0,0.0,0.005832704249769449,0.0,0.008234405890107155,0.005146503914147615,0.00034310025512240827,0.008920606225728989,0.0020586014725267887,0.004117202945053577,0.0,0.0020586014725267887,0.004460303112864494,0.0,0.0,0.028820421546697617,0.006175804417580366,0.0,0.005146503914147615,0.007205105386674404,0.00034310025512240827,0.001372401020489633,0.0015439511043950915,0.0,0.0,0.0,0.0,0.0,0.001372401020489633,0.001372401020489633,0.0,0.0,0.0,0.0,0.01646881178021431,0.0,0.0,0.0020586014725267887,0.0,0.008234405890107155,0.18733273446559906,0.0,0.0,0.0,0.035682424902915955,0.0,0.0,0.0,0.0,0.004117202945053577,0.0,0.0,0.0,0.0,0.0005146503681316972,0.027585260570049286,0.0,0.0,0.0,0.004769093357026577,0.013072120025753975,0.009846976958215237,0.0,0.0,0.02449735812842846,0.0,0.0,0.008131476119160652,0.0023673917166888714,0.0004803403571713716,0.0019556714687496424,3.431002551224083e-05,0.0024017018731683493,0.0,0.0018870513886213303,0.0,3.431002551224083e-05,0.002195841632783413,3.431002551224083e-05,0.0,0.0016811912646517158,3.431002551224083e-05,0.0,0.11596788465976715,0.0,3.431002551224083e-05,3.431002551224083e-05,0.0,0.0,0.0,0.0,0.0,0.0,0.0001372401020489633,0.0016125711845234036,0.0005489604081958532,0.0005489604081958532,3.431002551224083e-05,0.0,0.0009606807143427432,0.0017498113447800279,0.0,0.0,0.0,0.0019213614286854863,0.002127221552655101,0.0,0.0,0.0,0.0,0.0,0.0,0.0,0.0008577506523579359,0.0,0.0,0.0,0.0004460303171072155,0.0,0.0,0.0,0.0,0.0,0.0,0.0,0.0006518904701806605,3.431002551224083e-05,0.0,0.0017498113447800279,0.00010293007653672248,0.003087902208790183,0.0,0.0,0.0,0.0,0.0,6.862005102448165e-05,0.0,0.0008234406122937799,0.0,0.0,0.0,0.0,0.0,0.0,0.0,0.0,0.0,0.0,0.0,0.00034310025512240827,0.0,0.0,0.0,0.0,0.0,0.0,0.0,0.00017155012756120414,0.0,0.00020586015307344496,0.0,0.00037741026608273387,0.00037741026608273387,0.0003087902150582522,0.0,0.0,0.0,0.0,0.0002401701785856858,0.0,0.0007548205321654677,0.0,0.0,0.00017155012756120414,0.0010636107763275504,0.0,0.0,0.0,0.0,0.0,0.0,6.862005102448165e-05,0.0,0.0,0.0,0.0,0.0,0.0,0.0004460303171072155,0.0,0.0,0.0,0.0,0.0,0.0,0.00020586015307344496,0.0008234406122937799,0.0,0.0,0.0,0.00020586015307344496,0.0001372401020489633,0.00020586015307344496,0.0,0.0,0.0,0.0010293007362633944,0.0,0.0,0.0,0.0,0.0,0.0,0.0018870513886213303,0.0,3.431002551224083e-05,0.015542441047728062,0.0,0.0,0.0,0.0,0.0,0.002333081793040037,0.004357373341917992,0.0018527413485571742,6.862005102448165e-05,0.0,0.008543196134269238,0.0,0.0,0.0,0.0,0.018561724573373795,0.0,0.0,0.0,0.0,0.0,0.0,0.0,0.0,0.0,0.0,0.0,0.0,0.0,0.0,0.0,0.025698209181427956,0.0,0.0020929116290062666,0.0,0.0,0.0,0.0,0.0,0.0,0.0,0.0,0.0,0.0,0.0,0.0,0.0,0.0004460303171072155,0.0,0.0,0.0,0.0,0.0,0.0,0.0,0.0,0.0,0.0,0.0,0.0,0.0008577506523579359,0.0,0.0015096410643309355,0.0,0.0,0.0,0.0,0.0015439511043950915,3.431002551224083e-05,0.0,0.0,0.0,0.0,0.0,0.0,0.0,0.0,0.00020586015307344496,0.0,0.0,0.0,0.0,0.0,0.0,0.0,0.0,0.0,0.0,0.0,0.0,0.0,0.0,0.0,0.0,0.0,0.0
1780049512927439898,29016,1,0.04080507159233093,0.0010339122964069247,0.2092638611793518,0.019920043647289276,0.018334710970520973,0.01075268816202879,0.0,0.0,0.008891645818948746,0.012889440171420574,0.030465949326753616,0.0,0.0,0.0,0.0,0.005789909046143293,0.0,0.008133444003760815,0.005100633949041367,0.0003446374321356416,0.008960573934018612,0.0020678245928138494,0.004135649185627699,0.0,0.0020678245928138494,0.004411359317600727,0.0,0.0,0.02832919731736183,0.006100082769989967,0.0,0.005100633949041367,0.007099531125277281,0.0003446374321356416,0.0013785497285425663,0.0015164047945290804,0.0,0.0,0.0,0.0,0.0,0.0013785497285425663,0.0013785497285425663,0.0,0.0,0.0,0.0,0.01626688800752163,0.0,0.0,0.0020678245928138494,0.0,0.008133444003760815,0.18817204236984253,0.0,0.0,0.0,0.035704437643289566,0.0,0.0,0.0,0.0,0.004066722001880407,0.0,0.0,0.0,0.0,0.0005169561482034624,0.028363661840558052,0.0,0.0,0.0,0.004687068983912468,0.013544251210987568,0.010028949938714504,0.0,0.0,0.02443479374051094,0.0,0.0,0.008478080853819847,0.0023779983166605234,0.0003446374321356416,0.0020333610009402037,0.0,0.0023779983166605234,0.0,0.0020333610009402037,0.0,0.0,0.0019299696432426572,0.0,0.0,0.001792114693671465,3.446374466875568e-05,0.0,0.11752136796712875,0.0,0.0,0.0,0.0,0.0,0.0,0.0,0.0,0.0,0.0001723187160678208,0.0019299696432426572,0.0004824924108106643,0.0006548111559823155,0.0,0.0,0.0008271298720501363,0.0017231871606782079,0.0,0.0,0.0,0.0020678245928138494,0.002240143483504653,0.0,0.0,0.0,0.0,0.0,0.0,0.0,0.0008615935803391039,0.0,0.0,0.0,0.0004824924108106643,0.0,0.0,0.0,0.0,0.0,0.0,0.0,0.0006892748642712831,0.0,0.0,0.0015853322111070156,0.00020678246801253408,0.003101737005636096,0.0,0.0,0.0,0.0,0.0,0.0,0.0,0.000930521113332361,0.0,0.0,0.0,0.0,0.0,0.0,0.0,0.0,0.0,0.0,0.0,0.0003446374321356416,0.0,0.0,0.0,0.0,0.0,0.0,0.0,0.0001723187160678208,0.0,0.0001723187160678208,0.0,0.00010339123400626704,0.00010339123400626704,0.0003101736947428435,0.0,0.0,0.0,0.0,0.00024124620540533215,0.0,0.0006548111559823155,0.0,0.0,0.0001723187160678208,0.0010339122964069247,0.0,0.0,0.0,0.0,0.0,0.0,0.00013785497867502272,0.0,0.0,0.0,0.0,0.0,0.0,0.0004824924108106643,0.0,0.0,0.0,0.0,0.0,0.0,0.00020678246801253408,0.0009994485881179571,0.0,0.0,0.00010339123400626704,0.00041356493602506816,0.00024124620540533215,0.0003101736947428435,0.0,0.0,0.0,0.0010683761211112142,0.0,0.0,0.0,0.0,0.0,0.0,0.0019988971762359142,0.0,0.0,0.016094569116830826,0.0,0.0,0.0,0.0,0.0,0.0023779983166605234,0.004652605392038822,0.0018955059349536896,0.0,0.0,0.00906396470963955,0.0,0.0,0.0,0.0,0.018472567200660706,0.0,0.0,0.0,0.0,0.0,0.0,0.0,0.0,0.0,0.0,0.0,0.0,0.0,0.0,0.0,0.025985663756728172,0.0,0.002171215834096074,0.0,0.0,0.0,0.0,0.0,0.0,0.0,0.0,0.0,0.0,0.0,0.0,0.0,0.0004824924108106643,0.0,0.0,0.0,0.0,0.0,0.0,0.0,0.0,0.0,0.0,0.0,0.0,0.0008271298720501363,0.0,0.001550868502818048,0.0,0.0,0.0,0.0,0.0019299696432426572,0.0,0.0,0.0,0.0,0.0,0.0,0.0,0.0,0.0,0.00013785497867502272,0.0,0.0,0.0,0.0,0.0,0.0,0.0,0.0,0.0,0.0,0.0,0.0,0.0,0.0,0.0,0.0,0.0,0.0
1780049517927439898,23362,1,0.041777245700359344,0.0010273093357682228,0.20760208368301392,0.01994692161679268,0.018834004178643227,0.010444311425089836,0.0,0.0,0.008988955989480019,0.013269411399960518,0.03150415048003197,0.0,0.0,0.0,0.0,0.0059070284478366375,0.0,0.00838969275355339,0.005222155712544918,0.00034243642585352063,0.008903346955776215,0.0020546186715364456,0.004109237343072891,0.0,0.0020546186715364456,0.004537282977253199,0.0,0.0,0.029535142704844475,0.006292269565165043,0.0,0.005222155712544918,0.007362383417785168,0.00034243642585352063,0.0013697457034140825,0.0015837685205042362,0.0,0.0,0.0,0.0,0.0,0.0013697457034140825,0.0013697457034140825,0.0,0.0,0.0,0.0,0.01677938550710678,0.0,0.0,0.0020546186715364456,0.0,0.00838969275355339,0.18594297766685486,0.0,0.0,0.0,0.03569899871945381,0.0,0.0,0.0,0.0,0.004194846376776695,0.0,0.0,0.0,0.0,0.0005136546678841114,0.028251005336642265,0.0,0.0,0.0,0.004794110078364611,0.013526239432394505,0.00997346080839634,0.0,0.0,0.02504066377878189,0.0,0.0,0.008346888236701488,0.002568273339420557,0.00038524100091308355,0.0020546186715364456,0.0,0.002525468822568655,0.0,0.0020118141546845436,0.0,0.0,0.0020118141546845436,0.0,0.0,0.001669377670623362,0.0,0.0,0.11587192863225937,0.0,0.0,4.280455323169008e-05,0.0,0.0,0.0,0.0,0.0,0.0,0.00012841366697102785,0.001840595854446292,0.0005992637597955763,0.0005136546678841114,0.0,0.0,0.000856091093737632,0.001712182187475264,0.0,0.0,0.0,0.0020118141546845436,0.0023114460054785013,0.0,0.0,0.0,0.0,0.0,0.0,0.0,0.000941700185649097,0.0,0.0,0.0,0.0005136546678841114,0.0,0.0,0.0,0.0,0.0,0.0,0.0,0.0006420683348551393,0.0,0.0,0.001669377670623362,0.00012841366697102785,0.0030819280073046684,0.0,0.0,0.0,0.0,0.0,4.280455323169008e-05,0.0,0.0010273093357682228,0.0,0.0,0.0,0.0,0.0,0.0,0.0,0.0,0.0,0.0,0.0,0.00034243642585352063,0.0,0.0,0.0,0.0,0.0,0.0,0.0,0.00017121821292676032,0.0,0.0002568273339420557,0.0,0.00012841366697102785,0.00012841366697102785,0.00034243642585352063,0.0,0.0,0.0,0.0,0.00029963187989778817,0.0,0.0007276774267666042,0.0,0.0,0.00017121821292676032,0.0010273093357682228,0.0,0.0,0.0,0.0,0.0,0.0,4.280455323169008e-05,0.0,0.0,0.0,0.0,0.0,0.0,0.00029963187989778817,0.0,0.0,0.0,0.0,0.0,0.0,8.560910646338016e-05,0.000856091093737632,0.0,0.0,0.000214022773434408,0.0004708500928245485,0.00029963187989778817,0.0002568273339420557,0.0,0.0,0.0,0.0010701138526201248,0.0,0.0,0.0,0.0,0.00012841366697102785,0.0,0.0020546186715364456,0.0,0.0,0.016051707789301872,0.0,0.0,0.0,0.0,0.0,0.0023970550391823053,0.004494477994740009,0.0019262050045654178,0.0,0.0,0.008903346955776215,0.0,0.0,0.0,0.0,0.01891961321234703,0.0,0.0,0.0,0.0,0.0,0.0,0.0,0.0,0.0,0.0,0.0,0.0,0.0,0.0,0.0,0.02606797404587269,0.0,0.0021402277052402496,0.0,0.0,0.0,0.0,0.0,0.0,0.0,4.280455323169008e-05,0.0,0.0,0.0,0.0,0.0,0.0005136546678841114,0.0,0.0,0.0,0.0,0.0,0.0,0.0,0.0,0.0,0.0,0.0,0.0,0.0008132865186780691,0.0,0.0015409640036523342,0.0,0.0,0.0,0.0,0.00179779133759439,0.0,0.0,0.0,0.0,0.0,0.0,0.0,0.0,0.0,0.000214022773434408,0.0,0.0,0.0,0.0,0.0,0.0,0.0,0.0,0.0,0.0,0.0,0.0,0.0,0.0,0.0,0.0,0.0,0.0
1780049522927439898,29098,1,0.04123994708061218,0.0010309986537322402,0.20894907414913177,0.019932640716433525,0.018557976931333542,0.009210254997015,0.0,0.0,0.008935322053730488,0.013059317134320736,0.030929960310459137,0.0,0.0,0.0,0.0,0.005842325743287802,0.0,0.008247989229857922,0.005154993385076523,0.00034366623731330037,0.008935322053730488,0.0020619973074644804,0.004123994614928961,0.0,0.0020619973074644804,0.004467661026865244,0.0,0.0,0.028867963701486588,0.006185992155224085,0.0,0.005154993385076523,0.007216990925371647,0.00034366623731330037,0.0013746649492532015,0.0015464980388060212,0.0,0.0,0.0,0.0,0.0,0.0013746649492532015,0.0013746649492532015,0.0,0.0,0.0,0.0,0.016495978459715843,0.0,0.0,0.0020619973074644804,0.0,0.008247989229857922,0.18764176964759827,0.0,0.0,0.0,0.03574128821492195,0.0,0.0,0.0,0.0,0.004123994614928961,0.0,0.0,0.0,0.0,0.0005154993268661201,0.028661763295531273,0.0,0.0,0.0,0.004776960704475641,0.013849749229848385,0.009966320358216763,0.0,0.0,0.024881435558199883,0.0,0.0,0.008591655641794205,0.0024056637194007635,0.00034366623731330037,0.0020619973074644804,0.0,0.0024056637194007635,0.0,0.0020276308059692383,0.0,0.0,0.0020619973074644804,0.0,0.0,0.0017870643641799688,0.0,0.0,0.11756821721792221,0.0,0.0,0.0,0.0,0.0,0.0,0.0,0.0,0.0,0.00017183311865665019,0.0018214309820905328,0.0005154993268661201,0.0006873324746266007,0.0,0.0,0.0008591655641794205,0.001718331128358841,0.0,0.0,0.0,0.0018557976000010967,0.0023369304835796356,0.0,3.436662154854275e-05,0.0,0.0,0.0,0.0,0.0,0.0008591655641794205,0.0,0.0,0.0,0.0004811327380593866,0.0,0.0,0.0,0.0,0.0,0.0,0.0,0.0006873324746266007,0.0,0.0,0.0017526977462694049,0.00020619973656721413,0.0030929960776120424,0.0,0.0,0.0,0.0,0.0,0.000137466486194171,0.0,0.0008247989462688565,0.0,0.0,0.0,0.0,0.0,0.0,0.0,0.0,0.0,0.0,0.0,0.00034366623731330037,0.0,0.0,0.0,0.0,0.0,0.0,0.0,0.00017183311865665019,0.0,0.000274932972388342,0.0,0.00017183311865665019,0.00017183311865665019,0.00034366623731330037,0.0,0.0,0.0,0.0,0.0002405663690296933,0.0,0.0006873324746266007,0.0,0.0,0.00017183311865665019,0.0008247989462688565,0.0,3.436662154854275e-05,0.0,0.0,0.0,0.0,0.00017183311865665019,0.0,0.0,0.0,0.0,0.0,0.0,0.0005842326208949089,0.0,0.0,0.0,0.0,0.0,0.0,3.436662154854275e-05,0.0004467660910449922,0.0,0.0,0.00010309986828360707,0.000274932972388342,0.000137466486194171,0.00020619973656721413,0.0,0.0,0.0,0.001134098507463932,0.0,0.0,0.0,0.0,0.0,0.0,0.0020619973074644804,0.0,0.0,0.016221046447753906,0.0,0.0,0.0,0.0,0.0,0.0023712969850748777,0.00470822723582387,0.0020619973074644804,0.0,0.0,0.009210254997015,0.0,0.0,0.0,0.0,0.01883290894329548,0.0,0.0,0.0,0.0,0.0,0.0,0.0,0.0,0.0,0.0,0.0,0.0,0.0,0.0,0.0,0.026221733540296555,0.0,0.0023369304835796356,0.0,0.0,0.0,0.0,0.0,0.0,0.0,0.0,0.0,0.0,0.0,0.0,0.0,0.0004811327380593866,0.0,0.0,0.0,0.0,0.0,0.0,0.0,0.0,0.0,0.0,0.0,0.0,0.0007560657104477286,0.0,0.0015464980388060212,0.0,0.0,0.0,0.0,0.001683964510448277,0.0,0.0,0.0,0.0,0.0,0.0,0.0,0.0,0.0,0.000137466486194171,0.0,0.0,0.0,0.0,0.0,0.0,0.0,0.0,0.0,0.0,0.0,0.0,0.0,0.0,0.0,0.0,0.0,0.0
1780049527927439898,29084,1,0.041259799152612686,0.0010314949322491884,0.20904964208602905,0.019942237064242363,0.018566910177469254,0.008733323775231838,0.0,0.0,0.008939622901380062,0.013065602630376816,0.03094485029578209,0.0,0.0,0.0,0.0,0.0058451383374631405,0.0,0.008251959457993507,0.005157474894076586,0.00034383166348561645,0.008939622901380062,0.002062989864498377,0.004125979728996754,0.0,0.002062989864498377,0.004469811450690031,0.0,0.0,0.02888185903429985,0.006188970059156418,0.0,0.005157474894076586,0.007220464758574963,0.00034383166348561645,0.0013753266539424658,0.0015472425147891045,0.0,0.0,0.0,0.0,0.0,0.0013753266539424658,0.0013753266539424658,0.0,0.0,0.0,0.0,0.016503918915987015,0.0,0.0,0.002062989864498377,0.0,0.008251959457993507,0.18773208558559418,0.0,0.0,0.0,0.03575849160552025,0.0,0.0,0.0,0.0,0.004125979728996754,0.0,0.0,0.0,0.0,0.0005157474661245942,0.028400495648384094,0.0,0.0,0.0,0.004813643172383308,0.013684500008821487,0.010005501098930836,0.0,0.0,0.024618346244096756,0.0,0.0,0.008527025580406189,0.0024412048514932394,0.00041259799036197364,0.0020286068320274353,0.0,0.002475587883964181,0.0,0.00199422356672585,0.0,3.4383167076157406e-05,0.0020286068320274353,0.0,3.4383167076157406e-05,0.0017879246734082699,0.0,0.0,0.11697153002023697,0.0,6.876633415231481e-05,0.0,0.0,0.0,0.0,0.0,0.0,0.0,0.00013753266830462962,0.0018223078222945333,0.0003782148123718798,0.0005501306732185185,0.0,0.0,0.0008595791296102107,0.0017191582592204213,0.0,0.0,0.0,0.0020286068320274353,0.0023380552884191275,0.0,0.0,0.0,0.0,3.4383167076157406e-05,0.0,0.0,0.0008595791296102107,0.0,0.0,0.0,0.0005157474661245942,0.0,0.0,0.0,0.0,0.0,0.0,0.0,0.0006876633269712329,0.0,0.0,0.0015472425147891045,0.00020629899518098682,0.003094485029578209,0.0,0.0,0.0,0.0,0.0,0.0,0.0,0.0008595791296102107,0.0,0.0,0.0,0.0,0.0,0.0,0.0,0.0,0.0,0.0,0.0,0.00034383166348561645,0.0,0.0,0.0,0.0,0.0,0.0,0.0,0.00017191583174280822,0.0,3.4383167076157406e-05,0.0,0.00020629899518098682,0.00017191583174280822,0.00034383166348561645,0.0,0.0,0.0,0.0,0.00027506533660925925,0.0,0.0006876633269712329,0.0,0.0,0.00017191583174280822,0.0008939623367041349,0.0,0.0,0.0,0.0,0.0,0.0,0.00020629899518098682,0.0,0.0,0.0,0.0,0.0,0.0,0.00034383166348561645,0.0,0.0,0.0,0.0,0.0,0.0,0.00010314949759049341,0.0007908128318376839,0.0,0.0,0.00010314949759049341,0.00024068215861916542,0.00024068215861916542,0.00013753266830462962,0.0,0.0,0.0,0.0011346444953233004,0.0,0.0,0.0,0.0,3.4383167076157406e-05,0.0,0.0020286068320274353,0.0,0.0,0.01602255553007126,0.0,0.0,0.0,0.0,0.0,0.0023380552884191275,0.0047104936093091965,0.00199422356672585,3.4383167076157406e-05,0.0,0.009042772464454174,0.0,3.4383167076157406e-05,0.0,0.0,0.018566910177469254,0.0,0.0,0.0,0.0,0.0,0.0,0.0,0.0,0.0,0.0,0.0,0.0,0.0,0.0,0.0,0.02578737400472164,0.0,0.002097373129799962,0.0,0.0,0.0,0.0,0.0,0.0,0.0,0.0,0.0,0.0,0.0,0.0,0.0,0.0005157474661245942,0.0,0.0,0.0,0.0,0.0,0.0,0.0,0.0,0.0,0.0,0.0,0.0,0.0008251959807239473,0.0,0.0015128592494875193,0.0,0.0,0.0,0.0,0.0018223078222945333,0.0,0.0,0.0,0.0,0.0,0.0,0.0,0.0,0.0,3.4383167076157406e-05,0.0,0.0,0.0,0.0,0.0,0.0,0.0,0.0,0.0,0.0,0.0,0.0,0.0,0.0,0.0,0.0,0.0,0.0
1780049532927439898,29060,1,0.04129387438297272,0.001032346859574318,0.20922230184078217,0.019958706572651863,0.018582243472337723,0.007914659567177296,0.0,0.0,0.008947006426751614,0.013076393865048885,0.030970405787229538,0.0,0.0,0.0,0.0,0.0058499653823673725,0.0,0.008258774876594543,0.00516173429787159,0.0003441156295593828,0.008947006426751614,0.002064693719148636,0.004129387438297272,0.0,0.002064693719148636,0.004473503213375807,0.0,0.0,0.028905712068080902,0.006194081157445908,0.0,0.00516173429787159,0.0072264280170202255,0.0003441156295593828,0.0013764625182375312,0.001548520289361477,0.0,0.0,0.0,0.0,0.0,0.0013764625182375312,0.0013764625182375312,0.0,0.0,0.0,0.0,0.016517549753189087,0.0,0.0,0.002064693719148636,0.0,0.008258774876594543,0.18788713216781616,0.0,0.0,0.0,0.035788025707006454,0.0,0.0,0.0,0.0,0.004129387438297272,0.0,0.0,0.0,0.0,0.000516173429787159,0.027907777577638626,0.0,0.0,0.0,0.004714384209364653,0.013041982427239418,0.009669649414718151,0.0,0.0,0.02429456263780594,0.0,0.0,0.008224363438785076,0.0024432209320366383,0.0004129387380089611,0.001858224393799901,0.0,0.0024088092613965273,0.0,0.001858224393799901,0.0,3.441156150074676e-05,0.0019958706106990576,0.0,0.0,0.0017205780604854226,0.0,0.0,0.11613902449607849,0.0,6.882312300149351e-05,0.0,0.0,0.0,0.0,0.0,3.441156150074676e-05,0.0,0.00013764624600298703,0.0017894012853503227,0.0004817618755623698,0.0005505849840119481,0.0,0.0,0.0008602890302427113,0.0017894012853503227,3.441156150074676e-05,0.0,0.0,0.0019614589400589466,0.0022711630444973707,0.0,0.0,0.0,0.0,0.0,0.0,0.0,0.0009291121968999505,0.0,0.0,0.0,0.0004817618755623698,0.0,0.0,0.0,0.0,0.0,0.0,0.0,0.0006882312591187656,0.0,0.0,0.0016517549520358443,0.00013764624600298703,0.003097040578722954,0.0,0.0,0.0,3.441156150074676e-05,0.0,3.441156150074676e-05,0.0,0.0008602890302427113,0.0,0.0,0.0,0.0,0.0,0.0,0.0,0.0,0.0,0.0,0.0,0.0003097040462307632,0.0,0.0,0.0,0.0,0.0,0.0,0.0,0.0001720578147796914,0.0,0.00020646936900448054,0.0,0.0002408809377811849,0.00020646936900448054,0.0003441156295593828,0.0,0.0,0.0,0.0,0.00013764624600298703,0.0,0.0007570543675683439,0.0,0.0,0.0001720578147796914,0.0006882312591187656,0.0,0.0,0.0,0.0,0.0,0.0,6.882312300149351e-05,0.0,0.0,0.0,3.441156150074676e-05,0.0,0.0,0.0002408809377811849,0.0,0.0,0.0,0.0,0.0,0.0,6.882312300149351e-05,0.0004129387380089611,0.0,0.0,0.0,0.00013764624600298703,0.00010323468450224027,0.00010323468450224027,0.0,0.0,0.0,0.0009291121968999505,0.0,0.0,0.0,0.0,6.882312300149351e-05,0.0,0.0018238128395751119,0.0,0.0,0.016070200130343437,0.0,0.0,0.0,0.0,0.0,0.002339986152946949,0.004301445093005896,0.0018238128395751119,6.882312300149351e-05,0.0,0.008568478748202324,0.0,0.0,0.0,0.0,0.018306951969861984,0.0,0.0,0.0,0.0,0.0,0.0,0.0,0.0,0.0,0.0,0.0,0.0,0.0,0.0,0.0,0.02580867148935795,3.441156150074676e-05,0.002167928498238325,0.0,0.0,0.0,0.0,0.0,0.0,0.0,0.0,0.0,0.0,0.0,0.0,0.0,0.0004473503213375807,0.0,0.0,0.0,0.0,0.0,0.0,0.0,0.0,0.0,0.0,0.0,0.0,0.0008258774760179222,0.0,0.0015141087351366878,0.0,0.0,0.0,0.0,0.0017894012853503227,0.0,0.0,0.0,0.0,0.0,0.0,0.0,0.0,0.0,0.00013764624600298703,0.0,0.0,0.0,0.0,0.0,0.0,0.0,0.0,0.0,0.0,0.0,0.0,0.0,0.0,0.0,0.0,0.0,0.0
1780049537927439898,23851,1,0.04310091957449913,0.0011739549227058887,0.20485514402389526,0.020963480696082115,0.01945411041378975,0.008595027029514313,0.0,0.0,0.00905622448772192,0.013835897669196129,0.0337931327521801,0.0,0.0,0.0,0.0,0.006205190438777208,0.0,0.008720808662474155,0.005450505297631025,0.00033541570883244276,0.009978617541491985,0.0022221291437745094,0.004024988505989313,0.0,0.0022221291437745094,0.004779673647135496,0.0,0.0,0.03169678524136543,0.006666386965662241,0.0,0.0055343592539429665,0.007882269099354744,0.00033541570883244276,0.001341662835329771,0.0017190055223181844,0.0,0.0,0.0,0.0,0.0,0.001341662835329771,0.001341662835329771,0.0,0.0,0.0,0.0,0.01744161732494831,0.0,0.0,0.002180202165618539,0.0,0.00880466215312481,0.18129219114780426,0.0,0.0,0.0,0.03605718910694122,0.0,0.0,0.0,0.0,0.004360404331237078,0.0,0.0,0.0,0.0,0.0005869774613529444,0.028594188392162323,0.0,0.0,0.0,0.004947381559759378,0.013668189756572247,0.01031403336673975,0.0,0.0,0.02687518298625946,0.0,0.0,0.008846589364111423,0.002599471714347601,0.00046119658509269357,0.001970567274838686,0.0,0.00251561775803566,0.0,0.0020963482093065977,0.0,4.1926963604055345e-05,0.0022221291437745094,4.1926963604055345e-05,0.0,0.0018028593622148037,0.0,0.0,0.11378978192806244,0.0,4.1926963604055345e-05,4.1926963604055345e-05,0.0,0.0,0.0,0.0,0.0,0.0,0.00012578089081216604,0.0020124942529946566,0.0005031235632486641,0.0005869774613529444,0.0,0.0,0.0009643201483413577,0.0016770785441622138,0.0,0.0,0.0,0.0020963482093065977,0.0025575447361916304,0.0,4.1926963604055345e-05,0.0,0.0,0.0,0.0,0.0,0.0009643201483413577,0.0,0.0,0.0,0.0005031235632486641,0.0,0.0,0.0,0.0,0.0,0.0,0.0,0.0007127583958208561,0.0,0.0,0.001551297609694302,8.385392720811069e-05,0.0034799380227923393,0.0,0.0,0.0,0.0,0.0,8.385392720811069e-05,0.0,0.0007127583958208561,0.0,0.0,0.0,0.0,0.0,0.0,0.0,0.0,0.0,0.0,0.0,0.0003773426578845829,0.0,0.0,0.0,0.0,0.0,0.0,0.0,0.00020963481802027673,0.0,0.00016770785441622138,0.0,0.00020963481802027673,0.00016770785441622138,0.0003773426578845829,0.0,0.0,0.0,0.0,0.00033541570883244276,0.0,0.0008385392720811069,0.0,0.0,0.00020963481802027673,0.000628904439508915,0.0,0.0,0.0,0.0,0.0,4.1926963604055345e-05,0.0,0.0,0.0,0.0,0.0,0.0,0.0,0.00041926963604055345,0.0,0.0,0.0,0.0,0.0,0.0,8.385392720811069e-05,0.0005450505414046347,0.0,0.0,4.1926963604055345e-05,8.385392720811069e-05,0.0002934887306764722,8.385392720811069e-05,0.0,0.0,0.0,0.0009643201483413577,0.0,4.1926963604055345e-05,0.0,0.0,8.385392720811069e-05,0.0,0.001970567274838686,0.0,0.0,0.015974173322319984,0.0,0.0,0.0,0.0,4.1926963604055345e-05,0.0023479098454117775,0.00452811224386096,0.0019286402966827154,0.0,0.0,0.008888516575098038,0.0,0.0,0.0,0.0,0.020208796486258507,0.0,0.0,0.0,0.0,0.0,0.0,0.0,0.0,0.0,0.0,0.0,0.0,0.0,0.0,0.0,0.0257431548088789,0.0,0.0024317638017237186,0.0,0.0,0.0,0.0,0.0,0.0,0.0,0.0,0.0,0.0,0.0,0.0,0.0,0.0005031235632486641,0.0,0.0,0.0,0.0,0.0,0.0,0.0,0.0,0.0,0.0,0.0,0.0,0.0008385392720811069,0.0,0.0014255167916417122,0.0,0.0,0.0,0.0,0.0019286402966827154,0.0,0.0,0.0,0.0,0.0,0.0,0.0,0.0,0.0,0.00016770785441622138,0.0,0.0,0.0,0.0,0.0,0.0,0.0,0.0,0.0,0.0,0.0,0.0,0.0,0.0,0.0,0.0,0.0,0.0
1780049542927439898,28334,1,0.039952002465724945,0.0009176254388876259,0.21225382387638092,0.019199548289179802,0.017928989604115486,0.00811745598912239,0.0,0.0,0.008893908001482487,0.012493823654949665,0.02872873656451702,0.0,0.0,0.0,0.0,0.005576339550316334,0.0,0.007905696518719196,0.004941060207784176,0.0003529328678268939,0.00811745598912239,0.0019411308458074927,0.004235194530338049,0.0,0.0019411308458074927,0.004235194530338049,0.0,0.0,0.026681724935770035,0.005823392421007156,0.0,0.0048704734072089195,0.006705724634230137,0.0003529328678268939,0.0014117314713075757,0.0014117314713075757,0.0,0.0,0.0,0.0,0.0,0.0014117314713075757,0.0014117314713075757,0.0,0.0,0.0,0.0,0.015811393037438393,0.0,0.0,0.001976424129679799,0.0,0.00783510971814394,0.19256018102169037,0.0,0.0,0.0,0.03557563200592995,0.0,0.0,0.0,0.0,0.003952848259359598,0.0,0.0,0.0,0.0,0.00045881271944381297,0.02636408619582653,0.0,0.0,0.0,0.004764593672007322,0.01210559718310833,0.009423308074474335,0.0,0.0,0.022305358201265335,0.0,0.0,0.007905696518719196,0.002364650135859847,0.0005293993162922561,0.0017646643100306392,0.0,0.0023293569684028625,0.0,0.00187054427806288,0.0,0.00010587985889287665,0.0020823038648813963,0.0,0.0,0.0015881978906691074,0.0,0.0,0.11720900982618332,0.0,3.5293287510285154e-05,0.0,0.0,0.0,0.0,0.0,0.0,0.0,0.00017646643391344696,0.0017293710261583328,0.0005646926001645625,0.0006352791679091752,0.0,0.0,0.0008823321550153196,0.0017999575939029455,0.0,0.0,0.0,0.0019058375619351864,0.0019058375619351864,0.0,3.5293287510285154e-05,0.0,0.0,0.0,0.0,0.0,0.0008470388711430132,0.0,0.0,0.0,0.0004941060324199498,0.0,0.0,0.0,0.0,0.0,0.0,0.0,0.0005646926001645625,0.0,0.0,0.001552904606796801,7.058657502057031e-05,0.002788169775158167,0.0,0.0,0.0,0.0,0.0,3.5293287510285154e-05,0.0,0.0008470388711430132,0.0,0.0,0.0,0.0,0.0,0.0,0.0,0.0,0.0,0.0,0.0,0.0003176395839545876,0.0,0.0,0.0,0.0,0.0,0.0,0.0,0.00014117315004114062,0.0,7.058657502057031e-05,0.0,0.0002117597177857533,0.0002117597177857533,0.0003176395839545876,0.0,0.0,0.0,0.0,0.00014117315004114062,0.0,0.0007411590195260942,0.0,0.0,0.00014117315004114062,0.0005999858840368688,0.0,0.0,0.0,0.0,0.0,0.0,0.00010587985889287665,0.0,0.0,0.0,0.0,0.0,0.0,0.0003529328678268939,0.0,0.0,0.0,0.0,0.0,0.0,0.00010587985889287665,0.00045881271944381297,0.0,0.0,7.058657502057031e-05,0.0002470530162099749,0.00017646643391344696,0.00028234630008228123,0.0,0.0,0.0,0.0010235053487122059,0.0,0.0,0.0,0.0,7.058657502057031e-05,0.0,0.0017646643100306392,0.0,0.0,0.014611421152949333,0.0,0.0,0.0,0.0,3.5293287510285154e-05,0.002188183832913637,0.004305780865252018,0.0017646643100306392,3.5293287510285154e-05,0.0,0.007799816317856312,0.0,0.0,0.0,0.0,0.016623137518763542,0.0,0.0,0.0,0.0,0.0,0.0,0.0,0.0,0.0,0.0,0.0,0.0,0.0,0.0,0.0,0.025905271992087364,0.0,0.0019058375619351864,0.0,0.0,0.0,0.0,0.0,0.0,0.0,0.0,0.0,0.0,0.0,0.0,0.0,0.0004941060324199498,0.0,0.0,0.0,0.0,0.0,0.0,0.0,0.0,0.0,0.0,0.0,0.0,0.0007411590195260942,0.0,0.001552904606796801,0.0,0.0,0.0,0.0,0.0016940777422860265,0.0,0.0,0.0,0.0,0.0,0.0,0.0,0.0,0.0,0.00017646643391344696,0.0,0.0,0.0,0.0,0.0,0.0,0.0,0.0,0.0,0.0,0.0,0.0,0.0,0.0,0.0,0.0,0.0,0.0
1780049547927439898,29086,1,0.04125696048140526,0.0010314240353181958,0.20903527736663818,0.01994086429476738,0.01856563240289688,0.008801485411822796,0.0,0.0,0.008939008228480816,0.013064704835414886,0.030942721292376518,0.0,0.0,0.0,0.0,0.005844736471772194,0.0,0.008251392282545567,0.005157120060175657,0.0003438080311752856,0.008939008228480816,0.0020628480706363916,0.004125696141272783,0.0,0.0020628480706363916,0.004469504114240408,0.0,0.0,0.02887987345457077,0.006188544444739819,0.0,0.005157120060175657,0.0072199683636426926,0.0003438080311752856,0.0013752321247011423,0.0015471361111849546,0.0,0.0,0.0,0.0,0.0,0.0013752321247011423,0.0013752321247011423,0.0,0.0,0.0,0.0,0.016502784565091133,0.0,0.0,0.0020628480706363916,0.0,0.008251392282545567,0.1877191811800003,0.0,0.0,0.0,0.035756032913923264,0.0,0.0,0.0,0.0,0.004125696141272783,0.0,0.0,0.0,0.0,0.0005157120176590979,0.02764216437935829,0.0,0.0,0.0,0.004813312087208033,0.013064704835414886,0.010004812851548195,0.0,0.0,0.024616654962301254,0.0,0.0,0.008354534395039082,0.0023722753394395113,0.00041256961412727833,0.001959705725312233,0.0,0.0023035136982798576,0.0,0.001994086429476738,0.0,6.876160477986559e-05,0.0021659904159605503,0.0,0.0,0.001719040097668767,0.0,0.0,0.11648215353488922,0.0,3.4380802389932796e-05,3.4380802389932796e-05,0.0,0.0,0.0,0.0,0.0,0.0,0.0001719040155876428,0.0017534209182485938,0.00041256961412727833,0.0005157120176590979,0.0,0.0,0.0008939008694142103,0.0017534209182485938,0.0,0.0,0.0,0.001959705725312233,0.002234752057120204,0.0,0.0,0.0,0.0,0.0,0.0,0.0,0.0009282816317863762,0.0,0.0,0.0,0.00044695043470710516,0.0,0.0,0.0,0.0,0.0,0.0,0.0,0.0007219968247227371,0.0,0.0,0.0015471361111849546,0.00010314240353181958,0.0030942722223699093,0.0,0.0,0.0,3.4380802389932796e-05,0.0,0.0,0.0,0.00048133122618310153,0.0,0.0,0.0,0.0,0.0,0.0,0.0,0.0,0.0,0.0,0.0,0.0003438080311752856,0.0,0.0,0.0,0.0,0.0,0.0,0.0,0.0001719040155876428,0.0,0.00020628480706363916,0.0,0.0001719040155876428,0.00020628480706363916,0.0003438080311752856,0.0,0.0,0.0,0.0,0.0001719040155876428,0.0,0.0007907584658823907,0.0,0.0,0.0001719040155876428,0.0008939008694142103,0.0,0.0,0.0,0.0,0.0,0.0,6.876160477986559e-05,0.0,0.0,0.0,0.0,0.0,0.0,0.00030942721059545875,0.0,0.0,0.0,0.0,0.0,0.0,3.4380802389932796e-05,0.00037818882265128195,0.0,0.0,6.876160477986559e-05,0.00030942721059545875,0.00013752320955973119,0.00020628480706363916,0.0,0.0,0.0,0.001237708842381835,0.0,0.0,0.0,0.0,0.0,0.0,0.0019253249047324061,0.0,0.0,0.015299457125365734,0.0,0.0,0.0,0.0,3.4380802389932796e-05,0.002234752057120204,0.004607027396559715,0.0020628480706363916,0.0,0.0,0.008629580959677696,0.0,0.0,0.0,0.0,0.01863439381122589,0.0,0.0,0.0,0.0,0.0,0.0,0.0,0.0,0.0,0.0,0.0,0.0,0.0,0.0,0.0,0.025957506150007248,0.0,0.0021316097117960453,0.0,0.0,0.0,0.0,0.0,0.0,0.0,3.4380802389932796e-05,0.0,0.0,0.0,0.0,0.0,0.00044695043470710516,0.0,0.0,0.0,0.0,0.0,0.0,0.0,0.0,0.0,0.0,0.0,0.0,0.0007907584658823907,0.0,0.0015471361111849546,0.0,0.0,0.0,0.0,0.0017534209182485938,0.0,0.0,0.0,0.0,0.0,0.0,0.0,0.0,0.0,0.00013752320955973119,0.0,0.0,0.0,3.4380802389932796e-05,0.0,0.0,0.0,0.0,0.0,0.0,0.0,0.0,0.0,0.0,0.0,0.0,0.0,0.0
1780049552927439898,23260,1,0.041272569447755814,0.0010318142594769597,0.20911435782909393,0.019948409870266914,0.01857265643775463,0.008426482789218426,0.0,0.0,0.00894239079207182,0.01306964736431837,0.030954428017139435,0.0,0.0,0.0,0.0,0.005846947431564331,0.0,0.008254514075815678,0.005159071180969477,0.0003439380961935967,0.00894239079207182,0.0020636285189539194,0.004127257037907839,0.0,0.0020636285189539194,0.00447119539603591,0.0,0.0,0.02889079973101616,0.006190885789692402,0.0,0.005159071180969477,0.00722269993275404,0.0003439380961935967,0.0013757523847743869,0.0015477214474231005,0.0,0.0,0.0,0.0,0.0,0.0013757523847743869,0.0013757523847743869,0.0,0.0,0.0,0.0,0.016509028151631355,0.0,0.0,0.0020636285189539194,0.0,0.008254514075815678,0.18779020011425018,0.0,0.0,0.0,0.03576956316828728,0.0,0.0,0.0,0.0,0.004127257037907839,0.0,0.0,0.0,0.0,0.0005159071297384799,0.02721410058438778,0.0,0.0,0.0,0.004514187574386597,0.012940670363605022,0.009931212291121483,0.0,0.0,0.02446259744465351,0.0,0.0,0.008340498432517052,0.002321582054719329,0.0003439380961935967,0.00180567498318851,0.0,0.0023645744659006596,0.0,0.0019776439294219017,0.0,0.00021496131375897676,0.0018486672779545188,0.0,0.0,0.0014617368578910828,0.0,0.0,0.11599311977624893,4.299226202419959e-05,8.598452404839918e-05,4.299226202419959e-05,0.0,0.0,0.0,0.0,0.0,0.0,0.00017196904809679836,0.0019776439294219017,0.0003869303618557751,0.0004299226275179535,0.0,0.0,0.000859845255035907,0.00180567498318851,0.0,0.0,0.0,0.0020636285189539194,0.002278589876368642,0.0,0.0,0.0,0.0,0.0,0.0,0.0,0.000859845255035907,0.0,0.0,0.0,0.0005159071297384799,0.0,0.0,0.0,0.0,0.0,0.0,0.0,0.0006878761923871934,0.0,0.0,0.0014617368578910828,0.00017196904809679836,0.003095442894846201,0.0,0.0,0.0,0.0,0.0,0.0,0.0,0.0007308684289455414,0.0,0.0,0.0,0.0,0.0,0.0,0.0,0.0,0.0,0.0,0.0,0.0003439380961935967,0.0,0.0,0.0,0.0,0.0,0.0,0.0,0.00017196904809679836,0.0,0.00017196904809679836,0.0,8.598452404839918e-05,8.598452404839918e-05,0.0003439380961935967,0.0,0.0,0.0,0.0,0.0003009458305314183,0.0,0.0007308684289455414,0.0,0.0,0.00017196904809679836,0.0006448838976211846,0.0,0.0,0.0,0.0,0.0,0.0,8.598452404839918e-05,0.0,0.0,0.0,0.0,0.0,0.0,0.0003009458305314183,0.0,0.0,0.0,0.0,0.0,0.0,0.00012897678243461996,0.0004299226275179535,0.0,0.0,8.598452404839918e-05,0.0003869303618557751,0.00021496131375897676,0.0002579535648692399,0.0,0.0,0.0,0.0011177988490089774,0.0,0.0,0.0,0.0,4.299226202419959e-05,0.0,0.00180567498318851,0.0,0.0,0.015348237007856369,0.0,0.0,0.0,0.0,8.598452404839918e-05,0.002235597698017955,0.004213241394609213,0.0016766982153058052,0.0,0.0,0.0084694754332304,0.0,0.0,0.0,0.0,0.018443679437041283,0.0,0.0,0.0,0.0,0.0,0.0,0.0,0.0,0.0,0.0,0.0,0.0,0.0,0.0,0.0,0.025623388588428497,0.0,0.002192605286836624,0.0,0.0,0.0,0.0,0.0,0.0,0.0,0.0,0.0,0.0,0.0,0.0,0.0,0.0005159071297384799,0.0,0.0,0.0,0.0,0.0,0.0,0.0,0.0,0.0,0.0,0.0,0.0,0.000859845255035907,0.0,0.0015047291526570916,0.0,0.0,0.0,0.0,0.0019776439294219017,0.0,0.0,0.0,0.0,0.0,0.0,0.0,0.0,0.0,8.598452404839918e-05,0.0,0.0,0.0,0.0,0.0,0.0,0.0,0.0,0.0,0.0,0.0,0.0,0.0,0.0,0.0,0.0,0.0,0.0
