window_start_ns,total_events,label,sc_mmap,sc_clock_gettime,sc_close,sc_read,sc_mprotect,sc_switch,sc_open,sc_fstat,sc_access,sc_brk,sc_rt_sigaction,sc_futex,sc_times,sc_stat,sc_lstat,sc_munmap,sc_dup,sc_arch_prctl,sc_execve,sc_gettimeofday,sc_write,sc_procexit,sc_geteuid,sc_getppid,sc_exit_group,sc_getpid,sc_epoll_ctl,sc_epoll_wait,sc_rt_sigprocmask,sc_clone,sc_setsid,sc_ioctl,sc_wait4,sc_uname,sc_statfs,sc_signaldeliver,sc_chdir,sc_sigreturn,sc_recvfrom,sc_getpeername,sc_getsockname,sc_socket,sc_connect,sc_setsockopt,sc_sendto,sc_sched_yield,sc_select,sc_pread,sc_io_getevents,sc_getcwd,sc_lseek,sc_gettid,sc_set_robust_list,sc_fcntl,sc_pwrite,sc_getdents,sc_container,sc_openat,sc_sigaltstack,sc_getrlimit,sc_fsync,sc_unlink,sc_set_tid_address,sc_sched_getaffinity,sc_setrlimit,sc_madvise,sc_exit,bg_clock_gettime_clock_gettime,bg_mmap_mmap,bg_fstat_mmap,bg_times_times,bg_access_open,bg_mmap_close,bg_mprotect_mprotect,bg_read_read,bg_open_fstat,bg_clock_gettime_futex,bg_rt_sigaction_rt_sigaction,bg_lstat_lstat,bg_futex_switch,bg_brk_brk,bg_mmap_mprotect,bg_close_access,bg_mmap_arch_prctl,bg_mprotect_munmap,bg_mprotect_mmap,bg_read_fstat,bg_mmap_access,bg_open_read,bg_access_mmap,bg_close_mmap,bg_brk_access,bg_arch_prctl_mprotect,bg_execve_brk,bg_switch_clock_gettime,bg_futex_clock_gettime,bg_close_close,bg_rt_sigaction_geteuid,bg_getpid_rt_sigaction,bg_close_munmap,bg_stat_stat,bg_getppid_stat,bg_dup_dup,bg_brk_getppid,bg_geteuid_brk,bg_munmap_getpid,bg_gettimeofday_gettimeofday,bg_exit_group_procexit,bg_switch_read,bg_read_switch,bg_rt_sigaction_read,bg_close_open,bg_mmap_read,bg_read_close,bg_ioctl_rt_sigaction,bg_uname_statfs,bg_fstat_close,bg_close_exit_group,bg_close_rt_sigprocmask,bg_statfs_stat,bg_rt_sigprocmask_execve,bg_dup_setsid,bg_stat_uname,bg_read_clone,bg_signaldeliver_sigreturn,bg_lstat_stat,bg_munmap_close,bg_stat_ioctl,bg_stat_rt_sigaction,bg_dup_close,bg_rt_sigaction_execve,bg_mmap_write,bg_stat_fstat,bg_brk_open,bg_munmap_lstat,bg_sigreturn_write,bg_procexit_signaldeliver,bg_chdir_dup,bg_close_execve,bg_munmap_brk,bg_setsid_close,bg_wait4_switch,bg_write_switch,bg_write_read,bg_switch_open,bg_switch_futex,bg_open_dup,bg_clone_wait4,bg_read_chdir,bg_switch_exit_group,bg_epoll_wait_switch,bg_switch_close,bg_clock_gettime_socket,bg_getsockname_getpeername,bg_epoll_ctl_close,bg_setsockopt_connect,bg_connect_epoll_ctl,bg_socket_setsockopt,bg_futex_futex,bg_getpeername_clock_gettime,bg_procexit_clock_gettime,bg_epoll_ctl_getsockname,bg_recvfrom_switch,bg_clock_gettime_write,bg_read_futex,bg_gettimeofday_sendto,bg_gettimeofday_recvfrom,bg_clock_gettime_gettimeofday,bg_epoll_wait_epoll_wait,bg_switch_recvfrom,bg_switch_epoll_wait,bg_clock_gettime_read,bg_recvfrom_clock_gettime,bg_switch_switch,bg_clock_gettime_epoll_ctl,bg_switch_procexit,bg_exit_group_switch,bg_close_clock_gettime,bg_futex_read,bg_clock_gettime_epoll_wait,bg_read_clock_gettime,bg_clock_gettime_sched_yield,bg_switch_brk,bg_sched_yield_clock_gettime,bg_write_close,bg_sendto_gettimeofday,bg_select_switch,bg_write_clock_gettime,bg_execve_switch,bg_close_futex,bg_switch_gettimeofday,bg_clock_gettime_stat,bg_read_epoll_ctl,bg_sendto_switch,bg_read_exit_group,bg_procexit_read,bg_switch_select,bg_epoll_ctl_switch,bg_switch_chdir,bg_clock_gettime_switch,bg_stat_clock_gettime,bg_switch_getsockname,bg_switch_mprotect,bg_switch_dup,bg_procexit_select,bg_futex_epoll_wait,bg_procexit_futex,bg_epoll_wait_clock_gettime,bg_stat_futex,bg_munmap_switch,bg_close_switch,bg_getpeername_epoll_ctl,bg_open_switch,bg_arch_prctl_switch,bg_switch_mmap,bg_procexit_switch,bg_mmap_switch,tg_times_times_times,tg_clock_gettime_clock_gettime_clock_gettime,tg_open_fstat_mmap,tg_read_read_read,tg_close_access_open,tg_mmap_close_access,tg_fstat_mmap_close,tg_fstat_mmap_mprotect,tg_mmap_mprotect_mmap,tg_read_fstat_mmap,tg_mmap_mmap_arch_prctl,tg_access_open_read,tg_mprotect_mprotect_munmap,tg_mmap_mmap_mmap,tg_lstat_lstat_lstat,tg_open_read_fstat,tg_mmap_access_open,tg_access_open_fstat,tg_access_mmap_access,tg_mprotect_mmap_mmap,tg_mmap_mmap_close,tg_close_mmap_mmap,tg_mmap_close_mmap,tg_brk_access_mmap,tg_mprotect_mprotect_mprotect,tg_mmap_arch_prctl_mprotect,tg_arch_prctl_mprotect_mprotect,tg_execve_brk_access,tg_clock_gettime_futex_switch,tg_rt_sigaction_rt_sigaction_rt_sigaction,tg_getpid_rt_sigaction_geteuid,tg_brk_brk_getppid,tg_getppid_stat_stat,tg_brk_getppid_stat,tg_rt_sigaction_geteuid_brk,tg_geteuid_brk_brk,tg_munmap_getpid_rt_sigaction,tg_mprotect_munmap_getpid,tg_clock_gettime_clock_gettime_futex,tg_futex_clock_gettime_clock_gettime,tg_futex_switch_clock_gettime,tg_switch_clock_gettime_futex,tg_clock_gettime_futex_clock_gettime,tg_gettimeofday_gettimeofday_gettimeofday,tg_rt_sigaction_rt_sigaction_read,tg_close_close_close,tg_ioctl_rt_sigaction_rt_sigaction,tg_close_close_rt_sigprocmask,tg_uname_statfs_stat,tg_fstat_mmap_read,tg_read_close_munmap,tg_close_rt_sigprocmask_execve,tg_rt_sigaction_read_clone,tg_fstat_close_open,tg_stat_uname_statfs,tg_close_munmap_close,tg_dup_dup_setsid,tg_stat_ioctl_rt_sigaction,tg_munmap_close_exit_group,tg_stat_rt_sigaction_rt_sigaction,tg_lstat_lstat_stat,tg_rt_sigaction_rt_sigaction_execve,tg_stat_stat_ioctl,tg_lstat_stat_uname,tg_dup_dup_dup,tg_open_fstat_close,tg_stat_stat_rt_sigaction,tg_fstat_mmap_write,tg_stat_fstat_mmap,tg_statfs_stat_fstat,tg_brk_brk_open,tg_close_munmap_lstat,tg_munmap_lstat_lstat,tg_brk_open_fstat,tg_mmap_read_read,tg_signaldeliver_sigreturn_write,tg_read_read_close,tg_procexit_signaldeliver_sigreturn,tg_close_open_fstat,tg_chdir_dup_dup,tg_dup_close_execve,tg_close_exit_group_procexit,tg_munmap_brk_brk,tg_mprotect_munmap_brk,tg_setsid_close_close,tg_exit_group_procexit_signaldeliver,tg_dup_setsid_close,tg_rt_sigprocmask_execve_brk,tg_open_dup_close,tg_switch_open_dup,tg_close_execve_brk,tg_switch_read_read,tg_read_clone_wait4,tg_wait4_switch_open,tg_rt_sigaction_execve_brk,tg_clone_wait4_switch,tg_read_chdir_dup,tg_read_read_chdir,tg_write_read_switch,tg_read_switch_exit_group,proc_sh,proc_df,proc_user,proc_erl_child_setup,proc_mysqld,proc_mongod,proc_container:011fdbdbf777,proc_container:95cf5d7c594f,proc_container:f8cd5974589d,proc_container:7aeb4e77cfbf
1780146445278467651,29634,0,0.03846932575106621,0.001754741184413433,0.21306607127189636,0.01768239215016365,0.01714247092604637,0.011000877246260643,0.0,0.0,0.007963825017213821,0.012013227678835392,0.04285617917776108,0.00013498008775059134,0.0,0.0,0.0,0.005331713706254959,0.0,0.007558885030448437,0.004758048336952925,0.0002699601755011827,0.007626375183463097,0.0018897212576121092,0.0037794425152242184,0.00013498008775059134,0.0018897212576121092,0.003914422821253538,0.0,0.0,0.024566376581788063,0.005297968629747629,0.0,0.004386852961033583,0.006411554291844368,0.0002699601755011827,0.001349800848402083,0.0013835459249094129,0.0,0.0,0.00013498008775059134,0.0,0.00013498008775059134,0.0010798407020047307,0.0010798407020047307,0.0,0.0002699601755011827,0.0,0.0,0.015117770060896873,0.0,0.00013498008775059134,0.001687251147814095,0.0,0.007221434731036425,0.1963285356760025,0.0,0.0,0.0,0.034892354160547256,0.0,0.0,0.0,0.0,0.0037794425152242184,0.0,0.0,0.0,0.0,0.0008773705922067165,0.02662482298910618,0.0,0.0,0.0,0.004589322954416275,0.012586893513798714,0.008874940685927868,0.0,0.0,0.03738948330283165,0.0,0.0,0.007828845642507076,0.0023284065537154675,0.0003711952595040202,0.0018897212576121092,3.3745021937647834e-05,0.0022946614772081375,0.0,0.001855976297520101,0.0,0.0,0.001855976297520101,3.3745021937647834e-05,0.0,0.001586016034707427,0.0,0.0,0.11905243992805481,6.749004387529567e-05,0.00016872510605026037,0.0,0.0,0.0,0.0,6.749004387529567e-05,0.0,0.0,0.00013498008775059134,0.001586016034707427,0.0004724303144030273,0.0006074103876017034,0.0,0.0,0.0007086455007083714,0.001552271074615419,0.0,0.0,0.0,0.0017209961079061031,0.0019909562543034554,0.0,0.00016872510605026037,0.0,0.0,0.0,0.0,0.0,0.0007086455007083714,0.0,0.0,0.0,0.0004724303144030273,0.0,0.0,0.0,0.0,0.0,0.0,0.0,0.0005061753327026963,0.0,0.0,0.001586016034707427,0.00010123506945092231,0.0025983667001128197,0.0,0.0,0.0,0.0,0.0,3.3745021937647834e-05,0.0,0.0009111156105063856,0.0,0.0,0.0,0.0,0.0,0.0,6.749004387529567e-05,0.0,0.0,0.0,6.749004387529567e-05,0.0002699601755011827,0.0,0.0,0.0,0.0,0.0,6.749004387529567e-05,0.0,0.00013498008775059134,0.0,0.00023621515720151365,0.0,0.00023621515720151365,0.00023621515720151365,0.00033745021210052073,0.0,0.0,0.0,0.0,0.0003037051938008517,0.0,0.0007086455007083714,0.0,0.0,0.00013498008775059134,0.0008436255739070475,6.749004387529567e-05,3.3745021937647834e-05,0.0,0.0,0.0,3.3745021937647834e-05,6.749004387529567e-05,0.0,0.0,0.0,0.0,0.0,0.0,0.0004724303144030273,0.0,0.0,0.0,0.0,0.0,0.0,0.00010123506945092231,0.0005736653693020344,0.0,0.0,0.00010123506945092231,0.0002699601755011827,0.00016872510605026037,0.00016872510605026037,0.0,0.0,0.0,0.0011135857785120606,0.0,0.0,0.0,0.0,6.749004387529567e-05,0.0,0.0018222312210127711,0.0,3.3745021937647834e-05,0.015185260213911533,0.0,0.0,0.0,0.0,0.0,0.0022609164007008076,0.0044880881905555725,0.0017884861445054412,0.0,0.0,0.00836876593530178,0.0,0.0,0.0,0.0,0.03205777332186699,0.0,6.749004387529567e-05,0.0,0.0,0.0,0.0,0.0,0.0,0.0,0.0,0.0,0.0,0.0,0.0,0.0,0.025207532569766045,0.0,0.0019909562543034554,0.0,0.0,0.0,0.0,0.0,0.0,0.0,0.0,0.0,0.0,0.0,0.0,0.0,0.0004724303144030273,0.0,0.0,0.0,0.0,0.0,0.0,0.0,0.0,0.0,0.0,0.0,0.0,0.0006411554059013724,0.0,0.0014172910014167428,0.0,0.0,0.0,0.0,0.001451035961508751,0.0,0.0,0.0,0.0,0.0,0.0,0.0,0.0,0.0,0.00010123506945092231,0.0,0.0,0.0,0.0,0.0,0.0,0.0,0.0,0.008807450532913208,0.0,0.0,0.0,0.0,0.0,0.0,0.0,0.0,0.0
1780146450278467651,33314,0,0.03938284143805504,0.0017410097643733025,0.21048207581043243,0.01813051477074623,0.01753016747534275,0.009125292301177979,0.0,0.0,0.00816473551094532,0.012127033434808254,0.042504653334617615,0.00012006964243482798,0.0,0.0,0.0,0.005463168490678072,0.0,0.007684457115828991,0.004742750898003578,0.00030017411336302757,0.007924595847725868,0.0019211142789572477,0.0038422285579144955,0.00012006964243482798,0.0019211142789572477,0.004022332839667797,0.0,0.0,0.0262952521443367,0.005583238322287798,0.0,0.004742750898003578,0.006663864944130182,0.00030017411336302757,0.0014408356510102749,0.0014708531089127064,0.0,0.0,0.00012006964243482798,0.0,0.00012006964243482798,0.0012006964534521103,0.0012006964534521103,0.0,0.00024013928486965597,0.0,0.0,0.015368914231657982,0.0,0.00012006964243482798,0.0018010445637628436,0.0,0.007444317918270826,0.19271177053451538,0.0,0.0,0.0,0.03518040478229523,0.0,0.0,0.0,0.0,0.0038422285579144955,0.0,0.0,0.0,0.0,0.0008705048821866512,0.02656540833413601,0.0,0.0,0.0,0.004442576784640551,0.012607311829924583,0.008945188485085964,0.0,0.0,0.0364411361515522,0.0,0.0,0.007834544405341148,0.0023413579910993576,0.00042024374124594033,0.0019511316204443574,3.0017410608706996e-05,0.002371375449001789,0.0,0.0018910968210548162,0.0,6.003482121741399e-05,0.0019211142789572477,6.003482121741399e-05,6.003482121741399e-05,0.0015909227076917887,0.0,0.0,0.11724800616502762,9.005222818814218e-05,9.005222818814218e-05,0.0,0.0,0.0,0.0,6.003482121741399e-05,6.003482121741399e-05,0.0,0.00015008705668151379,0.001831062021665275,0.0005102959694340825,0.0006603830261155963,3.0017410608706996e-05,0.0,0.0008104700827971101,0.001560905366204679,0.0,0.0,0.0,0.0018610794795677066,0.0020111664198338985,0.0,0.00012006964243482798,0.0,0.0,0.0,0.0,0.0,0.0007804526831023395,0.0,0.0,0.0,0.0004502611409407109,0.0,0.0,0.0,0.0,0.0,0.0,0.0,0.0005403133691288531,3.0017410608706996e-05,0.0,0.0018610794795677066,0.00012006964243482798,0.002701567020267248,0.0,0.0,0.0,0.0,0.0,0.0,0.0,0.0009005222818814218,0.0,0.0,0.0,0.0,0.0,0.0,6.003482121741399e-05,0.0,0.0,0.0,6.003482121741399e-05,0.00027015668456442654,0.0,0.0,0.0,0.0,0.0,6.003482121741399e-05,0.0,0.00015008705668151379,0.0,0.00027015668456442654,0.0,6.003482121741399e-05,9.005222818814218e-05,0.0003602089127525687,0.0,0.0,0.0,0.0,0.00024013928486965597,0.0,0.0006904004258103669,0.0,0.0,0.00015008705668151379,0.0008705048821866512,6.003482121741399e-05,0.0,0.0,0.0,0.0,0.0,6.003482121741399e-05,0.0,0.0,0.0,3.0017410608706996e-05,0.0,0.0,0.00024013928486965597,0.0,0.0,0.0,0.0,0.0,0.0,9.005222818814218e-05,0.0005403133691288531,0.0,0.0,3.0017410608706996e-05,0.00024013928486965597,0.00015008705668151379,0.00018010445637628436,0.0,0.0,0.0,0.0009305397397838533,0.0,6.003482121741399e-05,0.0,0.0,0.00012006964243482798,0.0,0.001831062021665275,0.0,0.0,0.014858618378639221,0.0,0.0,0.0,0.0,0.0,0.002191270934417844,0.0042324550449848175,0.0018010445637628436,3.0017410608706996e-05,0.0,0.008434892632067204,3.0017410608706996e-05,0.0,0.0,0.0,0.030977968126535416,0.0,6.003482121741399e-05,0.0,0.0,0.0,0.0,0.0,0.0,0.0,0.0,0.0,0.0,0.0,0.0,3.0017410608706996e-05,0.024944467470049858,0.0,0.0018910968210548162,0.0,0.0,0.0,0.0,0.0,0.0,0.0,0.0,0.0,0.0,0.0,0.0,0.0,0.00042024374124594033,0.0,0.0,0.0,0.0,0.0,0.0,0.0,0.0,0.0,0.0,0.0,0.0,0.0006904004258103669,0.0,0.0013207660522311926,0.0,0.0,0.0,0.0,0.001831062021665275,3.0017410608706996e-05,0.0,0.0,0.0,0.0,0.0,0.0,0.0,0.0,0.00015008705668151379,0.0,0.0,3.0017410608706996e-05,0.0,0.0,0.0,3.0017410608706996e-05,0.0,0.00780452648177743,0.0,0.0,0.0,0.0,0.0,0.0,0.0,0.0,0.0
1780146455278467651,32722,0,0.03838396072387695,0.0015891449293121696,0.21349550783634186,0.018091803416609764,0.017174988985061646,0.00935150682926178,0.0,0.0,0.008129087276756763,0.011979707516729832,0.03538903594017029,6.112096161814407e-05,0.0,0.0,0.0,0.005378644447773695,0.0,0.007578998804092407,0.004706313833594322,0.0003056048008147627,0.008006845600903034,0.0018947497010231018,0.0037894994020462036,6.112096161814407e-05,0.0018947497010231018,0.004033983219414949,0.0,0.0,0.026220891624689102,0.0055925678461790085,0.0,0.004706313833594322,0.006601063534617424,0.0003056048008147627,0.0013446611119434237,0.0014363424852490425,0.0,0.0,6.112096161814407e-05,0.0,6.112096161814407e-05,0.0012224192032590508,0.0012224192032590508,0.0,0.00012224192323628813,0.0,0.0,0.015157997608184814,0.0,6.112096161814407e-05,0.0018336287466809154,0.0,0.007456757128238678,0.1961982697248459,0.0,0.0,0.0,0.0350223109126091,0.0,0.0,0.0,0.0,0.0037894994020462036,0.0,0.0,0.0,0.0,0.0007945724646560848,0.02634313330054283,0.0,0.0,0.0,0.004522950854152441,0.012376993894577026,0.009076462127268314,0.0,0.0,0.029490862041711807,0.0,0.0,0.007731801364570856,0.002200354589149356,0.00036672575515694916,0.0018336287466809154,0.0,0.002200354589149356,0.0,0.0018641892820596695,0.0,0.0,0.002047552028670907,0.0,0.0,0.001497463439591229,3.056048080907203e-05,0.0,0.11875802278518677,3.056048080907203e-05,3.056048080907203e-05,0.0,0.0,0.0,0.0,3.056048080907203e-05,0.0,3.056048080907203e-05,0.00012224192323628813,0.0017113868379965425,0.0004889676929451525,0.0004889676929451525,3.056048080907203e-05,0.0,0.0007640119874849916,0.0015891449293121696,0.0,0.0,0.0,0.001803068327717483,0.002078112680464983,0.0,6.112096161814407e-05,0.0,0.0,0.0,0.0,0.0,0.0007640119874849916,0.0,0.0,0.0,0.0003972862323280424,0.0,0.0,0.0,0.0,0.0,0.0,0.0,0.0006112096016295254,0.0,0.0,0.001650265883654356,0.00024448384647257626,0.00271988264285028,0.0,0.0,0.0,0.0,0.0,6.112096161814407e-05,0.0,0.0009168143733404577,0.0,0.0,0.0,0.0,0.0,0.0,3.056048080907203e-05,0.0,0.0,0.0,6.112096161814407e-05,0.0003056048008147627,0.0,0.0,0.0,0.0,0.0,3.056048080907203e-05,0.0,0.00015280240040738136,0.0,0.00018336287757847458,0.0,0.00018336287757847458,0.00018336287757847458,0.00033616527798585594,0.0,0.0,0.0,0.0,0.00033616527798585594,0.0,0.0006112096016295254,0.0,0.0,0.00012224192323628813,0.0009168143733404577,3.056048080907203e-05,0.0,0.0,0.0,0.0,0.0,6.112096161814407e-05,0.0,0.0,0.0,0.0,0.0,0.0,0.00036672575515694916,0.0,0.0,0.0,0.0,0.0,0.0,0.00015280240040738136,0.0006417700788006186,0.0,0.0,0.0,3.056048080907203e-05,0.0002750443236436695,0.00015280240040738136,0.0,0.0,0.0,0.0010696167591959238,0.0,0.0,0.0,0.0,0.0,0.0,0.0018336287466809154,0.0,0.0,0.015005195513367653,0.0,0.0,0.0,0.0,0.0,0.00216979393735528,0.0043090274557471275,0.0018336287466809154,0.0,0.0,0.008251328952610493,0.0,0.0,0.0,0.0,0.023837173357605934,0.0,3.056048080907203e-05,0.0,0.0,0.0,0.0,0.0,0.0,0.0,0.0,0.0,0.0,0.0,0.0,3.056048080907203e-05,0.02567080222070217,0.0,0.0018336287466809154,0.0,0.0,0.0,0.0,0.0,0.0,0.0,0.0,0.0,0.0,0.0,0.0,0.0,0.0003972862323280424,0.0,0.0,0.0,0.0,0.0,0.0,0.0,0.0,0.0,0.0,0.0,0.0,0.0007028910331428051,0.0,0.0014057820662856102,0.0,0.0,0.0,0.0,0.0016197053482756019,0.0,0.0,0.0,0.0,0.0,0.0,0.0,0.0,0.0,0.00012224192323628813,0.0,0.0,0.0,0.0,0.0,0.0,0.0,3.056048080907203e-05,0.004003422800451517,0.0,0.0,0.0,0.0,0.0,0.0,0.0,0.0,0.0
1780146460278467651,33289,0,0.039412420243024826,0.0017423172248527408,0.21064014732837677,0.01814413256943226,0.017543332651257515,0.008381146937608719,0.0,0.0,0.008170867338776588,0.012136140838265419,0.042536575347185135,0.00012015981337754056,0.0,0.0,0.0,0.0054672714322805405,0.0,0.007690228056162596,0.004746312741190195,0.000300399522529915,0.007930547930300236,0.001922557014040649,0.003845114028081298,0.00012015981337754056,0.001922557014040649,0.004025353584438562,0.0,0.0,0.026314998045563698,0.005587431136518717,0.0,0.004746312741190195,0.0066688694059848785,0.000300399522529915,0.0014419177314266562,0.0014719576574862003,0.0,0.0,0.00012015981337754056,0.0,0.00012015981337754056,0.00120159809011966,0.00120159809011966,0.0,0.00024031962675508112,0.0,0.0,0.015380456112325191,0.0,0.00012015981337754056,0.0018023971933871508,0.0,0.007449908182024956,0.19285650551319122,0.0,0.0,0.0,0.03520682454109192,0.0,0.0,0.0,0.0,0.003845114028081298,0.0,0.0,0.0,0.0,0.0008711586124263704,0.027005918323993683,0.0,0.0,0.0,0.004596112761646509,0.012977260164916515,0.009102106094360352,0.0,0.0,0.03691910207271576,0.0,0.0,0.007930547930300236,0.0023431163281202316,0.00036047943285666406,0.0018324371194466949,0.0,0.0023130762856453657,0.0,0.001922557014040649,0.0,6.007990668877028e-05,0.001952596940100193,0.0,0.0,0.0015620775520801544,3.003995334438514e-05,0.0,0.11787677556276321,6.007990668877028e-05,9.011985821416602e-05,3.003995334438514e-05,0.0,0.0,0.0,6.007990668877028e-05,0.0,0.0,0.0001501997612649575,0.0016822373727336526,0.0005106792086735368,0.000630839029327035,0.0,0.0,0.0007509988499805331,0.0015921174781396985,0.0,0.0,0.0,0.001862477045506239,0.002042716834694147,0.0,0.00012015981337754056,0.0,0.0,0.0,0.0,0.0,0.0007509988499805331,0.0,0.0,0.0,0.00042055934318341315,0.0,0.0,0.0,0.0,0.0,0.0,0.0,0.0005707591190002859,0.0,0.0,0.0017423172248527408,0.0001501997612649575,0.0027035956736654043,0.0,0.0,0.0,0.0,0.0,0.0,0.0,0.000660878955386579,0.0,0.0,0.0,0.0,0.0,0.0,6.007990668877028e-05,0.0,0.0,0.0,3.003995334438514e-05,0.000300399522529915,0.0,0.0,0.0,0.0,0.0,3.003995334438514e-05,0.0,0.0001501997612649575,0.0,0.0001501997612649575,0.0,0.00021027967159170657,0.00021027967159170657,0.00036047943285666406,0.0,0.0,0.0,0.0,0.000300399522529915,0.0,0.000660878955386579,0.0,0.0,0.0001501997612649575,0.000660878955386579,6.007990668877028e-05,0.0,0.0,0.0,0.0,0.0,9.011985821416602e-05,0.0,0.0,0.0,0.0,0.0,0.0,0.00021027967159170657,0.0,0.0,0.0,0.0,0.0,0.0,6.007990668877028e-05,0.00060079904505983,0.0,0.0,9.011985821416602e-05,0.00018023971642833203,0.00024031962675508112,0.0001501997612649575,0.0,0.0,0.0,0.0011415182380005717,0.0,0.0,0.0,0.0,6.007990668877028e-05,0.0,0.0018324371194466949,0.0,0.0,0.015320376493036747,0.0,0.0,0.0,0.0,0.0,0.0021929165814071894,0.004415872972458601,0.001862477045506239,6.007990668877028e-05,0.0,0.00868154689669609,0.0,0.0,0.0,0.0,0.03136171028017998,0.0,6.007990668877028e-05,0.0,0.0,0.0,0.0,0.0,0.0,0.0,0.0,0.0,0.0,0.0,0.0,0.0,0.025473879650235176,0.0,0.002012676792219281,0.0,0.0,0.0,0.0,0.0,0.0,0.0,0.0,0.0,0.0,0.0,0.0,0.0,0.00042055934318341315,0.0,0.0,0.0,0.0,0.0,0.0,0.0,0.0,0.0,0.0,0.0,0.0,0.000690918939653784,0.0,0.0014118778053671122,0.0,0.0,0.0,0.0,0.0016221575206145644,0.0,0.0,0.0,0.0,0.0,0.0,0.0,0.0,0.0,9.011985821416602e-05,0.0,0.0,0.0,0.0,0.0,0.0,0.0,0.0,0.007750308141112328,0.0,0.0,0.0,0.0,0.0,0.0,0.0,0.0,0.0
1780146465278467651,26897,0,0.03985574468970299,0.0019333011005073786,0.20894522964954376,0.018143286928534508,0.01769714057445526,0.009108822792768478,0.0,0.0,0.00817935075610876,0.012194668874144554,0.04595308005809784,0.00014871546591166407,0.0,0.0,0.0,0.005502472165971994,0.0,0.007733204402029514,0.00475889490917325,0.00029743093182332814,0.007881919853389263,0.0019333011005073786,0.003866602201014757,0.00014871546591166407,0.0019333011005073786,0.004015317652374506,0.0,0.0,0.026322638615965843,0.005576830357313156,0.0,0.00475889490917325,0.006692196242511272,0.00029743093182332814,0.001487154746428132,0.001487154746428132,0.0,0.0,0.00014871546591166407,0.0,0.00014871546591166407,0.0011897237272933125,0.0011897237272933125,0.0,0.00029743093182332814,0.0,0.0,0.015466408804059029,0.0,0.00014871546591166407,0.0017845856491476297,0.0,0.007435773499310017,0.1909506618976593,0.0,0.0,0.0,0.03524556756019592,0.0,0.0,0.0,0.0,0.003866602201014757,0.0,0.0,0.0,0.0,0.0009666505502536893,0.027066215872764587,0.0,0.0,0.0,0.004907610360532999,0.01278953067958355,0.009071643464267254,0.0,0.0,0.040041640400886536,0.0,0.0,0.007807562127709389,0.0023050897289067507,0.000371788686607033,0.0018589433748275042,0.0,0.002342268591746688,0.0,0.0018589433748275042,0.0,0.0,0.0019333011005073786,3.717886647791602e-05,3.717886647791602e-05,0.0015986913349479437,0.0,0.0,0.11636985838413239,7.435773295583203e-05,7.435773295583203e-05,0.0,0.0,0.0,0.0,7.435773295583203e-05,0.0,0.0,0.00014871546591166407,0.0017102279234677553,0.0004089675494469702,0.0005948618636466563,0.0,0.0,0.000743577373214066,0.001487154746428132,3.717886647791602e-05,0.0,0.0,0.0017845856491476297,0.0019333011005073786,0.0,0.0001858943433035165,0.0,0.0,0.0,0.0,0.0,0.000743577373214066,0.0,0.0,0.0,0.0004089675494469702,0.0,0.0,0.0,0.0,0.0,0.0,0.0,0.0006320407264865935,0.0,0.0,0.001673049060627818,0.00022307320614345372,0.0026768783573061228,0.0,0.0,0.0,0.0,0.0,7.435773295583203e-05,0.0,0.0005948618636466563,0.0,0.0,0.0,0.0,0.0,0.0,7.435773295583203e-05,0.0,0.0,0.0,0.0,0.00029743093182332814,0.0,0.0,0.0,0.0,0.0,0.0,0.0,0.00014871546591166407,0.0,0.00011153660307172686,0.0,0.00022307320614345372,0.00022307320614345372,0.000371788686607033,0.0,0.0,0.0,0.0,0.00022307320614345372,0.0,0.0005948618636466563,0.0,0.0,0.00014871546591166407,0.0008179350988939404,7.435773295583203e-05,0.0,0.0,0.0,3.717886647791602e-05,0.0,0.00011153660307172686,0.0,0.0,0.0,0.0,0.0,0.0,0.0004089675494469702,0.0,0.0,0.0,0.0,0.0,0.0,0.00011153660307172686,0.0005205041379667819,0.0,0.0,3.717886647791602e-05,0.00026025206898339093,0.00026025206898339093,0.0001858943433035165,0.0,0.0,0.0,0.0010410082759335637,0.0,0.0,0.0,0.0,0.0,0.0,0.0018589433748275042,0.0,0.0,0.015503588132560253,0.0,0.0,0.0,0.0,0.0,0.002156374277547002,0.004535821732133627,0.0017845856491476297,0.0,0.0,0.008476781658828259,0.0,0.0,0.0,0.0,0.03450198844075203,0.0,7.435773295583203e-05,0.0,0.0,0.0,0.0,0.0,0.0,0.0,0.0,0.0,0.0,0.0,0.0,0.0,0.024984199553728104,3.717886647791602e-05,0.0019333011005073786,0.0,0.0,0.0,0.0,0.0,0.0,0.0,0.0,0.0,0.0,0.0,0.0,0.0,0.0004089675494469702,0.0,0.0,0.0,0.0,0.0,0.0,0.0,0.0,0.0,0.0,0.0,0.0,0.0007063985103741288,0.0,0.0013756180414929986,0.0,0.0,0.0,0.0,0.0015615124721080065,0.0,0.0,0.0,0.0,0.0,0.0,0.0,0.0,0.0,7.435773295583203e-05,0.0,0.0,0.0,0.0,0.0,0.0,0.0,0.0,0.0096293268725276,0.0,0.0,0.0,0.0,0.0,0.0,0.0,0.0,0.0
1780146470278467651,32680,0,0.038433291018009186,0.0015911873197183013,0.21376988291740417,0.018115054816007614,0.01719706319272518,0.008078335784375668,0.0,0.0,0.0081395348533988,0.011995104141533375,0.03543451800942421,6.119951285654679e-05,0.0,0.0,0.0,0.005385556723922491,0.0,0.0075887395069003105,0.004712362308055162,0.00030599755700677633,0.00801713578402996,0.0018971848767250776,0.0037943697534501553,6.119951285654679e-05,0.0018971848767250776,0.004039167892187834,0.0,0.0,0.02625459060072899,0.0055997553281486034,0.0,0.004712362308055162,0.006609546951949596,0.00030599755700677633,0.0013463891809806228,0.0014381884830072522,0.0,0.0,6.119951285654679e-05,0.0,6.119951285654679e-05,0.0012239902280271053,0.0012239902280271053,0.0,0.00012239902571309358,0.0,0.0,0.015177479013800621,0.0,6.119951285654679e-05,0.001835985342040658,0.0,0.007466340437531471,0.19645042717456818,0.0,0.0,0.0,0.03506731986999512,0.0,0.0,0.0,0.0,0.0037943697534501553,0.0,0.0,0.0,0.0,0.0007955936598591506,0.02625459060072899,0.0,0.0,0.0,0.004375765100121498,0.012239902280271053,0.008996328338980675,0.0,0.0,0.029773561283946037,0.0,0.0,0.007741738110780716,0.002356181154027581,0.0004283965681679547,0.0017747858073562384,0.0,0.002386780921369791,0.0,0.0018053855746984482,0.0,0.0,0.0018053855746984482,0.0,0.0,0.0015605875523760915,0.0,0.0,0.11933904886245728,3.0599756428273395e-05,6.119951285654679e-05,6.119951285654679e-05,0.0,0.0,0.0,3.0599756428273395e-05,0.0,0.0,0.00015299877850338817,0.0018053855746984482,0.0005201958119869232,0.0005813953466713428,0.0,0.0,0.0007649938925169408,0.0015299877850338817,0.0,0.0,0.0,0.0018665851093828678,0.0021113830152899027,0.0,6.119951285654679e-05,0.0,0.0,0.0,0.0,0.0,0.0008261933689936996,0.0,0.0,0.0,0.0004283965681679547,0.0,0.0,0.0,0.0,0.0,0.0,0.0,0.0006425948813557625,0.0,0.0,0.0015605875523760915,0.00015299877850338817,0.002753977896645665,0.0,0.0,0.0,0.0,0.0,0.0,0.0,0.0008567931363359094,0.0,0.0,0.0,0.0,0.0,0.0,3.0599756428273395e-05,0.0,0.0,0.0,0.0,0.00030599755700677633,0.0,0.0,0.0,0.0,0.0,0.0,0.0,0.00015299877850338817,0.0,0.00012239902571309358,0.0,9.179926564684138e-05,9.179926564684138e-05,0.0003365972952451557,0.0,0.0,0.0,0.0,0.00021419828408397734,0.0,0.0006425948813557625,0.0,0.0,0.00015299877850338817,0.0006425948813557625,3.0599756428273395e-05,0.0,0.0,0.0,0.0,0.0,0.00012239902571309358,0.0,0.0,0.0,0.0,0.0,0.0,0.00030599755700677633,0.0,0.0,0.0,0.0,0.0,0.0,6.119951285654679e-05,0.0004895961028523743,0.0,0.0,3.0599756428273395e-05,0.00012239902571309358,0.0002753977896645665,0.00021419828408397734,0.0,0.0,0.0,0.0010709913913160563,0.0,0.0,0.0,0.0,0.00012239902571309358,0.0,0.0017441860400140285,0.0,0.0,0.014810281805694103,0.0,0.0,0.0,0.0,0.0,0.002233782084658742,0.004222766030579805,0.0017441860400140285,0.0,0.0,0.008078335784375668,0.0,0.0,0.0,0.0,0.024326805025339127,0.0,3.0599756428273395e-05,0.0,0.0,0.0,0.0,0.0,0.0,0.0,0.0,0.0,0.0,0.0,0.0,0.0,0.025917991995811462,0.0,0.002080783247947693,0.0,0.0,0.0,0.0,0.0,0.0,0.0,3.0599756428273395e-05,0.0,0.0,0.0,0.0,0.0,0.0004283965681679547,0.0,0.0,0.0,0.0,0.0,0.0,0.0,0.0,0.0,0.0,0.0,0.0,0.0007037943578325212,0.0,0.0013769889483228326,0.0,0.0,0.0,0.0,0.0017747858073562384,0.0,0.0,0.0,0.0,0.0,0.0,0.0,0.0,0.0,9.179926564684138e-05,0.0,0.0,0.0,0.0,0.0,0.0,0.0,0.0,0.003947368357330561,0.0,0.0,0.0,0.0,0.0,0.0,0.0,0.0,0.0
1780146475278467651,33245,0,0.03946458175778389,0.0017446232959628105,0.21091893315315247,0.018168145790696144,0.01756655052304268,0.007068732287734747,0.0,0.0,0.008181681856513023,0.012152203358709812,0.04259287193417549,0.00012031884398311377,0.0,0.0,0.0,0.005474507343024015,0.0,0.007700406014919281,0.0047525945119559765,0.0003007971099577844,0.007941043935716152,0.0019251015037298203,0.0038502030074596405,0.00012031884398311377,0.0019251015037298203,0.00403068121522665,0.0,0.0,0.026349827647209167,0.005594826303422451,0.0,0.0047525945119559765,0.006677696015685797,0.0003007971099577844,0.0014438261277973652,0.001473905867896974,0.0,0.0,0.00012031884398311377,0.0,0.00012031884398311377,0.0012031884398311377,0.0012031884398311377,0.0,0.00024063768796622753,0.0,0.0,0.015400812029838562,0.0,0.00012031884398311377,0.0018047826597467065,0.0,0.007459768559783697,0.19311174750328064,0.0,0.0,0.0,0.03525342047214508,0.0,0.0,0.0,0.0,0.0038502030074596405,0.0,0.0,0.0,0.0,0.0008723116479814053,0.02686118148267269,0.0,0.0,0.0,0.00460219569504261,0.012994435615837574,0.00917431153357029,0.0,0.0,0.03684764727950096,0.0,0.0,0.007941043935716152,0.0023462173994630575,0.0003609565319493413,0.0018348623998463154,3.007971099577844e-05,0.0023462173994630575,0.0,0.0018950217636302114,0.0,6.015942199155688e-05,0.0018950217636302114,0.0,0.0,0.0016243044519796968,3.007971099577844e-05,0.0,0.11797262728214264,6.015942199155688e-05,9.023913298733532e-05,3.007971099577844e-05,0.0,0.0,0.0,6.015942199155688e-05,0.0,0.0,0.00012031884398311377,0.0016543840756639838,0.0004211159539408982,0.000511355116032064,0.0,0.0,0.0007519928039982915,0.001564144971780479,0.0,0.0,0.0,0.0017446232959628105,0.002015340607613325,0.0,0.00012031884398311377,0.0,0.0,0.0,0.0,0.0,0.0007820724858902395,0.0,0.0,0.0,0.0004511956649366766,0.0,0.0,0.0,0.0,0.0,0.0,0.0,0.0006015942199155688,0.0,0.0,0.0015942247118800879,0.0002105579769704491,0.0027071740478277206,0.0,0.0,0.0,3.007971099577844e-05,0.0,6.015942199155688e-05,0.0,0.0006015942199155688,0.0,0.0,0.0,0.0,0.0,0.0,6.015942199155688e-05,0.0,0.0,0.0,6.015942199155688e-05,0.0003007971099577844,0.0,0.0,0.0,0.0,0.0,9.023913298733532e-05,0.0,0.0001503985549788922,0.0,0.0001503985549788922,0.0,0.00018047826597467065,0.00018047826597467065,0.0003609565319493413,0.0,0.0,0.0,0.0,0.0002105579769704491,0.0,0.0006015942199155688,0.0,0.0,0.0001503985549788922,0.00048127537593245506,6.015942199155688e-05,3.007971099577844e-05,0.0,0.0,3.007971099577844e-05,0.0,9.023913298733532e-05,0.0,0.0,0.0,0.0,0.0,0.0,0.00018047826597467065,0.0,0.0,0.0,0.0,0.0,0.0,0.0,0.00033087682095356286,0.0,0.0,0.0,0.00018047826597467065,0.0002105579769704491,0.00024063768796622753,0.0,0.0,0.0,0.0011129493359476328,0.0,0.0,0.0,0.0,6.015942199155688e-05,0.0,0.0018047826597467065,0.0,0.0,0.015250413678586483,0.0,0.0,0.0,0.0,3.007971099577844e-05,0.002195818815380335,0.004481877200305462,0.0018047826597467065,6.015942199155688e-05,0.0,0.00878327526152134,0.0,0.0,0.0,0.0,0.03134305775165558,0.0,6.015942199155688e-05,0.0,0.0,0.0,0.0,0.0,0.0,0.0,0.0,0.0,0.0,0.0,0.0,0.0,0.025357196107506752,0.0,0.001985260983929038,0.0,0.0,0.0,0.0,0.0,0.0,0.0,0.0,0.0,0.0,0.0,0.0,0.0,0.0004511956649366766,0.0,0.0,0.0,0.0,0.0,0.0,0.0,0.0,0.0,0.0,0.0,0.0,0.0007219130638986826,0.0,0.0014137463876977563,0.0,0.0,0.0,0.0,0.001564144971780479,0.0,0.0,0.0,0.0,0.0,0.0,0.0,0.0,0.0,9.023913298733532e-05,0.0,0.0,0.0,3.007971099577844e-05,0.0,0.0,0.0,0.0,0.007790645118802786,0.0,0.0,0.0,0.0,0.0,0.0,0.0,0.0,0.0
1780146480278467651,32566,0,0.03856782987713814,0.001658171066083014,0.21286003291606903,0.018178468570113182,0.017257262021303177,0.008720751851797104,0.0,0.0,0.008168027736246586,0.012037093751132488,0.035558559000492096,6.14137461525388e-05,0.0,0.0,0.0,0.005404409486800432,0.0,0.007615304086357355,0.004728858359158039,0.0003070687234867364,0.008352269418537617,0.0019038260215893388,0.0038076520431786776,6.14137461525388e-05,0.0018731191521510482,0.004053307231515646,0.0,0.0,0.026346497237682343,0.00561935780569911,0.0,0.004728858359158039,0.006632684264332056,0.0003070687234867364,0.001351102371700108,0.0014739298494532704,0.0,0.0,6.14137461525388e-05,0.0,6.14137461525388e-05,0.0012282748939469457,0.0012282748939469457,0.0,0.0001228274923050776,0.0,0.0,0.01523060817271471,0.0,6.14137461525388e-05,0.0018424122827127576,0.0,0.007492476608604193,0.195664182305336,0.0,0.0,0.0,0.035067249089479446,0.0,0.0,0.0,0.0,0.0038076520431786776,0.0,0.0,0.0,0.0,0.000829085533041507,0.02447337657213211,0.0,0.0,0.0,0.004728858359158039,0.011975680477917194,0.008782165125012398,0.0,0.0,0.028925873339176178,0.0,0.0,0.007400356233119965,0.002241601701825857,0.0004298962012398988,0.0017502916743978858,3.07068730762694e-05,0.002180187962949276,0.0,0.001811705413274467,0.0,0.0001842412311816588,0.0023030154407024384,6.14137461525388e-05,3.07068730762694e-05,0.0014125161105766892,3.07068730762694e-05,0.0,0.11631762981414795,0.0,3.07068730762694e-05,3.07068730762694e-05,0.0,0.0,0.0,3.07068730762694e-05,0.0,0.0,9.21206155908294e-05,0.0017195848049595952,0.0004606030706781894,0.0004913099692203104,0.0,0.0,0.0007983786636032164,0.0015353435883298516,0.0,0.0,0.0,0.0017809985438361764,0.0020573604851961136,0.0,6.14137461525388e-05,0.0,0.0,0.0,0.0,0.0,0.000829085533041507,0.0,0.0,0.0,0.0004913099692203104,0.0,0.0,0.0,0.0,0.0,0.0,0.0,0.0005527237080968916,6.14137461525388e-05,0.0,0.0015660504577681422,0.0001228274923050776,0.0027636184822767973,0.0,0.0,0.0,3.07068730762694e-05,0.0,3.07068730762694e-05,0.0,0.0008597924024797976,0.0,0.0,0.0,0.0,0.0,0.0,3.07068730762694e-05,0.0,0.0,0.0,3.07068730762694e-05,0.0003070687234867364,0.0,0.0,0.0,0.0,0.0,3.07068730762694e-05,0.0,0.0001535343617433682,0.0,0.0002149481006199494,0.0,6.14137461525388e-05,9.21206155908294e-05,0.000337775592925027,0.0,0.0,0.0,0.0,0.0002456549846101552,0.0,0.0006448443164117634,0.0,0.0,0.0001535343617433682,0.0005527237080968916,3.07068730762694e-05,0.0,0.0,0.0,0.0,0.0,6.14137461525388e-05,0.0,0.0,0.0,0.0,0.0,0.0,0.0002149481006199494,0.0,0.0,0.0,0.0,0.0,0.0,9.21206155908294e-05,0.0006448443164117634,0.0,0.0,0.0001228274923050776,0.0002149481006199494,0.0002763618540484458,0.0001535343617433682,0.0,0.0,0.0,0.000982619938440621,0.0,0.0,0.0,0.0,6.14137461525388e-05,0.0,0.0016888779355213046,0.0,0.0,0.013203955255448818,0.0,0.0,0.0,0.0,3.07068730762694e-05,0.0020573604851961136,0.004084013868123293,0.001811705413274467,0.0001535343617433682,0.0,0.007891666144132614,0.0,3.07068730762694e-05,0.0,0.0,0.023398635908961296,0.0,0.0,0.0,0.0,0.0,0.0,0.0,0.0,0.0,0.0,0.0,0.0,0.0,0.0,0.0,0.02499539405107498,0.0,0.0019038260215893388,0.0,0.0,0.0,0.0,0.0,0.0,0.0,3.07068730762694e-05,0.0,0.0,0.0,0.0,0.0,0.0004913099692203104,0.0,0.0,0.0,0.0,0.0,0.0,0.0,0.0,0.0,0.0,0.0,0.0,0.0007369649247266352,0.0,0.0013818092411383986,0.0,0.0,0.0,0.0,0.0016888779355213046,3.07068730762694e-05,0.0,0.0,0.0,0.0,3.07068730762694e-05,0.0,0.0,0.0,0.0001535343617433682,0.0,0.0,0.0,3.07068730762694e-05,0.0,0.0,0.0,0.0,0.003991893492639065,0.0,0.0,0.0,0.0,0.0,0.0,0.0,0.0,0.0
1780146485278467651,33288,0,0.03941360116004944,0.0016822878969833255,0.21064648032188416,0.018144676461815834,0.017543859779834747,0.00847152154892683,0.0,0.0,0.008171112276613712,0.012136505916714668,0.04253785312175751,0.0001201634222525172,0.0,0.0,0.0,0.00546743581071496,0.0,0.0076904590241611,0.004746455233544111,0.00030040854471735656,0.007930785417556763,0.001922614756040275,0.00384522951208055,0.0001201634222525172,0.001922614756040275,0.004025474656373262,0.0,0.0,0.02631578966975212,0.005587599240243435,0.0,0.004746455233544111,0.006669070105999708,0.00030040854471735656,0.0014419610379263759,0.0014720018953084946,0.0,0.0,0.0001201634222525172,0.0,0.0001201634222525172,0.0012016341788694263,0.0012016341788694263,0.0,0.0002403268445050344,0.0,0.0,0.0153809180483222,0.0,0.0001201634222525172,0.0018024513265118003,0.0,0.007450132165104151,0.19286228716373444,0.0,0.0,0.0,0.03520788252353668,0.0,0.0,0.0,0.0,0.00384522951208055,0.0,0.0,0.0,0.0,0.000811103091109544,0.025835135951638222,0.0,0.0,0.0,0.004776495974510908,0.011715933680534363,0.009102378971874714,0.0,0.0,0.036018986254930496,0.0,0.0,0.007510214112699032,0.0022230232134461403,0.000510694517288357,0.0018024513265118003,3.00408555631293e-05,0.002132900757715106,0.0,0.001832492183893919,0.0,3.00408555631293e-05,0.0020728190429508686,0.0,0.0,0.0014419610379263759,0.0,0.0,0.11637827754020691,9.012256487039849e-05,0.0001201634222525172,3.00408555631293e-05,0.0,0.0,0.0,6.00817111262586e-05,0.0,0.0,0.0001201634222525172,0.0017123287543654442,0.00045061283162795007,0.00033044940209947526,3.00408555631293e-05,0.0,0.0007810622337274253,0.0015621244674548507,0.0,0.0,0.0,0.001832492183893919,0.0019826963543891907,0.0,0.0001201634222525172,0.0,0.0,6.00817111262586e-05,0.0,0.0,0.0007510213763453066,0.0,0.0,0.0,0.00039053111686371267,0.0,0.0,0.0,0.0,0.0,0.0,0.0,0.0006008170894347131,3.00408555631293e-05,0.0,0.001622206182219088,0.00015020427235867828,0.0027036769315600395,0.0,0.0,0.0,6.00817111262586e-05,0.0,3.00408555631293e-05,0.0,0.0007209805189631879,0.0,0.0,0.0,0.0,0.0,0.0,6.00817111262586e-05,0.0,0.0,0.0,6.00817111262586e-05,0.00030040854471735656,0.0,0.0,0.0,0.0,0.0,6.00817111262586e-05,0.0,0.00015020427235867828,0.0,0.00015020427235867828,0.0,0.0001201634222525172,0.0001201634222525172,0.00036049025948159397,0.0,0.0,0.0,0.0,0.00030040854471735656,0.0,0.0006909396615810692,0.0,0.0,0.00015020427235867828,0.0007510213763453066,6.00817111262586e-05,0.0,0.0,0.0,3.00408555631293e-05,0.0,3.00408555631293e-05,0.0,0.0,0.0,0.0,0.0,0.0,0.00036049025948159397,0.0,0.0,0.0,0.0,0.0,0.0,0.00015020427235867828,0.0005707762320525944,0.0,0.0,0.0,0.0002403268445050344,0.0002403268445050344,0.00021028598712291569,0.0,0.0,0.0,0.0010814707493409514,0.0,0.0,0.0,0.0,0.0,0.0,0.0018024513265118003,0.0,0.0,0.0144496513530612,0.0,0.0,0.0,0.0,0.0,0.002042778069153428,0.004145638085901737,0.0016822878969833255,9.012256487039849e-05,0.0,0.007750540506094694,0.0,0.0,0.0,0.0,0.03040134534239769,0.0,6.00817111262586e-05,0.0,0.0,0.0,0.0,0.0,0.0,0.0,0.0,0.0,0.0,0.0,0.0,3.00408555631293e-05,0.025504685938358307,0.0,0.0017123287543654442,0.0,0.0,0.0,0.0,0.0,0.0,0.0,0.0,0.0,0.0,0.0,0.0,0.0,0.00039053111686371267,0.0,0.0,0.0,0.0,0.0,0.0,0.0,0.0,0.0,0.0,0.0,0.0,0.0007209805189631879,0.0,0.0014119201805442572,0.0,0.0,0.0,0.0,0.001622206182219088,3.00408555631293e-05,0.0,0.0,0.0,0.0,0.0,0.0,0.0,0.0,0.0001201634222525172,0.0,0.0,0.0,3.00408555631293e-05,0.0,0.0,0.0,0.0,0.007780581712722778,0.0,0.0,0.0,0.0,0.0,0.0,0.0,0.0,0.0
1780146490278467651,33308,0,0.03938993811607361,0.0017413233872503042,0.21051999926567078,0.018133781850337982,0.017533324658870697,0.008946799673140049,0.0,0.0,0.008166206069290638,0.012129218317568302,0.042512308806180954,0.00012009126658085734,0.0,0.0,0.0,0.0054641528986394405,0.0,0.0076858410611748695,0.004743604920804501,0.00030022815917618573,0.007926023565232754,0.0019214602652937174,0.0038429205305874348,0.00012009126658085734,0.0019214602652937174,0.004023057408630848,0.0,0.0,0.026299988850951195,0.005584244150668383,0.0,0.004743604920804501,0.006665065418928862,0.00030022815917618573,0.001441095257177949,0.0014711180701851845,0.0,0.0,0.00012009126658085734,0.0,0.00012009126658085734,0.001200912636704743,0.001200912636704743,0.0,0.00024018253316171467,0.0,0.0,0.015371682122349739,0.0,0.00012009126658085734,0.0018013690132647753,0.0,0.007445658557116985,0.19274649024009705,0.0,0.0,0.0,0.03518674150109291,0.0,0.0,0.0,0.0,0.0038429205305874348,0.0,0.0,0.0,0.0,0.0008706616936251521,0.025819623842835426,0.0,0.0,0.0,0.004713582340627909,0.01242944598197937,0.008616548962891102,0.0,0.0,0.0365077443420887,0.0,0.0,0.007715864107012749,0.0022216883953660727,0.0003302510012872517,0.0018914374522864819,6.004563329042867e-05,0.0023718024604022503,0.0,0.0018013690132647753,0.0,3.0022816645214334e-05,0.0021616427693516016,0.0,6.004563329042867e-05,0.0014711180701851845,0.0,0.0,0.11684880405664444,6.004563329042867e-05,6.004563329042867e-05,3.0022816645214334e-05,0.0,0.0,0.0,6.004563329042867e-05,6.004563329042867e-05,0.0,0.00015011407958809286,0.0015912093222141266,0.0004203194403089583,0.0005103878793306649,6.004563329042867e-05,0.0,0.0008106160676106811,0.0015912093222141266,0.0,0.0,0.0,0.0017413233872503042,0.0019815058913081884,0.0,9.006845357362181e-05,0.0,0.0,0.0,0.0,0.0,0.00075057044159621,0.0,0.0,0.0,0.0004203194403089583,6.004563329042867e-05,0.0,0.0,0.0,0.0,0.0,0.0,0.0006004563183523715,0.0,0.0,0.0016212321352213621,0.00012009126658085734,0.002611985197290778,0.0,0.0,0.0,6.004563329042867e-05,0.0,0.0,0.0,0.000690524815581739,0.0,0.0,0.0,0.0,0.0,0.0,3.0022816645214334e-05,0.0,0.0,0.0,3.0022816645214334e-05,0.00030022815917618573,0.0,0.0,0.0,0.0,0.0,3.0022816645214334e-05,0.0,0.00015011407958809286,0.0,6.004563329042867e-05,0.0,0.00015011407958809286,0.00015011407958809286,0.00039029662730172276,0.0,0.0,0.0,0.0,0.0002702053461689502,0.0,0.000690524815581739,0.0,0.0,0.00015011407958809286,0.000690524815581739,3.0022816645214334e-05,0.0,0.0,0.0,0.0,3.0022816645214334e-05,9.006845357362181e-05,0.0,0.0,0.0,0.0,0.0,0.0,0.00039029662730172276,0.0,0.0,0.0,0.0,0.0,0.0,0.00012009126658085734,0.00036027381429448724,0.0,0.0,3.0022816645214334e-05,0.00018013690714724362,0.0002702053461689502,0.00030022815917618573,0.0,0.0,0.0,0.0011108441976830363,0.0,0.0,0.0,0.0,9.006845357362181e-05,0.0,0.0018313918262720108,0.0,3.0022816645214334e-05,0.014440975151956081,0.0,0.0,0.0,0.0,0.0,0.0021015971433371305,0.00414314866065979,0.0018013690132647753,0.00018013690714724362,0.0,0.00828629732131958,0.0,0.0,0.0,0.0,0.03083343431353569,0.0,3.0022816645214334e-05,0.0,0.0,0.0,0.0,0.0,0.0,0.0,0.0,0.0,0.0,0.0,0.0,6.004563329042867e-05,0.025189144536852837,0.0,0.0018914374522864819,0.0,0.0,0.0,0.0,0.0,0.0,0.0,0.0,0.0,0.0,0.0,0.0,0.0,0.0004203194403089583,0.0,0.0,0.0,0.0,0.0,0.0,0.0,0.0,0.0,0.0,0.0,0.0,0.0007205476285889745,0.0,0.001381049631163478,0.0,0.0,0.0,0.0,0.00150114088319242,0.0,0.0,0.0,0.0,0.0,0.0,0.0,0.0,0.0,0.00012009126658085734,0.0,0.0,0.0,3.0022816645214334e-05,0.0,0.0,3.0022816645214334e-05,0.0,0.007805932313203812,0.0,0.0,0.0,0.0,0.0,0.0,0.0,0.0,0.0
1780146495278467651,26247,0,0.038709186017513275,0.0017525812145322561,0.21312911808490753,0.01813540607690811,0.01729721575975418,0.007200823165476322,0.0,0.0,0.008153312839567661,0.012039471417665482,0.03726140037178993,7.619918324053288e-05,0.0,0.0,0.0,0.005410142242908478,0.0,0.0076199183240532875,0.004724349360913038,0.0003047967329621315,0.008000914007425308,0.0019049795810133219,0.0038099591620266438,7.619918324053288e-05,0.0019049795810133219,0.004038556944578886,0.0,0.0,0.026288717985153198,0.005600640084594488,0.0,0.004724349360913038,0.006629329174757004,0.0003047967329621315,0.0013715852983295918,0.0014477844815701246,0.0,0.0,7.619918324053288e-05,0.0,7.619918324053288e-05,0.001219186931848526,0.001219186931848526,0.0,0.00015239836648106575,0.0,0.0,0.015239836648106575,0.0,7.619918324053288e-05,0.001828780397772789,0.0,0.007467519957572222,0.19567950069904327,0.0,0.0,0.0,0.03512782230973244,0.0,0.0,0.0,0.0,0.0038099591620266438,0.0,0.0,0.0,0.0,0.0008762906072661281,0.02537432871758938,0.0,0.0,0.0,0.0049529471434652805,0.012344268150627613,0.008991504088044167,0.0,0.0,0.031127367168664932,0.0,0.0,0.007581818848848343,0.0021335771307349205,0.0004952946910634637,0.0016763820312917233,0.0,0.0021716768387705088,0.0,0.001828780397772789,0.0,0.00011429877486079931,0.0021716768387705088,0.0,0.0,0.0015239836648106575,7.619918324053288e-05,0.0,0.1176515445113182,3.809959162026644e-05,7.619918324053288e-05,0.0,0.0,0.0,0.0,3.809959162026644e-05,0.0,0.0,0.00015239836648106575,0.0017525812145322561,0.0005333942826837301,0.0005333942826837301,0.0,0.0,0.0007619918324053288,0.001562083256430924,0.0,0.0,0.0,0.0018668799893930554,0.001828780397772789,0.0,0.00011429877486079931,0.0,0.0,0.0,0.0,0.0,0.0007619918324053288,0.0,0.0,0.0,0.00045719509944319725,0.0,0.0,0.0,0.0,0.0,0.0,0.0,0.0006476930575445294,0.0,0.0,0.0015239836648106575,0.00011429877486079931,0.0027431705966591835,0.0,0.0,0.0,0.0,0.0,0.0,0.0,0.0004952946910634637,0.0,0.0,0.0,0.0,0.0,0.0,3.809959162026644e-05,0.0,0.0,0.0,3.809959162026644e-05,0.0003047967329621315,0.0,0.0,0.0,0.0,0.0,3.809959162026644e-05,0.0,0.00015239836648106575,0.0,0.00011429877486079931,0.0,0.00011429877486079931,0.00011429877486079931,0.00034289632458239794,0.0,0.0,0.0,0.0,0.00022859754972159863,0.0,0.0006857926491647959,0.0,0.0,0.00015239836648106575,0.0005714938743039966,3.809959162026644e-05,0.0,0.0,0.0,0.0,0.0,7.619918324053288e-05,0.0,0.0,0.0,0.0,0.0,0.0,0.00015239836648106575,0.0,0.0,0.0,0.0,0.0,0.0,0.0,0.00045719509944319725,0.0,0.0,7.619918324053288e-05,0.0001904979581013322,0.00015239836648106575,0.0001904979581013322,0.0,0.0,0.0,0.0010667885653674603,0.0,3.809959162026644e-05,0.0,0.0,0.0,0.0,0.0016382824396714568,0.0,0.0,0.014211148023605347,0.0,0.0,0.0,0.0,7.619918324053288e-05,0.002095477655529976,0.004419552627950907,0.0017906808061525226,0.0,0.0,0.00830571074038744,0.0,0.0,0.0,0.0,0.025641025975346565,0.0,3.809959162026644e-05,0.0,0.0,0.0,0.0,0.0,0.0,0.0,0.0,0.0,0.0,0.0,0.0,0.0,0.02529812976717949,0.0,0.0017525812145322561,0.0,0.0,0.0,0.0,0.0,0.0,0.0,0.0,0.0,0.0,0.0,0.0,0.0,0.00045719509944319725,0.0,0.0,0.0,0.0,0.0,0.0,0.0,0.0,0.0,0.0,0.0,0.0,0.0006857926491647959,0.0,0.0014096848899498582,0.0,0.0,0.0,0.0,0.0017525812145322561,0.0,0.0,0.0,0.0,0.0,0.0,0.0,0.0,0.0,0.00011429877486079931,0.0,0.0,0.0,0.0,0.0,0.0,0.0,0.0,0.0049529471434652805,0.0,0.0,0.0,0.0,0.0,0.0,0.0,0.0,0.0
1780146500278467651,33218,0,0.039496660232543945,0.0017460413509979844,0.21109037101268768,0.018182912841439247,0.017580829560756683,0.006261665374040604,0.0,0.0,0.008188331499695778,0.012162080965936184,0.0426274910569191,0.000120416640129406,0.0,0.0,0.0,0.005478957202285528,0.0,0.007706664968281984,0.004756457172334194,0.00030104161123745143,0.007947498001158237,0.001926666242070496,0.003853332484140992,0.000120416640129406,0.001926666242070496,0.0040339576080441475,0.0,0.0,0.026371244341135025,0.005599373951554298,0.0,0.004756457172334194,0.006683123763650656,0.00030104161123745143,0.0014449997106567025,0.001475103897973895,0.0,0.0,0.000120416640129406,0.0,0.000120416640129406,0.0012041664449498057,0.0012041664449498057,0.0,0.000240833280258812,0.0,0.0,0.015413329936563969,0.0,0.000120416640129406,0.0018062496092170477,0.0,0.007465831935405731,0.19326871633529663,0.0,0.0,0.0,0.03528207540512085,0.0,0.0,0.0,0.0,0.003853332484140992,0.0,0.0,0.0,0.0,0.0008429164881817997,0.02652176469564438,0.0,0.0,0.0,0.0047263531014323235,0.011861039325594902,0.008880726993083954,0.0,0.0,0.03606478497385979,0.0,0.0,0.007676560897380114,0.0022879161406308413,0.00036124992766417563,0.0017460413509979844,0.0,0.0022578120697289705,0.0,0.0018664579838514328,0.0,6.0208320064703e-05,0.0019868745002895594,0.0,3.01041600323515e-05,0.0014449997106567025,6.0208320064703e-05,0.0,0.11713528633117676,6.0208320064703e-05,0.00018062496383208781,6.0208320064703e-05,0.0,0.0,0.0,6.0208320064703e-05,0.0,0.0,0.000120416640129406,0.0017159371636807919,0.00039135408587753773,0.0004214582440908998,0.0,0.0,0.0007526039844378829,0.0015052079688757658,6.0208320064703e-05,0.0,0.0,0.0018664579838514328,0.0020169788040220737,0.0,9.031248191604391e-05,0.0,0.0,0.0,0.0,0.0,0.0007827081717550755,0.0,0.0,0.0,0.000481666560517624,0.0,0.0,0.0,0.0,0.0,0.0,0.0,0.0005719790351577103,3.01041600323515e-05,0.0,0.0015353121561929584,0.00015052080561872572,0.002679270226508379,0.0,0.0,0.0,0.0,0.0,0.0,0.0,0.0004214582440908998,0.0,0.0,0.0,0.0,0.0,0.0,6.0208320064703e-05,0.0,0.0,0.0,3.01041600323515e-05,0.00030104161123745143,0.0,0.0,0.0,0.0,0.0,3.01041600323515e-05,0.0,0.00015052080561872572,0.0,9.031248191604391e-05,0.0,0.000120416640129406,0.000120416640129406,0.00033114576945081353,0.0,0.0,0.0,0.0,0.0002107291220454499,0.0,0.0006923956680111587,0.0,0.0,0.000120416640129406,0.0006622915389016271,6.0208320064703e-05,0.0,0.0,0.0,0.0,0.0,6.0208320064703e-05,0.0,0.0,0.0,0.0,0.0,0.0,0.000240833280258812,0.0,0.0,0.0,0.0,0.0,0.0,0.0,0.00018062496383208781,0.0,0.0,0.0,9.031248191604391e-05,0.00015052080561872572,0.000120416640129406,0.0,0.0,0.0,0.0010235414374619722,0.0,0.0,0.0,0.0,0.0,0.0,0.0016858329763635993,0.0,0.0,0.014931663870811462,0.0,0.0,0.0,0.0,0.0,0.0021674996241927147,0.0043651033192873,0.0016858329763635993,0.00015052080561872572,0.0,0.007586248219013214,0.0,3.01041600323515e-05,0.0,0.0,0.030254680663347244,0.0,6.0208320064703e-05,0.0,0.0,0.0,0.0,0.0,0.0,0.0,0.0,0.0,0.0,0.0,0.0,0.0,0.025438016280531883,6.0208320064703e-05,0.001926666242070496,0.0,0.0,0.0,0.0,0.0,0.0,0.0,3.01041600323515e-05,0.0,0.0,0.0,0.0,0.0,0.000481666560517624,0.0,0.0,0.0,0.0,0.0,0.0,0.0,0.0,0.0,0.0,0.0,0.0,0.0006923956680111587,0.0,0.0013546872651204467,0.0,0.0,0.0,0.0,0.0016858329763635993,0.0,0.0,0.0,0.0,0.0,0.0,0.0,0.0,0.0,9.031248191604391e-05,0.0,0.0,3.01041600323515e-05,0.0,0.0,0.0,0.0,0.0,0.007857185788452625,0.0,0.0,0.0,0.0,0.0,0.0,0.0,0.0,0.0
1780146505278467651,34230,1,0.037686239928007126,0.0014022786635905504,0.2070113867521286,0.021355535835027695,0.016768915578722954,0.009494595229625702,0.0,0.0,0.007770961150527,0.012094654142856598,0.04160093516111374,5.842827886226587e-05,0.0,0.0,0.0,0.005200116895139217,0.0001752848329488188,0.007361963391304016,0.004557405598461628,0.00029214139794930816,0.007829389534890652,0.001752848387695849,0.003797838231548667,0.00011685655772453174,0.001752848387695849,0.003914694767445326,0.0,0.0,0.025182588025927544,0.005346187390387058,0.0,0.006836108863353729,0.0062226117588579655,0.00029214139794930816,0.0011685655917972326,0.0013146363198757172,0.0,0.0,5.842827886226587e-05,0.0,5.842827886226587e-05,0.001226993859745562,0.001226993859745562,0.0,0.0,0.0,0.0,0.014723926782608032,0.0,5.842827886226587e-05,0.0061349691823124886,5.842827886226587e-05,0.007186678238213062,0.18761320412158966,0.0,0.0,0.0,0.036283962428569794,0.0,0.0,0.0,0.0,0.003680981695652008,0.0,0.0,0.0,0.0,0.0007011393317952752,0.025211801752448082,0.0,0.0,0.0,0.004440549295395613,0.011977797374129295,0.011481156572699547,0.0,0.0,0.03575810790061951,0.0,0.0,0.007595676463097334,0.002132632303982973,0.00043821209692396224,0.001840490847826004,0.0,0.002132632303982973,0.0,0.0018112766556441784,0.0,5.842827886226587e-05,0.0018989191157743335,0.0,5.842827886226587e-05,0.0015191353159025311,0.0,0.0,0.11481156945228577,5.842827886226587e-05,5.842827886226587e-05,5.842827886226587e-05,0.0,0.0,8.76424164744094e-05,5.842827886226587e-05,0.0,0.0,0.00014607069897465408,0.0016067776596173644,0.00043821209692396224,0.0005258545279502869,8.76424164744094e-05,0.0,0.0006719251978211105,0.002453987719491124,0.0,0.0,0.0,0.0016944201197475195,0.0018989191157743335,0.0,8.76424164744094e-05,0.0,0.0,0.0,0.0,0.0,0.000817995925899595,0.0,0.0,8.76424164744094e-05,0.0003797838289756328,0.0,0.0,0.0,0.0,0.0,0.0,0.0,0.000613496929872781,0.0,0.0,0.0015191353159025311,0.00020449898147489876,0.0026292726397514343,0.0,0.0,0.0,5.842827886226587e-05,0.0,0.0,0.0,0.000613496929872781,0.0,0.0,0.0,0.0,0.0,0.0,2.9214139431132935e-05,0.0,0.0,0.0,2.9214139431132935e-05,0.00029214139794930816,0.0,0.0,0.0,0.0,0.0,2.9214139431132935e-05,0.0,0.00014607069897465408,0.0,0.0009056383278220892,0.0,8.76424164744094e-05,8.76424164744094e-05,0.00029214139794930816,0.0,0.0,0.0,0.0,0.00020449898147489876,0.0,0.0006427110638469458,0.0,0.0,0.00014607069897465408,0.0004089979629497975,2.9214139431132935e-05,2.9214139431132935e-05,0.0,0.0,0.0,0.0,8.76424164744094e-05,0.0,0.0,0.0,0.0,0.0,0.0,0.0003505696658976376,0.0,0.0,0.0,0.0,0.0,0.0,0.00014607069897465408,0.0006719251978211105,0.0,0.0,5.842827886226587e-05,0.00029214139794930816,0.00023371311544906348,0.00029214139794930816,0.0,0.0,0.0,0.002775343367829919,0.0,0.0,0.0,0.0,0.0,0.0,0.0018112766556441784,0.0,0.0,0.01387671660631895,0.0,0.0,0.0,0.0,0.0,0.002044989727437496,0.004206836223602295,0.0018112766556441784,5.842827886226587e-05,0.0,0.007741746958345175,0.0,5.842827886226587e-05,0.0,0.0,0.030382705852389336,0.0,5.842827886226587e-05,0.0,0.0,0.0,0.0,0.0,0.0,0.0,0.0,0.0,0.0,0.0,0.0,2.9214139431132935e-05,0.024247735738754272,0.0,0.001752848387695849,0.0,0.0,2.9214139431132935e-05,2.9214139431132935e-05,0.0,0.0,0.0,5.842827886226587e-05,0.0,0.0,0.0,0.0,0.0,0.0003797838289756328,0.0,0.0,0.0,0.0,0.0,0.0,0.0,0.0,0.0,0.0,0.0,0.0,0.0006427110638469458,0.0,0.002249488839879632,0.0,0.0,0.0,0.0,0.0015775635838508606,0.0,0.0,0.0,0.0,0.0,0.0,0.0,0.0,0.0,0.00014607069897465408,0.0,0.0,0.0,0.0,0.0,0.0,0.0,0.0,0.007361963391304016,0.0,0.0,0.0,0.0,0.0,0.0,0.0,0.0,0.0
1780146510278467651,33089,1,0.03626582771539688,0.0009066457278095186,0.2203149050474167,0.017528483644127846,0.016319623216986656,0.005711867939680815,0.0,0.0,0.00785759650170803,0.011484178714454174,0.02719937078654766,0.0,0.0,0.0,0.0,0.005137659143656492,0.0,0.007253165822476149,0.00453322846442461,0.0003022152232006192,0.00785759650170803,0.0018132914556190372,0.0036265829112380743,0.0,0.0018132914556190372,0.003928798250854015,0.0,0.0,0.025386080145835876,0.00543987425044179,0.0,0.00453322846442461,0.006346520036458969,0.0003022152232006192,0.0012088608928024769,0.0013599685626104474,0.0,0.0,0.0,0.0,0.0,0.0012088608928024769,0.0012088608928024769,0.0,0.0,0.0,0.0,0.014506331644952297,0.0,0.0,0.0018132914556190372,0.0,0.007253165822476149,0.20490193367004395,0.0,0.0,0.0,0.03475475311279297,0.0,0.0,0.0,0.0,0.0036265829112380743,0.0,0.0,0.0,0.0,0.0004533228639047593,0.024026110768318176,0.0,0.0,0.0,0.004019462503492832,0.011453957296907902,0.008764241822063923,0.0,0.0,0.021487504243850708,0.0,0.0,0.007253165822476149,0.0021155066788196564,0.0004231013299431652,0.0017226268537342548,3.0221523047657683e-05,0.0020852850284427404,0.0,0.0018132914556190372,0.0,9.066457278095186e-05,0.0018737345235422254,0.0,0.0,0.0014204116305336356,0.0,0.0,0.12230650335550308,0.0,0.0,6.044304609531537e-05,0.0,0.0,0.0,0.0,3.0221523047657683e-05,0.0,0.0001511076116003096,0.0017226268537342548,0.00036265829112380743,0.0003324367571622133,3.0221523047657683e-05,0.0,0.0008159811259247363,0.001541297766380012,0.0,0.0,0.0,0.001783069921657443,0.0020852850284427404,0.0,0.0,0.0,0.0,0.0,0.0,0.0,0.0007857595919631422,0.0,0.0,0.0,0.0004533228639047593,0.0,0.0,0.0,0.0,0.0,0.0,0.0,0.0006346519803628325,0.0,0.0,0.0013901900965720415,0.0001511076116003096,0.002719937125220895,0.0,0.0,0.0,3.0221523047657683e-05,0.0,3.0221523047657683e-05,0.0,0.0005742089706473053,0.0,0.0,0.0,0.0,0.0,0.0,0.0,0.0,0.0,0.0,0.0,0.0003022152232006192,0.0,0.0,0.0,0.0,0.0,0.0,0.0,0.0001511076116003096,0.0,3.0221523047657683e-05,0.0,6.044304609531537e-05,6.044304609531537e-05,0.0003022152232006192,0.0,0.0,0.0,0.0,0.0002115506649715826,0.0,0.0006044304464012384,0.0,0.0,0.0001511076116003096,0.0003324367571622133,0.0,0.0,0.0,0.0,0.0,0.0,6.044304609531537e-05,0.0,0.0,0.0,0.0,0.0,0.0,0.0003324367571622133,0.0,0.0,0.0,0.0,0.0,0.0,0.0,0.0004231013299431652,0.0,0.0,3.0221523047657683e-05,9.066457278095186e-05,0.00012088609219063073,6.044304609531537e-05,0.0,0.0,0.0,0.0010577533394098282,0.0,3.0221523047657683e-05,0.0,0.0,9.066457278095186e-05,0.0,0.0016621837858110666,0.0,3.0221523047657683e-05,0.013357913121581078,0.0,0.0,0.0,0.0,3.0221523047657683e-05,0.0019039559410884976,0.0038683549501001835,0.0016924053197726607,9.066457278095186e-05,0.0,0.007464716210961342,0.0,0.0,0.0,0.0,0.01622895896434784,0.0,0.0,0.0,0.0,0.0,0.0,0.0,0.0,0.0,0.0,0.0,0.0,0.0,0.0,3.0221523047657683e-05,0.0262322835624218,0.0,0.0019039559410884976,0.0,0.0,0.0,0.0,0.0,0.0,0.0,0.0,0.0,0.0,0.0,0.0,0.0,0.0004533228639047593,0.0,0.0,0.0,0.0,0.0,0.0,0.0,0.0,0.0,0.0,0.0,0.0,0.000755538116209209,0.0,0.0013599685626104474,0.0,0.0,0.0,0.0,0.0016924053197726607,0.0,0.0,0.0,0.0,0.0,0.0,0.0,0.0,0.0,9.066457278095186e-05,0.0,0.0,0.0,0.0,0.0,0.0,0.0,0.0,0.0,0.0,0.0,0.0,0.0,0.0,0.0,0.0,0.0,0.0
1780146515278467651,33175,1,0.036171816289424896,0.0009042954188771546,0.2197437882423401,0.017483044415712357,0.016277316957712173,0.00828937441110611,0.0,0.0,0.007837226614356041,0.011454408057034016,0.027128862217068672,0.0,0.0,0.0,0.0,0.005124340765178204,0.0,0.007234363351017237,0.004521477036178112,0.00030143180629238486,0.007837226614356041,0.0018085908377543092,0.0036171816755086184,0.0,0.0018085908377543092,0.0039186133071780205,0.0,0.0,0.025320271030068398,0.005425772629678249,0.0,0.004521477036178112,0.006330067757517099,0.00030143180629238486,0.0012057272251695395,0.0013564431574195623,0.0,0.0,0.0,0.0,0.0,0.0012057272251695395,0.0012057272251695395,0.0,0.0,0.0,0.0,0.014468726702034473,0.0,0.0,0.0018085908377543092,0.0,0.007234363351017237,0.20437076687812805,0.0,0.0,0.0,0.03466465696692467,0.0,0.0,0.0,0.0,0.0036171816755086184,0.0,0.0,0.0,0.0,0.0004521477094385773,0.023873398080468178,0.0,0.0,0.0,0.004280331544578075,0.011122833006083965,0.00862094946205616,0.0,0.0,0.021431801840662956,0.0,0.0,0.0073247929103672504,0.002200452145189047,0.00036171815008856356,0.0016578749055042863,0.0,0.002110022585839033,0.0,0.0018688772106543183,0.0,0.00015071590314619243,0.0017483044648543,0.0,0.0,0.001537302159704268,0.0,0.0,0.12189902365207672,0.0,6.0286361986072734e-05,0.0,0.0,0.0,0.0,0.0,0.0,0.0,0.00015071590314619243,0.0015071589732542634,0.00039186133653856814,0.0004521477094385773,0.0,0.0,0.0007837226730771363,0.001537302159704268,0.0,0.0,0.0,0.0017483044648543,0.001989449840039015,0.0,0.0,0.0,0.0,0.0,0.0,0.0,0.0008138658595271409,0.0,0.0,0.0,0.0004521477094385773,0.0,0.0,0.0,0.0,0.0,0.0,0.0,0.0005727204261347651,0.0,0.0,0.0013262999709695578,0.00015071590314619243,0.0027128863148391247,0.0,0.0,0.0,3.0143180993036367e-05,0.0,0.0,0.0,0.0008440090459771454,0.0,0.0,0.0,0.0,0.0,0.0,0.0,0.0,0.0,0.0,0.0,0.00030143180629238486,0.0,0.0,0.0,0.0,0.0,0.0,0.0,0.00015071590314619243,0.0,0.00033157499274238944,0.0,0.00021100226149428636,0.00021100226149428636,0.00030143180629238486,0.0,0.0,0.0,0.0,0.00018085907504428178,0.0,0.0006330067990347743,0.0,0.0,0.00015071590314619243,0.0006932931137271225,0.0,0.0,0.0,0.0,0.0,0.0,6.0286361986072734e-05,0.0,0.0,0.0,0.0,0.0,0.0,0.00039186133653856814,0.0,0.0,0.0,0.0,0.0,0.0,9.042953752214089e-05,0.0006330067990347743,0.0,0.0,3.0143180993036367e-05,0.00024114544794429094,0.0002712886198423803,9.042953752214089e-05,0.0,0.0,0.0,0.0009645817917771637,0.0,0.0,0.0,0.0,9.042953752214089e-05,0.0,0.0016578749055042863,0.0,0.0,0.013172569684684277,0.0,0.0,0.0,0.0,6.0286361986072734e-05,0.001899020397104323,0.004009042866528034,0.0015674453461542726,0.0,0.0,0.007264506537467241,0.0,0.0,0.0,0.0,0.016156744211912155,0.0,0.0,0.0,0.0,0.0,0.0,0.0,0.0,0.0,0.0,0.0,0.0,0.0,0.0,0.0,0.025983421131968498,0.0,0.0018085908377543092,0.0,0.0,0.0,0.0,0.0,0.0,0.0,0.0,0.0,0.0,0.0,0.0,0.0,0.0004521477094385773,0.0,0.0,0.0,0.0,0.0,0.0,0.0,0.0,0.0,0.0,0.0,0.0,0.0007837226730771363,0.0,0.0013262999709695578,0.0,0.0,0.0,0.0,0.0015071589732542634,0.0,0.0,0.0,0.0,0.0,0.0,0.0,0.0,0.0,9.042953752214089e-05,0.0,0.0,0.0,0.0,0.0,0.0,0.0,0.0,0.0,0.0,0.0,0.0,0.0,0.0,0.0,0.0,0.0,0.0
1780146520278467651,26508,1,0.03621548041701317,0.0009053870453499258,0.22000905871391296,0.017504150047898293,0.01629696786403656,0.007092198356986046,0.0,0.0,0.00784668792039156,0.011468236334621906,0.02716161124408245,0.0,0.0,0.0,0.0,0.0051305266097188,0.0,0.007243096362799406,0.004526935052126646,0.0003017956914845854,0.00784668792039156,0.0018107740906998515,0.003621548181399703,0.0,0.0018107740906998515,0.00392334396019578,0.0,0.0,0.025350837036967278,0.005432322155684233,0.0,0.004526935052126646,0.006337709259241819,0.0003017956914845854,0.0012071827659383416,0.0013580805389210582,0.0,0.0,0.0,0.0,0.0,0.0012071827659383416,0.0012071827659383416,0.0,0.0,0.0,0.0,0.014486192725598812,0.0,0.0,0.0018107740906998515,0.0,0.007243096362799406,0.2046174705028534,0.0,0.0,0.0,0.03470650315284729,0.0,0.0,0.0,0.0,0.003621548181399703,0.0,0.0,0.0,0.0,0.0004526935226749629,0.024294553324580193,0.0,0.0,0.0,0.003998792730271816,0.011732307262718678,0.008752075023949146,0.0,0.0,0.021616116166114807,0.0,0.0,0.007469443138688803,0.0021880187559872866,0.00037724460707977414,0.0016976007027551532,0.0,0.0021502941381186247,0.0,0.0018484985921531916,0.0,0.0001508978457422927,0.001659876317717135,3.7724461435573176e-05,0.0,0.0015089784283190966,0.0,0.0,0.12275539338588715,0.0,0.0,7.544892287114635e-05,0.0,0.0,0.0,0.0,0.0,0.0,0.0001508978457422927,0.001622151816263795,0.00037724460707977414,0.0004904179950244725,0.0,0.0,0.0007544892141595483,0.0015089784283190966,0.0,0.0,0.0,0.0018107740906998515,0.001999396365135908,0.0,0.0,0.0,0.0,0.0,0.0,0.0,0.0007922136574052274,0.0,0.0,0.0,0.0004526935226749629,0.0,0.0,0.0,0.0,0.0,0.0,0.0,0.0005658668815158308,0.0,0.0,0.0012449071509763598,0.0001508978457422927,0.0027161610778421164,0.0,0.0,0.0,0.0,0.0,0.0,0.0,0.0006790402694605291,0.0,0.0,0.0,0.0,0.0,0.0,0.0,0.0,0.0,0.0,0.0,0.0003017956914845854,0.0,0.0,0.0,0.0,0.0,0.0,0.0,0.0001508978457422927,0.0,0.00011317338066874072,0.0,0.00011317338066874072,0.0001508978457422927,0.0003017956914845854,0.0,0.0,0.0,0.0,0.00022634676133748144,0.0,0.0006035913829691708,0.0,0.0,0.0001508978457422927,0.0005658668815158308,0.0,0.0,0.0,0.0,0.0,0.0,0.00011317338066874072,0.0,0.0,0.0,0.0,0.0,0.0,0.00022634676133748144,0.0,0.0,0.0,0.0,0.0,0.0,0.00011317338066874072,0.00037724460707977414,0.0,0.0,0.0,0.00018862230353988707,0.0001508978457422927,0.00018862230353988707,0.0,0.0,0.0,0.000980835990048945,0.0,0.0,0.0,0.0,3.7724461435573176e-05,0.0,0.0016976007027551532,0.0,0.0,0.013693979009985924,0.0,0.0,0.0,0.0,7.544892287114635e-05,0.001999396365135908,0.003961068578064442,0.001659876317717135,0.0,0.0,0.007771238684654236,0.0,0.0,0.0,0.0,0.016334692016243935,0.0,0.0,0.0,0.0,0.0,0.0,0.0,0.0,0.0,0.0,0.0,0.0,0.0,0.0,0.0,0.02629394829273224,0.0,0.0019239474786445498,0.0,0.0,0.0,0.0,0.0,0.0,0.0,3.7724461435573176e-05,0.0,0.0,0.0,0.0,0.0,0.0004526935226749629,0.0,0.0,0.0,0.0,0.0,0.0,0.0,0.0,0.0,0.0,0.0,0.0,0.0007544892141595483,0.0,0.0013580805389210582,0.0,0.0,0.0,0.0,0.001622151816263795,0.0,0.0,0.0,0.0,0.0,0.0,0.0,0.0,0.0,0.00011317338066874072,0.0,0.0,0.0,0.0,0.0,0.0,0.0,0.0,0.0,0.0,0.0,0.0,0.0,0.0,0.0,0.0,0.0,0.0
1780146525278467651,33163,1,0.03618490323424339,0.0009046226041391492,0.21982330083847046,0.017489369958639145,0.016283206641674042,0.00793052464723587,0.0,0.0,0.007840062491595745,0.01145855337381363,0.02713867835700512,0.0,0.0,0.0,0.0,0.005126195028424263,0.0,0.0072369808331131935,0.004523112904280424,0.0003015408874489367,0.007840062491595745,0.0018092452082782984,0.0036184904165565968,0.0,0.0018092452082782984,0.0039200312457978725,0.0,0.0,0.025329433381557465,0.005427735857665539,0.0,0.004523112904280424,0.006332358345389366,0.0003015408874489367,0.0012061635497957468,0.0013569339644163847,0.0,0.0,0.0,0.0,0.0,0.0012061635497957468,0.0012061635497957468,0.0,0.0,0.0,0.0,0.014473961666226387,0.0,0.0,0.0018092452082782984,0.0,0.0072369808331131935,0.20444470643997192,0.0,0.0,0.0,0.03467720001935959,0.0,0.0,0.0,0.0,0.0036184904165565968,0.0,0.0,0.0,0.0,0.0004523113020695746,0.024846967309713364,0.0,0.0,0.0,0.004161264281719923,0.011910864152014256,0.008804993703961372,0.0,0.0,0.021680789068341255,0.0,0.0,0.007478213869035244,0.0020806321408599615,0.0003015408874489367,0.0017489370657131076,0.0,0.002110786037519574,0.0,0.0018393993377685547,0.0,0.0,0.0018393993377685547,0.0,0.0,0.0015981666510924697,0.0,0.0,0.12224467098712921,0.0,9.046226477948949e-05,3.0154087653500028e-05,0.0,0.0,0.0,0.0,0.0,0.0,0.00015077044372446835,0.0015077043790370226,0.00036184905911795795,0.0004221572307869792,0.0,0.0,0.0007538521895185113,0.001537858508527279,0.0,0.0,0.0,0.001779091195203364,0.0020806321408599615,0.0,0.0,0.0,0.0,3.0154087653500028e-05,0.0,0.0,0.0007840062608011067,0.0,0.0,0.0,0.0004523113020695746,0.0,0.0,0.0,0.0,0.0,0.0,0.0,0.0006030817748978734,0.0,0.0,0.0014172421069815755,0.00018092452955897897,0.0027138679288327694,0.0,0.0,0.0,0.0,0.0,0.0,0.0,0.0009950848761945963,0.0,0.0,0.0,0.0,0.0,0.0,0.0,0.0,0.0,0.0,0.0,0.0003015408874489367,0.0,0.0,0.0,0.0,0.0,0.0,0.0,0.00015077044372446835,0.0,9.046226477948949e-05,0.0,0.0002110786153934896,0.0002110786153934896,0.0003015408874489367,0.0,0.0,0.0,0.0,0.00018092452955897897,0.0,0.0006030817748978734,0.0,0.0,0.00015077044372446835,0.0006935439887456596,0.0,0.0,0.0,0.0,0.0,0.0,9.046226477948949e-05,0.0,0.0,0.0,0.0,0.0,0.0,0.00012061635061400011,0.0,0.0,0.0,0.0,0.0,0.0,0.00015077044372446835,0.0006030817748978734,0.0,0.0,3.0154087653500028e-05,0.00015077044372446835,0.00024123270122800022,0.00024123270122800022,0.0,0.0,0.0,0.001055393018759787,0.0,0.0,0.0,0.0,0.0,0.0,0.0017489370657131076,0.0,0.0,0.014202575199306011,0.0,0.0,0.0,0.0,0.0,0.002050478011369705,0.0039200312457978725,0.001779091195203364,6.0308175307000056e-05,0.0,0.008020986802875996,0.0,0.0,0.0,0.0,0.016464130952954292,0.0,0.0,0.0,0.0,0.0,0.0,0.0,0.0,0.0,0.0,0.0,0.0,0.0,0.0,0.0,0.025872206315398216,0.0,0.0019600156228989363,0.0,0.0,0.0,0.0,0.0,0.0,0.0,0.0,0.0,0.0,0.0,0.0,0.0,0.0004523113020695746,0.0,0.0,0.0,0.0,0.0,0.0,0.0,0.0,0.0,0.0,0.0,0.0,0.0007538521895185113,0.0,0.0013569339644163847,0.0,0.0,0.0,0.0,0.0015077043790370226,0.0,0.0,0.0,0.0,0.0,0.0,0.0,0.0,0.0,6.0308175307000056e-05,0.0,0.0,0.0,0.0,0.0,0.0,0.0,0.0,0.0,0.0,0.0,0.0,0.0,0.0,0.0,0.0,0.0,0.0
1780146530278467651,33107,1,0.03624610975384712,0.0009061527671292424,0.22019512951374054,0.01751895435154438,0.01631074957549572,0.006252454128116369,0.0,0.0,0.00785332452505827,0.011477935127913952,0.027184583246707916,0.0,0.0,0.0,0.0,0.005134865641593933,0.0,0.007249222137033939,0.00453076371923089,0.00030205093207769096,0.00785332452505827,0.0018123055342584848,0.0036246110685169697,0.0,0.0018123055342584848,0.003926662262529135,0.0,0.0,0.025372277945280075,0.005436916835606098,0.0,0.00453076371923089,0.006343069486320019,0.00030205093207769096,0.0012082037283107638,0.0013592292089015245,0.0,0.0,0.0,0.0,0.0,0.0012082037283107638,0.0012082037283107638,0.0,0.0,0.0,0.0,0.014498444274067879,0.0,0.0,0.0018123055342584848,0.0,0.007249222137033939,0.20479053258895874,0.0,0.0,0.0,0.03473585471510887,0.0,0.0,0.0,0.0,0.0036246110685169697,0.0,0.0,0.0,0.0,0.0004530763835646212,0.023862022906541824,0.0,0.0,0.0,0.00407768739387393,0.01093424391001463,0.008699066936969757,0.0,0.0,0.02156643569469452,0.0,0.0,0.007188811898231506,0.0022351767402142286,0.00042287129326723516,0.0017216902924701571,3.0205092116375454e-05,0.0021747667342424393,0.0,0.0017821004148572683,0.0,9.061527816811576e-05,0.0018425106536597013,0.0,3.0205092116375454e-05,0.0013894342118874192,0.0,0.0,0.12205877900123596,0.0,3.0205092116375454e-05,0.0,0.0,0.0,0.0,0.0,0.0,0.0,9.061527816811576e-05,0.0016310750506818295,0.000332256022375077,0.00048328147386200726,0.0,0.0,0.0008155375253409147,0.00154045969247818,6.041018423275091e-05,0.0,0.0,0.0017821004148572683,0.0020237411372363567,0.0,3.0205092116375454e-05,0.0,0.0,3.0205092116375454e-05,0.0,0.0,0.0008155375253409147,0.0,0.0,0.0,0.0003926662029698491,0.0,0.0,0.0,0.0,0.0,0.0,0.0,0.0005134865641593933,0.0,0.0,0.0014196393312886357,6.041018423275091e-05,0.002718458417803049,0.0,0.0,0.0,3.0205092116375454e-05,0.0,3.0205092116375454e-05,0.0,0.00036246111267246306,0.0,0.0,0.0,0.0,0.0,0.0,0.0,0.0,0.0,0.0,0.0,0.00030205093207769096,0.0,0.0,0.0,0.0,0.0,0.0,0.0,0.00015102546603884548,0.0,0.00015102546603884548,0.0,0.00015102546603884548,0.00015102546603884548,0.00030205093207769096,0.0,0.0,0.0,0.0,0.00018123055633623153,0.0,0.0006947171059437096,0.0,0.0,0.00015102546603884548,0.0006343069253489375,0.0,0.0,0.0,0.0,0.0,0.0,9.061527816811576e-05,0.0,0.0,0.0,0.0,0.0,0.0,0.00012082036846550182,0.0,0.0,0.0,0.0,0.0,0.0,0.0,0.0003926662029698491,0.0,0.0,3.0205092116375454e-05,9.061527816811576e-05,0.0002718458417803049,3.0205092116375454e-05,0.0,0.0,0.0,0.0009363578865304589,0.0,0.0,0.0,0.0,0.00021143564663361758,0.0,0.0016310750506818295,0.0,3.0205092116375454e-05,0.013139215297996998,0.0,0.0,0.0,0.0,3.0205092116375454e-05,0.001933125895448029,0.003775636665523052,0.001600869931280613,6.041018423275091e-05,0.0,0.007188811898231506,3.0205092116375454e-05,3.0205092116375454e-05,0.0,0.0,0.016220135614275932,0.0,0.0,0.0,0.0,0.0,0.0,0.0,0.0,0.0,0.0,0.0,0.0,0.0,0.0,0.0,0.026308635249733925,6.041018423275091e-05,0.0019633311312645674,0.0,0.0,0.0,0.0,0.0,0.0,0.0,0.0,0.0,0.0,0.0,0.0,0.0,0.0003926662029698491,0.0,0.0,0.0,0.0,0.0,0.0,0.0,0.0,0.0,0.0,0.0,0.0,0.0007853324059396982,0.0,0.0013592292089015245,0.0,0.0,0.0,0.0,0.001600869931280613,0.0,0.0,0.0,0.0,0.0,0.0,0.0,0.0,0.0,6.041018423275091e-05,0.0,0.0,0.0,3.0205092116375454e-05,0.0,0.0,0.0,0.0,0.0,0.0,0.0,0.0,0.0,0.0,0.0,0.0,0.0,0.0
1780146535278467651,33078,1,0.0362778902053833,0.0009069472434930503,0.22038817405700684,0.01753431372344494,0.016325049102306366,0.005381220020353794,0.0,0.0,0.007860208861529827,0.011487998068332672,0.027208415791392326,0.0,0.0,0.0,0.0,0.005139367654919624,0.0,0.007255577947944403,0.004534736275672913,0.0003023157478310168,0.007860208861529827,0.0018138944869861007,0.0036277889739722013,0.0,0.0018138944869861007,0.0039301044307649136,0.0,0.0,0.02539452165365219,0.00544168334454298,0.0,0.004534736275672913,0.006348630413413048,0.0003023157478310168,0.0012092629913240671,0.001360420836135745,0.0,0.0,0.0,0.0,0.0,0.0012092629913240671,0.0012092629913240671,0.0,0.0,0.0,0.0,0.014511155895888805,0.0,0.0,0.0018138944869861007,0.0,0.007255577947944403,0.2049700766801834,0.0,0.0,0.0,0.0347663089632988,0.0,0.0,0.0,0.0,0.0036277889739722013,0.0,0.0,0.0,0.0,0.00045347362174652517,0.024215491488575935,0.0,0.0,0.0,0.004020799417048693,0.011397303082048893,0.008706693537533283,0.0,0.0,0.021192332729697227,0.0,0.0,0.007376504130661488,0.0021464417222887278,0.00045347362174652517,0.0017231997335329652,3.0231572964112274e-05,0.0020859786309301853,0.0,0.0018138944869861007,0.0,0.0001209262918564491,0.001844126032665372,3.0231572964112274e-05,0.0,0.001511578680947423,0.0,0.0,0.12240764498710632,0.0,9.069472434930503e-05,0.0,0.0,0.0,0.0,0.0,3.0231572964112274e-05,0.0,9.069472434930503e-05,0.0016022734344005585,0.00036277889739722013,0.00045347362174652517,0.0,0.0,0.0008162524900399148,0.0014813471352681518,0.0,0.0,0.0,0.0017534312792122364,0.0019650522153824568,0.0,0.0,0.0,0.0,3.0231572964112274e-05,0.0,0.0,0.0007557893404737115,0.0,0.0,0.0,0.0004232420469634235,0.0,0.0,0.0,0.0,0.0,0.0,0.0,0.0005441683460958302,0.0,0.0,0.0014208839274942875,0.00021162102348171175,0.002690610010176897,0.0,0.0,0.0,0.0,0.0,0.0,0.0,0.0005139367422088981,0.0,0.0,0.0,0.0,0.0,0.0,0.0,0.0,0.0,0.0,0.0,0.0003023157478310168,0.0,0.0,0.0,0.0,0.0,0.0,0.0,0.0001511578739155084,0.0,9.069472434930503e-05,0.0,0.0001209262918564491,9.069472434930503e-05,0.0003023157478310168,0.0,0.0,0.0,0.0,0.0001209262918564491,0.0,0.0006046314956620336,0.0,0.0,0.0001511578739155084,0.0003930104721803218,0.0,0.0,0.0,0.0,0.0,0.0,0.0001209262918564491,0.0,0.0,0.0,0.0,0.0,0.0,0.0001511578739155084,0.0,0.0,0.0,0.0,0.0,0.0,3.0231572964112274e-05,0.0002720841730479151,0.0,0.0,3.0231572964112274e-05,0.0001209262918564491,9.069472434930503e-05,9.069472434930503e-05,0.0,0.0,0.0,0.0009674103348515928,0.0,0.0,0.0,0.0,9.069472434930503e-05,0.0,0.001692968187853694,0.0,3.0231572964112274e-05,0.01342281885445118,0.0,0.0,0.0,0.0,0.0,0.0018743575783446431,0.0039301044307649136,0.0017534312792122364,3.0231572964112274e-05,0.0,0.007436966989189386,0.0,0.0,0.0,0.0,0.015811113640666008,0.0,0.0,0.0,0.0,0.0,0.0,0.0,0.0,0.0,0.0,0.0,0.0,0.0,0.0,0.0,0.026331700384616852,0.0,0.0019348206697031856,0.0,0.0,0.0,0.0,0.0,0.0,0.0,0.0,0.0,0.0,0.0,0.0,0.0,0.0004232420469634235,0.0,0.0,0.0,0.0,0.0,0.0,0.0,0.0,0.0,0.0,0.0,0.0,0.0007255577947944403,0.0,0.0013301892904564738,0.0,0.0,0.0,0.0,0.0016022734344005585,0.0,0.0,0.0,0.0,0.0,0.0,0.0,0.0,0.0,9.069472434930503e-05,0.0,0.0,0.0,0.0,0.0,0.0,0.0,0.0,0.0,0.0,0.0,0.0,0.0,0.0,0.0,0.0,0.0,0.0
1780146540278467651,33120,1,0.036231882870197296,0.0009057971183210611,0.22010870277881622,0.01751207746565342,0.016304347664117813,0.006642512045800686,0.0,0.0,0.007850241847336292,0.011473430320620537,0.027173912152647972,0.0,0.0,0.0,0.0,0.005132850259542465,0.0,0.007246376946568489,0.004528985358774662,0.0003019323630724102,0.007850241847336292,0.0018115942366421223,0.0036231884732842445,0.0,0.0018115942366421223,0.003925120923668146,0.0,0.0,0.025362318381667137,0.005434782709926367,0.0,0.004528985358774662,0.006340579595416784,0.0003019323630724102,0.001207729452289641,0.0013586956774815917,0.0,0.0,0.0,0.0,0.0,0.001207729452289641,0.001207729452289641,0.0,0.0,0.0,0.0,0.014492753893136978,0.0,0.0,0.0018115942366421223,0.0,0.007246376946568489,0.20471014082431793,0.0,0.0,0.0,0.0347222238779068,0.0,0.0,0.0,0.0,0.0036231884732842445,0.0,0.0,0.0,0.0,0.00045289855916053057,0.02454710192978382,0.0,0.0,0.0,0.004257246386259794,0.01165458932518959,0.008725845254957676,0.0,0.0,0.021557971835136414,0.0,0.0,0.007336956448853016,0.0020531401969492435,0.00036231885314919055,0.001751207746565342,3.0193235943443142e-05,0.00211352645419538,0.0,0.0018115942366421223,0.0,0.00012077294377377257,0.0018417874816805124,0.0,3.0193235943443142e-05,0.001570048276335001,0.0,0.0,0.12216183543205261,0.0,0.0,6.0386471886886284e-05,0.0,0.0,0.0,0.0,0.0,0.0,0.0001509661815362051,0.0016304347664117813,0.00036231885314919055,0.0004227053141221404,0.0,0.0,0.0007548308931291103,0.0015398550312966108,6.0386471886886284e-05,0.0,0.0,0.001751207746565342,0.0020229469519108534,0.0,0.0,0.0,0.0,6.0386471886886284e-05,0.0,0.0,0.0008152173832058907,0.0,0.0,0.0,0.0004227053141221404,0.0,0.0,0.0,0.0,0.0,0.0,0.0,0.0006340579711832106,0.0,0.0,0.0014492754125967622,0.0001509661815362051,0.0027173913549631834,0.0,0.0,0.0,0.0,0.0,0.0,0.0,0.0007246377062983811,0.0,0.0,0.0,0.0,0.0,0.0,0.0,0.0,0.0,0.0,0.0,0.0003019323630724102,0.0,0.0,0.0,0.0,0.0,0.0,0.0,0.0001509661815362051,0.0,0.00024154588754754514,0.0,9.057971328729764e-05,9.057971328729764e-05,0.0003019323630724102,0.0,0.0,0.0,0.0,0.00012077294377377257,0.0,0.0006038647261448205,0.0,0.0,0.0001509661815362051,0.0005132850492373109,0.0,0.0,0.0,0.0,0.0,0.0,0.0001509661815362051,0.0,0.0,0.0,0.0,0.0,0.0,0.0002113526570610702,0.0,0.0,0.0,0.0,0.0,0.0,3.0193235943443142e-05,0.00039251206908375025,0.0,0.0,6.0386471886886284e-05,0.00012077294377377257,6.0386471886886284e-05,0.00012077294377377257,0.0,0.0,0.0,0.0009661835501901805,0.0,0.0,0.0,0.0,0.0,0.0,0.001751207746565342,0.0,3.0193235943443142e-05,0.013919082470238209,0.0,0.0,0.0,0.0,3.0193235943443142e-05,0.0020531401969492435,0.004045893903821707,0.0016606280114501715,0.0,0.0,0.007759661879390478,0.0,0.0,0.0,0.0,0.016304347664117813,0.0,0.0,0.0,0.0,0.0,0.0,0.0,0.0,0.0,0.0,0.0,0.0,0.0,0.0,0.0,0.02593599073588848,3.0193235943443142e-05,0.001962560461834073,0.0,0.0,0.0,0.0,0.0,0.0,0.0,6.0386471886886284e-05,0.0,0.0,0.0,0.0,0.0,0.0004227053141221404,0.0,0.0,0.0,0.0,0.0,0.0,0.0,0.0,0.0,0.0,0.0,0.0,0.0007246377062983811,0.0,0.0013285024324432015,0.0,0.0,0.0,0.0,0.0016304347664117813,0.0,0.0,0.0,0.0,0.0,0.0,0.0,0.0,0.0,3.0193235943443142e-05,0.0,0.0,0.0,0.0,0.0,0.0,0.0,0.0,0.0,0.0,0.0,0.0,0.0,0.0,0.0,0.0,0.0,0.0
1780146545278467651,26507,1,0.036216847598552704,0.000905421213246882,0.22001735866069794,0.01750480942428112,0.016297582536935806,0.007054740097373724,0.0,0.0,0.007846984080970287,0.011468668468296528,0.027162635698914528,0.0,0.0,0.0,0.0,0.00513072032481432,0.0,0.007243369705975056,0.004527105949819088,0.000301807071082294,0.007846984080970287,0.001810842426493764,0.003621684852987528,0.0,0.001810842426493764,0.003923492040485144,0.0,0.0,0.025351794436573982,0.005432527046650648,0.0,0.004527105949819088,0.0063379486091434956,0.000301807071082294,0.001207228284329176,0.001358131761662662,0.0,0.0,0.0,0.0,0.0,0.001207228284329176,0.001207228284329176,0.0,0.0,0.0,0.0,0.014486739411950111,0.0,0.0,0.001810842426493764,0.0,0.007243369705975056,0.2046251893043518,0.0,0.0,0.0,0.03470781445503235,0.0,0.0,0.0,0.0,0.003621684852987528,0.0,0.0,0.0,0.0,0.000452710606623441,0.023616403341293335,0.0,0.0,0.0,0.004338476806879044,0.011129135265946388,0.008714678697288036,0.0,0.0,0.021277397871017456,0.0,0.0,0.007092466112226248,0.002037197817116976,0.0003395329404156655,0.00173539062961936,0.0,0.00215037539601326,0.0,0.00173539062961936,0.0,3.772588388528675e-05,0.002225827192887664,0.0,0.0,0.00150903535541147,0.0,0.0,0.12170369923114777,0.0,7.54517677705735e-05,3.772588388528675e-05,0.0,0.0,0.0,0.0,0.0,0.0,0.000150903535541147,0.001697664731182158,0.0003772588388528675,0.000452710606623441,0.0,0.0,0.00086769531480968,0.001546761253848672,0.0,0.0,0.0,0.00173539062961936,0.002074923599138856,0.0,3.772588388528675e-05,0.0,0.0,0.0,0.0,0.0,0.00086769531480968,0.0,0.0,0.0,0.0003772588388528675,0.0,0.0,0.0,0.0,0.0,0.0,0.0,0.000603614142164588,0.0,0.0,0.0013204059796407819,7.54517677705735e-05,0.002753989538177848,0.0,0.0,0.0,0.0,0.0,3.772588388528675e-05,0.0,0.000565888243727386,0.0,0.0,0.0,0.0,0.0,0.0,0.0,0.0,0.0,0.0,0.0,0.000301807071082294,0.0,0.0,0.0,0.0,0.0,0.0,0.0,0.000150903535541147,0.0,7.54517677705735e-05,0.0,3.772588388528675e-05,7.54517677705735e-05,0.000301807071082294,0.0,0.0,0.0,0.0,0.00018862941942643374,0.0,0.00064134004060179,0.0,0.0,0.000150903535541147,0.000565888243727386,0.0,0.0,0.0,0.0,0.0,0.0,7.54517677705735e-05,0.0,0.0,0.0,0.0,0.0,0.0,0.0003772588388528675,0.0,0.0,0.0,0.0,0.0,0.0,3.772588388528675e-05,0.0003395329404156655,0.0,0.0,3.772588388528675e-05,0.00018862941942643374,0.000150903535541147,0.00018862941942643374,0.0,0.0,0.0,0.000980873010121286,0.0,0.0,0.0,0.0,0.0,0.0,0.0016222130507230759,0.0,0.0,0.01305315550416708,0.0,0.0,0.0,0.0,0.0,0.001961746020242572,0.003810314228758216,0.001848568324930966,0.000264081172645092,0.0,0.007318821270018816,0.0,0.0,0.0,0.0,0.015882596373558044,0.0,0.0,0.0,0.0,0.0,0.0,0.0,0.0,0.0,0.0,0.0,0.0,0.0,0.0,0.0,0.026257215067744255,0.0,0.001848568324930966,0.0,0.0,0.0,0.0,0.0,0.0,0.0,3.772588388528675e-05,0.0,0.0,0.0,0.0,0.0,0.0003772588388528675,0.0,0.0,0.0,0.0,0.0,0.0,0.0,0.0,0.0,0.0,0.0,0.0,0.0007922435761429369,0.0,0.0013204059796407819,0.0,0.0,0.0,0.0,0.0016222130507230759,0.0,0.0,0.0,0.0,0.0,0.0,0.0,0.0,0.0,0.00011317765165586025,0.0,0.0,0.0,0.0,0.0,0.0,0.0,0.0,0.0,0.0,0.0,0.0,0.0,0.0,0.0,0.0,0.0,0.0
1780146550278467651,33195,1,0.036150023341178894,0.0009037505369633436,0.21961139142513275,0.017472511157393456,0.016267510131001472,0.008886880241334438,0.0,0.0,0.00783250480890274,0.011447506956756115,0.02711251750588417,0.0,0.0,0.0,0.0,0.005121253430843353,0.0,0.007230004295706749,0.004518752917647362,0.00030125019839033484,0.00783250480890274,0.0018075010739266872,0.0036150021478533745,0.0,0.0018075010739266872,0.00391625240445137,0.0,0.0,0.025305015966296196,0.005422503221780062,0.0,0.004518752917647362,0.006326253991574049,0.00030125019839033484,0.0012050007935613394,0.0013556258054450154,0.0,0.0,0.0,0.0,0.0,0.0012050007935613394,0.0012050007935613394,0.0,0.0,0.0,0.0,0.014460008591413498,0.0,0.0,0.0018075010739266872,0.0,0.007230004295706749,0.2042476236820221,0.0,0.0,0.0,0.03464377298951149,0.0,0.0,0.0,0.0,0.0036150021478533745,0.0,0.0,0.0,0.0,0.0004518752684816718,0.02361801452934742,0.0,0.0,0.0,0.00394637743011117,0.010814881883561611,0.008585629984736443,0.0,0.0,0.02087663859128952,0.0,0.0,0.007079379633069038,0.002259376458823681,0.000512125319801271,0.0016568760620430112,0.0,0.0021991264075040817,0.0,0.001596626010723412,0.0,3.012501838384196e-05,0.0018075010739266872,3.012501838384196e-05,3.012501838384196e-05,0.0012953757541254163,0.0,0.0,0.12134357541799545,0.0,3.012501838384196e-05,6.025003676768392e-05,0.0,0.0,0.0,0.0,0.0,0.0,0.00012050007353536785,0.0016870010877028108,0.0003916252462659031,0.000512125319801271,0.0,0.0,0.0008133755181916058,0.001596626010723412,0.0,0.0,0.0,0.0017773761646822095,0.0021388763561844826,0.0,0.0,0.0,0.0,0.0,0.0,0.0,0.0008133755181916058,0.0,0.0,0.0,0.0004217502719257027,0.0,0.0,0.0,0.0,0.0,0.0,0.0,0.0006025003967806697,0.0,0.0,0.0013255007797852159,9.037505515152588e-05,0.0027413766365498304,0.0,0.0,0.0,3.012501838384196e-05,0.0,0.0,0.0,0.0008435005438514054,0.0,0.0,0.0,0.0,0.0,0.0,0.0,0.0,0.0,0.0,0.0,0.00030125019839033484,0.0,0.0,0.0,0.0,0.0,0.0,0.0,0.00015062509919516742,0.0,0.00015062509919516742,0.0,6.025003676768392e-05,6.025003676768392e-05,0.00030125019839033484,0.0,0.0,0.0,0.0,0.00027112517273053527,0.0,0.0006627503898926079,0.0,0.0,0.00015062509919516742,0.0006627503898926079,0.0,0.0,0.0,0.0,0.0,0.0,3.012501838384196e-05,0.0,0.0,0.0,0.0,0.0,0.0,0.00018075011030305177,0.0,0.0,0.0,0.0,0.0,0.0,0.00018075011030305177,0.0006627503898926079,0.0,0.0,3.012501838384196e-05,0.00033137519494630396,6.025003676768392e-05,0.00033137519494630396,0.0,0.0,0.0,0.0009941256139427423,0.0,6.025003676768392e-05,0.0,0.0,0.00015062509919516742,0.0,0.001596626010723412,0.0,0.0,0.012893508188426495,0.0,0.0,0.0,0.0,0.0,0.001958126202225685,0.0036752521991729736,0.0015665009850636125,3.012501838384196e-05,0.0,0.007049254607409239,0.0,0.0,0.0,0.0,0.015454134903848171,0.0,0.0,0.0,0.0,0.0,0.0,0.0,0.0,0.0,0.0,0.0,0.0,0.0,0.0,0.0,0.02578701637685299,0.0,0.0017171261133626103,0.0,0.0,0.0,0.0,0.0,0.0,0.0,3.012501838384196e-05,0.0,0.0,0.0,0.0,0.0,0.00036150022060610354,0.0,0.0,0.0,0.0,0.0,0.0,0.0,0.0,0.0,0.0,0.0,0.0,0.0007230004412122071,0.0,0.0013255007797852159,0.0,0.0,0.0,0.0,0.0016870010877028108,0.0,0.0,0.0,0.0,0.0,0.0,0.0,0.0,0.0,0.00012050007353536785,0.0,0.0,0.0,0.0,0.0,0.0,0.0,0.0,0.0,0.0,0.0,0.0,0.0,0.0,0.0,0.0,0.0,0.0
1780146555278467651,33221,1,0.036121729761362076,0.0009030432556755841,0.21943950653076172,0.017458835616707802,0.01625477895140648,0.009662562981247902,0.0,0.0,0.007826374843716621,0.011438547633588314,0.02709129825234413,0.0,0.0,0.0,0.0,0.005117245018482208,0.0,0.007224346045404673,0.0045152162201702595,0.00030101442825980484,0.007826374843716621,0.0018060865113511682,0.0036121730227023363,0.0,0.0018060865113511682,0.003913187421858311,0.0,0.0,0.025285210460424423,0.005418259650468826,0.0,0.0045152162201702595,0.006321302615106106,0.00030101442825980484,0.0012040577130392194,0.0013545649126172066,0.0,0.0,0.0,0.0,0.0,0.0012040577130392194,0.0012040577130392194,0.0,0.0,0.0,0.0,0.014448692090809345,0.0,0.0,0.0018060865113511682,0.0,0.007224346045404673,0.2040877789258957,0.0,0.0,0.0,0.034616656601428986,0.0,0.0,0.0,0.0,0.0036121730227023363,0.0,0.0,0.0,0.0,0.00045152162783779204,0.024622978642582893,0.0,0.0,0.0,0.0041841003112494946,0.011829867027699947,0.008759520016610622,0.0,0.0,0.021703138947486877,0.0,0.0,0.00746515765786171,0.002076999517157674,0.00036121730227023363,0.0018060865113511682,6.020288492436521e-05,0.0021372023038566113,0.0,0.0018662894144654274,0.0,6.020288492436521e-05,0.0018361879047006369,0.0,0.0,0.0013846663059666753,0.0,0.0,0.12275367975234985,0.0,0.0,0.0,0.0,0.0,0.0,0.0,0.0,0.0,0.00015050721412990242,0.001655579311773181,0.00045152162783779204,0.0005117245018482208,0.0,0.0,0.0007525360560975969,0.0014749706024304032,0.0,0.0,0.0,0.0017759851180016994,0.0020468980073928833,0.0,0.0,0.0,0.0,0.0,0.0,0.0,0.0007525360560975969,0.0,0.0,0.0,0.00045152162783779204,0.0,0.0,0.0,0.0,0.0,0.0,0.0,0.0006321303080767393,0.0,0.0,0.001565275015309453,0.00015050721412990242,0.0026790283154696226,0.0,0.0,0.0,6.020288492436521e-05,0.0,3.0101442462182604e-05,0.0,0.0007826375076547265,0.0,0.0,0.0,0.0,0.0,0.0,0.0,0.0,0.0,0.0,0.0,0.00030101442825980484,0.0,0.0,0.0,0.0,0.0,0.0,0.0,0.00015050721412990242,0.0,9.030432556755841e-05,0.0,0.00015050721412990242,0.00015050721412990242,0.00030101442825980484,0.0,0.0,0.0,0.0,0.0004214201762806624,0.0,0.0006321303080767393,0.0,0.0,0.00015050721412990242,0.0008127389592118561,0.0,0.0,0.0,0.0,0.0,0.0,9.030432556755841e-05,0.0,0.0,0.0,0.0,0.0,0.0,0.00048162307939492166,0.0,0.0,0.0,0.0,0.0,0.0,0.00018060865113511682,0.0006321303080767393,0.0,0.0,9.030432556755841e-05,0.00030101442825980484,0.00030101442825980484,0.0002709129767026752,0.0,0.0,0.0,0.000993347610346973,0.0,0.0,0.0,0.0,3.0101442462182604e-05,0.0,0.0018060865113511682,0.0,0.0,0.013936967588961124,0.0,0.0,0.0,0.0,3.0101442462182604e-05,0.0020468980073928833,0.0040335929952561855,0.0018060865113511682,0.0,0.0,0.00776617182418704,0.0,0.0,0.0,0.0,0.016375184059143066,0.0,0.0,0.0,0.0,0.0,0.0,0.0,0.0,0.0,0.0,0.0,0.0,0.0,0.0,0.0,0.026218356564641,0.0,0.0020468980073928833,0.0,0.0,0.0,0.0,0.0,0.0,0.0,0.0,0.0,0.0,0.0,0.0,0.0,0.00045152162783779204,0.0,0.0,0.0,0.0,0.0,0.0,0.0,0.0,0.0,0.0,0.0,0.0,0.0007224346045404673,0.0,0.001324463402852416,0.0,0.0,0.0,0.0,0.0016254779184237123,0.0,0.0,0.0,0.0,0.0,0.0,0.0,0.0,0.0,0.00015050721412990242,0.0,0.0,0.0,6.020288492436521e-05,0.0,0.0,0.0,0.0,0.0,0.0,0.0,0.0,0.0,0.0,0.0,0.0,0.0,0.0
1780146560278467651,33162,1,0.03618599474430084,0.0009046499035321176,0.21982993185520172,0.017489898949861526,0.01628369837999344,0.007900608703494072,0.0,0.0,0.007840299047529697,0.011458898894488811,0.02713949792087078,0.0,0.0,0.0,0.0,0.005126349627971649,0.0,0.007237199228256941,0.004523249343037605,0.0003015499678440392,0.007840299047529697,0.0018092998070642352,0.0036185996141284704,0.0,0.0018092998070642352,0.003920149523764849,0.0,0.0,0.02533019706606865,0.005427899304777384,0.0,0.004523249343037605,0.006332549266517162,0.0003015499678440392,0.0012061998713761568,0.001356974826194346,0.0,0.0,0.0,0.0,0.0,0.0012061998713761568,0.0012061998713761568,0.0,0.0,0.0,0.0,0.014474398456513882,0.0,0.0,0.0018092998070642352,0.0,0.007237199228256941,0.20445087552070618,0.0,0.0,0.0,0.034678246825933456,0.0,0.0,0.0,0.0,0.0036185996141284704,0.0,0.0,0.0,0.0,0.0004523249517660588,0.02424461767077446,0.0,0.0,0.0,0.004372474737465382,0.011820758692920208,0.00865448359400034,0.0,0.0,0.021410048007965088,0.0,0.0,0.007297509349882603,0.0020806947723031044,0.0004824799543712288,0.001718834857456386,0.0,0.0020505397114902735,0.0,0.001718834857456386,0.0,3.01549971482018e-05,0.0018997647566720843,0.0,0.0,0.001417284831404686,0.0,0.0,0.12209758162498474,0.0,0.0,0.0,0.0,0.0,0.0,0.0,0.0,0.0,0.0001507749839220196,0.001598214847035706,0.0005126349278725684,0.0005729449330829084,0.0,0.0,0.0007538748905062675,0.001537904841825366,0.0,0.0,0.0,0.0018092998070642352,0.0021108498331159353,0.0,0.0,0.0,0.0,0.0,0.0,0.0,0.0007840298931114376,0.0,0.0,0.0,0.0004523249517660588,0.0,0.0,0.0,0.0,0.0,0.0,0.0,0.0006030999356880784,0.0,0.0,0.001537904841825366,0.0001507749839220196,0.002713949652388692,0.0,0.0,0.0,3.01549971482018e-05,0.0,0.0,0.0,0.0007237199461087584,0.0,0.0,0.0,0.0,0.0,0.0,0.0,0.0,0.0,0.0,0.0,0.0003015499678440392,0.0,0.0,0.0,0.0,0.0,0.0,0.0,0.0001507749839220196,0.0,3.01549971482018e-05,0.0,0.0002110849745804444,0.0002110849745804444,0.0003015499678440392,0.0,0.0,0.0,0.0,0.0002713949652388692,0.0,0.0006030999356880784,0.0,0.0,0.0001507749839220196,0.0008443398983217776,0.0,3.01549971482018e-05,0.0,0.0,0.0,0.0,6.03099942964036e-05,0.0,0.0,0.0,0.0,0.0,0.0,0.0001809299865271896,0.0,0.0,0.0,0.0,0.0,0.0,9.04649932635948e-05,0.0004523249517660588,0.0,0.0,3.01549971482018e-05,6.03099942964036e-05,0.0003015499678440392,0.0001809299865271896,0.0,0.0,0.0,0.0010252698557451367,0.0,0.0,0.0,0.0,0.0,0.0,0.001718834857456386,0.0,0.0,0.013630058616399765,0.0,0.0,0.0,0.0,0.0,0.002020384883508086,0.003889994462952018,0.0016886797966435552,6.03099942964036e-05,0.0,0.007900608703494072,0.0,0.0,0.0,0.0,0.01610276848077774,0.0,0.0,0.0,0.0,0.0,0.0,0.0,0.0,0.0,0.0,0.0,0.0,0.0,0.0,0.0,0.02635546773672104,0.0,0.0018696098122745752,0.0,0.0,0.0,0.0,0.0,0.0,0.0,0.0,0.0,0.0,0.0,0.0,0.0,0.0004221699491608888,0.0,0.0,0.0,0.0,0.0,0.0,0.0,0.0,0.0,0.0,0.0,0.0,0.0006935649435035884,0.0,0.0013268198817968369,0.0,0.0,0.0,0.0,0.001598214847035706,0.0,0.0,0.0,0.0,0.0,0.0,0.0,0.0,0.0,0.0001206199885928072,0.0,0.0,0.0,3.01549971482018e-05,0.0,0.0,3.01549971482018e-05,0.0,0.0,0.0,0.0,0.0,0.0,0.0,0.0,0.0,0.0,0.0
1780146565278467651,33180,1,0.036166366189718246,0.0009041591547429562,0.21971066296100616,0.017480410635471344,0.016274863854050636,0.008438818156719208,0.0,0.0,0.007836045697331429,0.011452682316303253,0.02712477371096611,0.0,0.0,0.0,0.0,0.00512356823310256,0.0,0.007233273237943649,0.004520795773714781,0.0003013863752130419,0.007836045697331429,0.0018083183094859123,0.0036166366189718246,0.0,0.0018083183094859123,0.003918022848665714,0.0,0.0,0.025316456332802773,0.005424954928457737,0.0,0.004520795773714781,0.006329114083200693,0.0003013863752130419,0.0012055455008521676,0.0013562387321144342,0.0,0.0,0.0,0.0,0.0,0.0012055455008521676,0.0012055455008521676,0.0,0.0,0.0,0.0,0.014466546475887299,0.0,0.0,0.0018083183094859123,0.0,0.007233273237943649,0.20433996617794037,0.0,0.0,0.0,0.034659434109926224,0.0,0.0,0.0,0.0,0.0036166366189718246,0.0,0.0,0.0,0.0,0.0004520795773714781,0.02423146553337574,0.0,0.0,0.0,0.004098854959011078,0.011633514426648617,0.008740205317735672,0.0,0.0,0.021368294954299927,0.0,0.0,0.007323688827455044,0.0019891501870006323,0.0003616636386141181,0.0016576250782236457,0.0,0.002049427479505539,0.0,0.0018083183094859123,0.0,3.013863715750631e-05,0.0018083183094859123,3.013863715750631e-05,0.0,0.0014767932007089257,0.0,0.0,0.12191078811883926,0.0,0.0,0.0,0.0,0.0,0.0,0.0,0.0,0.0,0.00015069318760652095,0.0015370704932138324,0.00033152502146549523,0.0004520795773714781,0.0,0.0,0.0007534659234806895,0.0015672091394662857,0.0,0.0,0.0,0.0018083183094859123,0.0019891501870006323,0.0,3.013863715750631e-05,0.0,0.0,0.0,0.0,0.0,0.0007534659234806895,0.0,0.0,0.0,0.00042194093111902475,0.0,0.0,0.0,0.0,0.0,0.0,0.0,0.0006027727504260838,0.0,0.0,0.0012959614396095276,0.00015069318760652095,0.0027124774642288685,0.0,0.0,0.0,3.013863715750631e-05,0.0,0.0,0.0,0.0006931886891834438,0.0,0.0,0.0,0.0,0.0,0.0,0.0,0.0,0.0,0.0,0.0,0.0003013863752130419,0.0,0.0,0.0,0.0,0.0,0.0,0.0,0.00015069318760652095,0.0,0.00021097046555951238,0.0,0.00024110909726005048,0.00024110909726005048,0.0003013863752130419,0.0,0.0,0.0,0.0,0.0002712477289605886,0.0,0.0006329113966785371,0.0,0.0,0.00015069318760652095,0.0005123568698763847,0.0,0.0,0.0,0.0,0.0,0.0,9.041590965352952e-05,0.0,0.0,0.0,0.0,0.0,0.0,0.00024110909726005048,0.0,0.0,0.0,0.0,0.0,0.0,6.027727431501262e-05,0.0004520795773714781,0.0,0.0,0.00012055454863002524,0.00024110909726005048,0.00018083181930705905,0.00015069318760652095,0.0,0.0,0.0,0.0009945750935003161,0.0,0.0,0.0,0.0,0.0,0.0,0.0016576250782236457,0.0,0.0,0.013562386855483055,0.0,0.0,0.0,0.0,3.013863715750631e-05,0.001959011424332857,0.003978300374001265,0.0017179023707285523,0.0,0.0,0.00756479799747467,0.0,0.0,0.0,0.0,0.01591320149600506,0.0,0.0,0.0,0.0,0.0,0.0,0.0,0.0,0.0,0.0,0.0,0.0,0.0,0.0,0.0,0.025979505851864815,0.0,0.0018685954855754972,0.0,0.0,0.0,0.0,0.0,0.0,0.0,0.0,0.0,0.0,0.0,0.0,0.0,0.00042194093111902475,0.0,0.0,0.0,0.0,0.0,0.0,0.0,0.0,0.0,0.0,0.0,0.0,0.0007534659234806895,0.0,0.001326100085861981,0.0,0.0,0.0,0.0,0.0015370704932138324,0.0,0.0,0.0,0.0,0.0,0.0,0.0,0.0,0.0,3.013863715750631e-05,0.0,0.0,0.0,0.0,0.0,0.0,0.0,0.0,0.0,0.0,0.0,0.0,0.0,0.0,0.0,0.0,0.0,0.0
1780146570278467651,26508,1,0.03621548041701317,0.0009053870453499258,0.22000905871391296,0.017504150047898293,0.01629696786403656,0.007092198356986046,0.0,0.0,0.00784668792039156,0.011468236334621906,0.02716161124408245,0.0,0.0,0.0,0.0,0.0051305266097188,0.0,0.007243096362799406,0.004526935052126646,0.0003017956914845854,0.00784668792039156,0.0018107740906998515,0.003621548181399703,0.0,0.0018107740906998515,0.00392334396019578,0.0,0.0,0.025350837036967278,0.005432322155684233,0.0,0.004526935052126646,0.006337709259241819,0.0003017956914845854,0.0012071827659383416,0.0013580805389210582,0.0,0.0,0.0,0.0,0.0,0.0012071827659383416,0.0012071827659383416,0.0,0.0,0.0,0.0,0.014486192725598812,0.0,0.0,0.0018107740906998515,0.0,0.007243096362799406,0.2046174705028534,0.0,0.0,0.0,0.03470650315284729,0.0,0.0,0.0,0.0,0.003621548181399703,0.0,0.0,0.0,0.0,0.0004526935226749629,0.02478497102856636,0.0,0.0,0.0,0.0041496907360851765,0.011770031414926052,0.008827523328363895,0.0,0.0,0.02180473878979683,0.0,0.0,0.007431718520820141,0.002225743141025305,0.00033952013473026454,0.0017730495892465115,0.0,0.002225743141025305,0.0,0.0017730495892465115,0.0,3.7724461435573176e-05,0.0018107740906998515,0.0,0.0,0.0015467029297724366,0.0,0.0,0.12279311567544937,0.0,0.0,7.544892287114635e-05,0.0,0.0,0.0,0.0,0.0,0.0,0.0001508978457422927,0.001622151816263795,0.0003017956914845854,0.0005658668815158308,0.0,0.0,0.0007922136574052274,0.0015089784283190966,0.0,0.0,0.0,0.0017730495892465115,0.001999396365135908,0.0,0.0,0.0,0.0,0.0,0.0,0.0,0.0007922136574052274,0.0,0.0,0.0,0.0004526935226749629,0.0,0.0,0.0,0.0,0.0,0.0,0.0,0.0006035913829691708,0.0,0.0,0.00132035615388304,0.00011317338066874072,0.0027161610778421164,0.0,0.0,0.0,0.0,0.0,0.0,0.0,0.0007167647709138691,0.0,0.0,0.0,0.0,0.0,0.0,0.0,0.0,0.0,0.0,0.0,0.0003017956914845854,0.0,0.0,0.0,0.0,0.0,0.0,0.0,0.0001508978457422927,0.0,3.7724461435573176e-05,0.0,0.0001508978457422927,0.00018862230353988707,0.0003017956914845854,0.0,0.0,0.0,0.0,0.00022634676133748144,0.0,0.00064131582621485,0.0,0.0,0.0001508978457422927,0.0007167647709138691,0.0,0.0,0.0,0.0,0.0,0.0,0.00018862230353988707,0.0,0.0,0.0,0.0,0.0,0.0,0.00022634676133748144,0.0,0.0,0.0,0.0,0.0,0.0,3.7724461435573176e-05,0.0005281424382701516,0.0,0.0,0.0,0.0001508978457422927,0.00011317338066874072,0.0002640712191350758,0.0,0.0,0.0,0.0010562848765403032,0.0,0.0,0.0,0.0,0.0001508978457422927,0.0,0.0017730495892465115,0.0,0.0,0.013769428245723248,0.0,0.0,0.0,0.0,0.0,0.0020748453680425882,0.00407424196600914,0.0017730495892465115,0.00011317338066874072,0.0,0.007771238684654236,0.0,0.0,0.0,0.0,0.01644786447286606,0.0,0.0,0.0,0.0,0.0,0.0,0.0,0.0,0.0,0.0,0.0,0.0,0.0,0.0,0.0,0.02614305168390274,0.0,0.0019239474786445498,0.0,0.0,0.0,0.0,0.0,0.0,0.0,3.7724461435573176e-05,0.0,0.0,0.0,0.0,0.0,0.0004526935226749629,0.0,0.0,0.0,0.0,0.0,0.0,0.0,0.0,0.0,0.0,0.0,0.0,0.0007167647709138691,0.0,0.0013580805389210582,0.0,0.0,0.0,0.0,0.001622151816263795,0.0,0.0,0.0,0.0,0.0,0.0,0.0,0.0,0.0,3.7724461435573176e-05,0.0,0.0,0.0,0.0,0.0,0.0,0.0,0.0,0.0,0.0,0.0,0.0,0.0,0.0,0.0,0.0,0.0,0.0
1780146575278467651,33241,1,0.03609999641776085,0.0009024999453686178,0.21930748224258423,0.01744833216071129,0.016244998201727867,0.010258415713906288,0.0,0.0,0.007821666076779366,0.01143166609108448,0.02707499824464321,0.0,0.0,0.0,0.0,0.0051141660660505295,0.0,0.007219999562948942,0.004512499552220106,0.0003008333151228726,0.007821666076779366,0.0018049998907372355,0.003609999781474471,0.0,0.0018049998907372355,0.003910833038389683,0.0,0.0,0.025269998237490654,0.005414999555796385,0.0,0.004512499552220106,0.0063174995593726635,0.0003008333151228726,0.0012033332604914904,0.0013537498889490962,0.0,0.0,0.0,0.0,0.0,0.0012033332604914904,0.0012033332604914904,0.0,0.0,0.0,0.0,0.014439999125897884,0.0,0.0,0.0018049998907372355,0.0,0.007219999562948942,0.2039649784564972,0.0,0.0,0.0,0.034595832228660583,0.0,0.0,0.0,0.0,0.003609999781474471,0.0,0.0,0.0,0.0,0.0004512499726843089,0.0233145821839571,0.0,0.0,0.0,0.004031166434288025,0.010529166087508202,0.00851358287036419,0.0,0.0,0.02075749821960926,0.0,0.0,0.007310249377042055,0.0023464998230338097,0.00042116662370972335,0.001564333215355873,0.0,0.002256249776110053,0.0,0.0017448331927880645,0.0,0.00012033332313876599,0.0018350831232964993,6.0166661569382995e-05,6.0166661569382995e-05,0.0014139165868982673,0.0,0.0,0.1212959885597229,0.0,0.0,3.0083330784691498e-05,0.0,0.0,0.0,0.0,0.0,0.0,0.0001504166575614363,0.0014740831684321165,0.00027074996614828706,0.0005715832812711596,0.0,0.0,0.0008122499566525221,0.001504166517406702,0.0,0.0,0.0,0.0016846664948388934,0.002045666566118598,0.0,0.0,0.0,0.0,0.0,0.0,0.0,0.000752083258703351,0.0,0.0,0.0,0.00042116662370972335,0.0,0.0,0.0,0.0,0.0,0.0,0.0,0.0005414999322965741,0.0,0.0,0.0011431665625423193,3.0083330784691498e-05,0.002737583126872778,0.0,0.0,0.0,0.0,0.0,0.0,0.0,0.0009024999453686178,0.0,0.0,0.0,0.0,0.0,0.0,0.0,0.0,0.0,0.0,0.0,0.0003008333151228726,0.0,0.0,0.0,0.0,0.0,0.0,0.0,0.0001504166575614363,0.0,0.0003008333151228726,0.0,0.0001504166575614363,0.00012033332313876599,0.0003008333151228726,0.0,0.0,0.0,0.0,6.0166661569382995e-05,0.0,0.0006919166189618409,0.0,0.0,0.0001504166575614363,0.0006919166189618409,0.0,0.0,0.0,0.0,0.0,0.0,3.0083330784691498e-05,0.0,0.0,0.0,0.0,0.0,0.0,0.00048133329255506396,0.0,0.0,0.0,0.0,0.0,0.0,6.0166661569382995e-05,0.0008423332474194467,0.0,0.0,0.00012033332313876599,0.00033091663499362767,3.0083330784691498e-05,0.00027074996614828706,0.0,0.0,0.0,0.0009024999453686178,0.0,0.0,0.0,0.0,0.0003008333151228726,0.0,0.0015342498663812876,0.0,0.0,0.012845582328736782,0.0,0.0,0.0,0.0,6.0166661569382995e-05,0.0019554165191948414,0.003609999781474471,0.001564333215355873,0.00012033332313876599,0.0,0.0066183325834572315,0.0,3.0083330784691498e-05,0.0,0.0,0.01507174875587225,0.0,0.0,0.0,0.0,0.0,0.0,0.0,0.0,0.0,0.0,0.0,0.0,0.0,0.0,0.0,0.025961915031075478,0.0,0.0016545831458643079,0.0,0.0,0.0,0.0,0.0,0.0,0.0,0.0,0.0,0.0,0.0,0.0,0.0,0.00042116662370972335,0.0,0.0,0.0,0.0,0.0,0.0,0.0,0.0,0.0,0.0,0.0,0.0,0.0006919166189618409,0.0,0.0013537498889490962,0.0,0.0,0.0,0.0,0.0014439999358728528,0.0,0.0,0.0,0.0,0.0,0.0,0.0,0.0,0.0,0.0001504166575614363,0.0,0.0,0.0,0.0,0.0,0.0,3.0083330784691498e-05,0.0,0.0,0.0,0.0,0.0,0.0,0.0,0.0,0.0,0.0,0.0
1780146580278467651,33107,1,0.03624610975384712,0.0009061527671292424,0.22019512951374054,0.01751895435154438,0.01631074957549572,0.006252454128116369,0.0,0.0,0.00785332452505827,0.011477935127913952,0.027184583246707916,0.0,0.0,0.0,0.0,0.005134865641593933,0.0,0.007249222137033939,0.00453076371923089,0.00030205093207769096,0.00785332452505827,0.0018123055342584848,0.0036246110685169697,0.0,0.0018123055342584848,0.003926662262529135,0.0,0.0,0.025372277945280075,0.005436916835606098,0.0,0.00453076371923089,0.006343069486320019,0.00030205093207769096,0.0012082037283107638,0.0013592292089015245,0.0,0.0,0.0,0.0,0.0,0.0012082037283107638,0.0012082037283107638,0.0,0.0,0.0,0.0,0.014498444274067879,0.0,0.0,0.0018123055342584848,0.0,0.007249222137033939,0.20479053258895874,0.0,0.0,0.0,0.03473585471510887,0.0,0.0,0.0,0.0,0.0036246110685169697,0.0,0.0,0.0,0.0,0.0004530763835646212,0.0227444339543581,0.0,0.0,0.0,0.004500558599829674,0.010511372238397598,0.008397015742957592,0.0,0.0,0.021143564954400063,0.0,0.0,0.006886761169880629,0.0020237411372363567,0.00036246111267246306,0.001600869931280613,0.0,0.0019029207760468125,0.0,0.001600869931280613,0.0,0.0,0.0022351767402142286,0.0,0.0,0.0014196393312886357,0.0,0.0,0.12024646997451782,0.0,0.0,6.041018423275091e-05,0.0,0.0,0.0,0.0,0.0,0.0,0.00015102546603884548,0.0016310750506818295,0.0005436916835606098,0.00042287129326723516,3.0205092116375454e-05,0.0,0.0007551272865384817,0.0016310750506818295,6.041018423275091e-05,0.0,0.0,0.0017518954118713737,0.0020539462566375732,0.0,0.0,0.0,0.0,0.0,0.0,0.0,0.0007853324059396982,0.0,0.0,0.0,0.000332256022375077,0.0,0.0,0.0,0.0,0.0,0.0,0.0,0.0007249222253449261,0.0,0.0,0.0011175883701071143,6.041018423275091e-05,0.002718458417803049,0.0,0.0,0.0,0.0,0.0,3.0205092116375454e-05,0.0,0.0005436916835606098,0.0,0.0,0.0,0.0,0.0,0.0,0.0,0.0,0.0,0.0,0.0,0.00030205093207769096,0.0,0.0,0.0,0.0,0.0,0.0,0.0,0.00015102546603884548,0.0,0.0,0.0,0.00012082036846550182,0.00012082036846550182,0.00030205093207769096,0.0,0.0,0.0,0.0,0.00018123055633623153,0.0,0.0006947171059437096,0.0,0.0,0.00015102546603884548,0.00042287129326723516,0.0,0.0,0.0,0.0,0.0,0.0,6.041018423275091e-05,0.0,0.0,0.0,0.0,0.0,0.0,0.00018123055633623153,0.0,0.0,0.0,0.0,0.0,0.0,0.00018123055633623153,0.000332256022375077,0.0,0.0,0.0,3.0205092116375454e-05,0.00021143564663361758,0.00018123055633623153,0.0,0.0,0.0,0.0009967680089175701,0.0,0.0,0.0,0.0,0.0,0.0,0.0015706648118793964,0.0,0.0,0.012655933387577534,0.0,0.0,0.0,0.0,0.0,0.0018727157730609179,0.0035642008297145367,0.0015706648118793964,6.041018423275091e-05,0.0,0.006796145811676979,0.0,0.0,0.0,0.0,0.015857674181461334,0.0,0.0,0.0,0.0,0.0,0.0,0.0,0.0,0.0,0.0,0.0,0.0,0.0,0.0,0.0,0.0261274054646492,6.041018423275091e-05,0.0017216902924701571,0.0,0.0,0.0,0.0,0.0,0.0,0.0,3.0205092116375454e-05,0.0,0.0,0.0,0.0,0.0,0.000332256022375077,0.0,0.0,0.0,0.0,0.0,0.0,0.0,0.0,0.0,0.0,0.0,0.0,0.0007249222253449261,0.0,0.001329024089500308,0.0,0.0,0.0,0.0,0.001600869931280613,0.0,0.0,0.0,0.0,0.0,0.0,0.0,0.0,0.0,0.00012082036846550182,0.0,0.0,0.0,0.0,0.0,0.0,0.0,0.0,0.0,0.0,0.0,0.0,0.0,0.0,0.0,0.0,0.0,0.0
1780146585278467651,33117,1,0.03623516485095024,0.0009058791329152882,0.2201286405324936,0.017513664439320564,0.016305824741721153,0.006552525795996189,0.0,0.0,0.007850952446460724,0.011474469676613808,0.027176374569535255,0.0,0.0,0.0,0.0,0.005133314989507198,0.0,0.007247033063322306,0.00452939560636878,0.00030195972067303956,0.007850952446460724,0.0018117582658305764,0.003623516531661153,0.0,0.0018117582658305764,0.003925476223230362,0.0,0.0,0.025364616885781288,0.005435274913907051,0.0,0.00452939560636878,0.006341154221445322,0.00030195972067303956,0.0012078388826921582,0.0013588187284767628,0.0,0.0,0.0,0.0,0.0,0.0012078388826921582,0.0012078388826921582,0.0,0.0,0.0,0.0,0.014494066126644611,0.0,0.0,0.0018117582658305764,0.0,0.007247033063322306,0.20472869277000427,0.0,0.0,0.0,0.0347253680229187,0.0,0.0,0.0,0.0,0.003623516531661153,0.0,0.0,0.0,0.0,0.0004529395664576441,0.0238548181951046,0.0,0.0,0.0,0.00449919980019331,0.011534861288964748,0.008666244335472584,0.0,0.0,0.02116737700998783,0.0,0.0,0.007398013025522232,0.002023130189627409,0.0003925476339645684,0.0016305824974551797,0.0,0.0020533259958028793,0.0,0.0016909744590520859,0.0,3.0195971703506075e-05,0.001992934150621295,0.0,0.0,0.0015701905358582735,0.0,0.0,0.12153878808021545,0.0,9.058791329152882e-05,3.0195971703506075e-05,0.0,0.0,0.0,0.0,0.0,0.0,0.00015097986033651978,0.0015701905358582735,0.0003925476339645684,0.0004529395664576441,0.0,0.0,0.0008152912487275898,0.0015701905358582735,0.0,0.0,0.0,0.001751366420648992,0.001992934150621295,0.0,0.0,0.0,0.0,3.0195971703506075e-05,0.0,0.0,0.0007850952679291368,0.0,0.0,0.0,0.0003925476339645684,0.0,0.0,0.0,0.0,0.0,0.0,0.0,0.0007247033063322306,0.0,0.0,0.0012682308442890644,0.0001207838868140243,0.0027176374569535255,0.0,0.0,0.0,0.0,0.0,3.0195971703506075e-05,0.0,0.0005133314989507198,0.0,0.0,0.0,0.0,0.0,0.0,0.0,0.0,0.0,0.0,0.0,0.00030195972067303956,0.0,0.0,0.0,0.0,0.0,0.0,0.0,0.00015097986033651978,0.0,0.00015097986033651978,0.0,0.00018117582658305764,0.00015097986033651978,0.00030195972067303956,0.0,0.0,0.0,0.0,0.0001207838868140243,0.0,0.0006341154221445322,0.0,0.0,0.00015097986033651978,0.0005435274797491729,0.0,0.0,0.0,0.0,0.0,0.0,3.0195971703506075e-05,0.0,0.0,0.0,0.0,0.0,0.0,0.00027176373987458646,0.0,0.0,0.0,0.0,0.0,0.0,3.0195971703506075e-05,0.0005435274797491729,0.0,0.0,3.0195971703506075e-05,0.00015097986033651978,0.00015097986033651978,0.00015097986033651978,0.0,0.0,0.0,0.0010266629979014397,0.0,0.0,0.0,0.0,0.0,0.0,0.0016305824974551797,0.0,0.0,0.013286227360367775,0.0,0.0,0.0,0.0,0.0,0.001962738111615181,0.00398586830124259,0.001721170381642878,0.0001207838868140243,0.0,0.0076093850657343864,0.0,0.0,0.0,0.0,0.015973668545484543,0.0,0.0,0.0,0.0,0.0,0.0,0.0,0.0,0.0,0.0,0.0,0.0,0.0,0.0,0.0,0.026089319959282875,0.0,0.0018721502274274826,0.0,0.0,0.0,0.0,0.0,0.0,0.0,0.0,0.0,0.0,0.0,0.0,0.0,0.0003925476339645684,0.0,0.0,0.0,0.0,0.0,0.0,0.0,0.0,0.0,0.0,0.0,0.0,0.0007247033063322306,0.0,0.0013588187284767628,0.0,0.0,0.0,0.0,0.0015399946132674813,0.0,0.0,0.0,0.0,0.0,0.0,0.0,0.0,0.0,0.0001207838868140243,0.0,0.0,0.0,0.0,0.0,0.0,0.0,0.0,0.0,0.0,0.0,0.0,0.0,0.0,0.0,0.0,0.0,0.0
1780146590278467651,33164,1,0.03618381544947624,0.0009045953629538417,0.2198166698217392,0.017488842830061913,0.016282716765999794,0.00796043872833252,0.0,0.0,0.007839825935661793,0.011458207853138447,0.027137860655784607,0.0,0.0,0.0,0.0,0.005126040428876877,0.0,0.0072367629036307335,0.00452297693118453,0.00030153177795000374,0.007839825935661793,0.0018091907259076834,0.0036183814518153667,0.0,0.0018091907259076834,0.003919912967830896,0.0,0.0,0.02532866969704628,0.0054275719448924065,0.0,0.00452297693118453,0.00633216742426157,0.00030153177795000374,0.001206127111800015,0.0013568929862231016,0.0,0.0,0.0,0.0,0.0,0.001206127111800015,0.001206127111800015,0.0,0.0,0.0,0.0,0.014473525807261467,0.0,0.0,0.0018091907259076834,0.0,0.0072367629036307335,0.20443855226039886,0.0,0.0,0.0,0.03467615321278572,0.0,0.0,0.0,0.0,0.0036183814518153667,0.0,0.0,0.0,0.0,0.00045229768147692084,0.024363767355680466,0.0,0.0,0.0,0.0041008321568369865,0.01133759506046772,0.008563502691686153,0.0,0.0,0.021137377247214317,0.0,0.0,0.00717645650729537,0.0021107224747538567,0.0003919913142453879,0.00174888432957232,0.0,0.0021408756729215384,0.0,0.0017187311314046383,0.0,6.030635631759651e-05,0.001839343924075365,0.0,0.0,0.0015076588606461883,3.0153178158798255e-05,0.0,0.12178868800401688,0.0,6.030635631759651e-05,3.0153178158798255e-05,0.0,0.0,0.0,0.0,0.0,0.0,0.00012061271263519302,0.0015076588606461883,0.00042214448330923915,0.00042214448330923915,0.0,0.0,0.0007538294303230941,0.0014473525807261467,0.0,0.0,0.0,0.0016584248514845967,0.0018996502039954066,0.0,0.0,0.0,0.0,0.0,0.0,0.0,0.0008442889666184783,0.0,0.0,0.0,0.00042214448330923915,0.0,0.0,0.0,0.0,0.0,0.0,0.0,0.0006030635559000075,0.0,0.0,0.0010553612373769283,9.045953629538417e-05,0.0027137859724462032,0.0,0.0,0.0,0.0,0.0,3.0153178158798255e-05,0.0,0.0007538294303230941,0.0,0.0,0.0,0.0,0.0,0.0,0.0,0.0,0.0,0.0,0.0,0.00030153177795000374,0.0,0.0,0.0,0.0,0.0,0.0,0.0,0.00015076588897500187,0.0,3.0153178158798255e-05,0.0,0.00012061271263519302,0.00015076588897500187,0.0002713786088861525,0.0,0.0,0.0,0.0,0.00021107224165461957,0.0,0.00066336989402771,0.0,0.0,0.00015076588897500187,0.0005729103577323258,0.0,3.0153178158798255e-05,0.0,0.0,0.0,0.0,0.0,0.0,0.0,0.0,0.0,0.0,0.0,0.00024122542527038604,0.0,0.0,0.0,0.0,0.0,0.0,6.030635631759651e-05,0.00045229768147692084,0.0,0.0,9.045953629538417e-05,0.00015076588897500187,0.00015076588897500187,0.00021107224165461957,0.0,0.0,0.0,0.0009347485029138625,0.0,0.0,0.0,0.0,0.0,0.0,0.0016885779332369566,0.0,0.0,0.013659389689564705,0.0,0.0,0.0,0.0,0.0,0.002080569276586175,0.0038596068043261766,0.0016584248514845967,3.0153178158798255e-05,0.0,0.0074779880233109,0.0,0.0,0.0,0.0,0.015830418094992638,0.0,0.0,0.0,0.0,0.0,0.0,0.0,0.0,0.0,0.0,0.0,0.0,0.0,0.0,0.0,0.026263417676091194,0.0,0.0017187311314046383,0.0,0.0,0.0,0.0,0.0,0.0,0.0,3.0153178158798255e-05,0.0,0.0,0.0,0.0,0.0,0.00042214448330923915,0.0,0.0,0.0,0.0,0.0,0.0,0.0,0.0,0.0,0.0,0.0,0.0,0.0007236762903630733,0.0,0.00132673978805542,0.0,0.0,0.0,0.0,0.0014775057788938284,0.0,0.0,0.0,0.0,0.0,0.0,0.0,0.0,0.0,0.00018091907259076834,0.0,0.0,0.0,0.0,0.0,0.0,0.0,0.0,0.0,0.0,0.0,0.0,0.0,0.0,0.0,0.0,0.0,0.0
1780146595278467651,28177,1,0.03896795213222504,0.0010646982118487358,0.21180395781993866,0.018951626494526863,0.01753203012049198,0.007843276485800743,0.0,0.0,0.008162685669958591,0.012279518879950047,0.030024487525224686,0.0,0.0,0.0,0.0,0.005607410334050655,0.0,0.007807786576449871,0.004755651578307152,0.00028391950763761997,0.008730525150895119,0.00198743655346334,0.0036199737805873156,0.0,0.00198743655346334,0.004258792847394943,0.0,0.0,0.02853391133248806,0.006033289711922407,0.0,0.0051105511374771595,0.007062498014420271,0.00028391950763761997,0.0012776377843692899,0.0015615572920069098,0.0,0.0,0.0,0.0,0.0,0.0014195975381880999,0.0014195975381880999,0.0,0.0,0.0,0.0,0.015615573152899742,0.0,0.0,0.002058416372165084,0.0,0.007878766395151615,0.19278134405612946,0.0,0.0,0.0,0.03506406024098396,0.0,0.0,0.0,0.0,0.0039038932882249355,0.0,0.0,0.0,0.0,0.0005323491059243679,0.026440003886818886,0.0,0.0,0.0,0.004649181850254536,0.012705397792160511,0.009475813247263432,0.0,0.0,0.023955708369612694,0.0,0.0,0.007878766395151615,0.0022713560611009598,0.00039038932300172746,0.0018099868902936578,0.0,0.0021293964236974716,0.0,0.0017744969809427857,0.0,0.0,0.0021293964236974716,0.0,0.0,0.0017390069551765919,0.0,0.0,0.11772012710571289,0.0,0.0,3.5489938454702497e-05,0.0,0.0,0.0,0.0,0.0,0.0,0.00014195975381880999,0.0018454767996445298,0.00039038932300172746,0.00042587926145642996,0.0,0.0,0.0008517585229128599,0.0015260673826560378,0.0,0.0,0.0,0.0019164567347615957,0.00198743655346334,0.0,0.0,0.0,0.0,0.0,0.0,0.0,0.0009227383998222649,0.0,0.0,0.0,0.00046136919991113245,0.0,0.0,0.0,0.0,0.0,0.0,0.0,0.0006388188921846449,0.0,0.0,0.0014905774733051658,0.00010646981536410749,0.0030166448559612036,0.0,0.0,0.0,0.0,0.0,3.5489938454702497e-05,0.0,0.0009227383998222649,0.0,0.0,0.0,0.0,0.0,0.0,0.0,0.0,0.0,0.0,0.0,0.00035489938454702497,0.0,0.0,0.0,0.0,0.0,0.0,0.0,0.00017744969227351248,0.0,0.00014195975381880999,0.0,0.00010646981536410749,0.00010646981536410749,0.00035489938454702497,0.0,0.0,0.0,0.0,0.00010646981536410749,0.0,0.0007097987690940499,0.0,0.0,0.00017744969227351248,0.0006033289828337729,0.0,0.0,0.0,0.0,0.0,0.0,0.00014195975381880999,0.0,0.0,0.0,0.0,0.0,0.0,0.00021293963072821498,0.0,0.0,0.0,0.0,0.0,0.0,3.5489938454702497e-05,0.0006033289828337729,0.0,0.0,3.5489938454702497e-05,0.00017744969227351248,0.00021293963072821498,0.00031940944609232247,0.0,0.0,0.0,0.0010646982118487358,0.0,0.0,0.0,0.0,0.0,0.0,0.0018099868902936578,0.0,0.0,0.015012243762612343,0.0,0.0,0.0,0.0,0.0,0.002093906281515956,0.004329772666096687,0.0019164567347615957,7.097987690940499e-05,0.0,0.008553075604140759,0.0,0.0,0.0,0.0,0.018064377829432487,0.0,0.0,0.0,0.0,0.0,0.0,0.0,0.0,0.0,0.0,0.0,0.0,0.0,0.0,0.0,0.025765694677829742,0.0,0.0019164567347615957,0.0,0.0,0.0,0.0,0.0,0.0,0.0,3.5489938454702497e-05,0.0,0.0,0.0,0.0,0.0,0.00046136919991113245,0.0,0.0,0.0,0.0,0.0,0.0,0.0,0.0,0.0,0.0,0.0,0.0,0.0007807786460034549,0.0,0.0014195975381880999,0.0,0.0,0.0,0.0,0.0018099868902936578,0.0,0.0,0.0,0.0,0.0,0.0,0.0,0.0,0.0,0.00010646981536410749,0.0,0.0,0.0,0.0,0.0,0.0,0.0,0.0,0.0,0.0,0.0,0.0,0.0,0.0,0.0,0.0,0.0,0.0
1780146600278467651,31516,1,0.03369716927409172,0.0007615179638378322,0.2269958108663559,0.01618225686252117,0.01516689918935299,0.007995938882231712,0.0,0.0,0.0075517199002206326,0.01072471123188734,0.024558953940868378,0.0,0.0,0.0,0.0,0.004696027375757694,0.0,0.006726741790771484,0.004315268248319626,0.00031729915644973516,0.007044041063636541,0.0016499555204063654,0.0036172103136777878,0.0,0.0016499555204063654,0.0036172103136777878,0.0,0.0,0.022464780136942863,0.0048864069394767284,0.0,0.003997969441115856,0.005679654888808727,0.00031729915644973516,0.0011422769166529179,0.0011740068439394236,0.0,0.0,0.0,0.0,0.0,0.001015357323922217,0.001015357323922217,0.0,0.0,0.0,0.0,0.013453483581542969,0.0,0.0,0.0015864957822486758,0.0,0.006663281936198473,0.2148749828338623,0.0,0.0,0.0,0.03433176875114441,0.0,0.0,0.0,0.0,0.003363370895385742,0.0,0.0,0.0,0.0,0.0003807589819189161,0.021417692303657532,0.0,0.0,0.0,0.003807589877396822,0.010185303166508675,0.007710369303822517,0.0,0.0,0.019037948921322823,0.0,0.0,0.0065363626927137375,0.0018403350841253996,0.0005076786619611084,0.0014278461458161473,0.0,0.0018086051568388939,0.0,0.0016499555204063654,0.0,0.00022210940369404852,0.0017451453022658825,0.0,0.0,0.0012691966257989407,0.0,0.0,0.12422261387109756,0.0,0.0,6.345983274513856e-05,0.0,0.0,0.0,0.0,0.0,0.0,0.0001269196654902771,0.001459576073102653,0.00047594873467460275,0.0005711384583264589,0.0,0.0,0.0007297880365513265,0.0013961162185296416,0.0,0.0,0.0,0.0016182257095351815,0.0018086051568388939,0.0,0.0,0.0,0.0,0.0,0.0,0.0,0.0006980581092648208,0.0,0.0,0.0,0.0003490290546324104,0.0,0.0,0.0,0.0,0.0,0.0,0.0,0.0006345983128994703,0.0,0.0,0.0010788170620799065,0.00022210940369404852,0.0024432034697383642,0.0,0.0,0.0,0.0,0.0,0.0,0.0,0.0007297880365513265,0.0,0.0,0.0,0.0,0.0,0.0,0.0,0.0,0.0,0.0,0.0,0.0002538393309805542,0.0,0.0,0.0,0.0,0.0,0.0,0.0,0.0001269196654902771,0.0,6.345983274513856e-05,0.0,0.0001269196654902771,0.0001269196654902771,0.0002538393309805542,0.0,0.0,0.0,0.0,0.00019037949095945805,0.0,0.0005394085310399532,0.0,0.0,0.0001269196654902771,0.0005394085310399532,0.0,3.172991637256928e-05,0.0,0.0,0.0,0.0,9.518974547972903e-05,0.0,0.0,0.0,0.0,0.0,0.0,0.00019037949095945805,0.0,0.0,0.0,0.0,0.0,0.0,0.0001269196654902771,0.0007615179638378322,0.0,0.0,9.518974547972903e-05,0.0002538393309805542,0.00019037949095945805,0.00022210940369404852,0.0,0.0,0.0,0.0007932478911243379,0.0,0.0,0.0,0.0,0.0,0.0,0.0013961162185296416,0.0,0.0,0.011740068905055523,0.0,0.0,0.0,0.0,9.518974547972903e-05,0.0017134153749793768,0.003395100822672248,0.001332656480371952,6.345983274513856e-05,0.0,0.006663281936198473,0.0,0.0,0.0,0.0,0.014056351967155933,0.0,0.0,0.0,0.0,0.0,0.0,0.0,0.0,0.0,0.0,0.0,0.0,0.0,0.0,0.0,0.026018530130386353,0.0,0.0015230359276756644,0.0,0.0,0.0,0.0,0.0,0.0,0.0,3.172991637256928e-05,0.0,0.0,0.0,0.0,0.0,0.0003490290546324104,0.0,0.0,0.0,0.0,0.0,0.0,0.0,0.0,0.0,0.0,0.0,0.0,0.000666328240185976,0.0,0.001237466698512435,0.0,0.0,0.0,0.0,0.001459576073102653,0.0,0.0,0.0,0.0,0.0,0.0,0.0,0.0,0.0,0.0001269196654902771,0.0,0.0,0.0,0.0,0.0,0.0,0.0,0.0,0.0,0.0,0.0,0.0,0.0,0.0,0.0,0.0,0.0,0.0
1780146605278467651,33213,1,0.03613043203949928,0.0009032607777044177,0.2194923609495163,0.017463041469454765,0.016258694231510162,0.009424020536243916,0.0,0.0,0.007828259840607643,0.011441303417086601,0.027097823098301888,0.0,0.0,0.0,0.0,0.005118477623909712,0.0,0.007226086221635342,0.00451630400493741,0.00030108692590147257,0.007828259840607643,0.0018065215554088354,0.003613043110817671,0.0,0.0018065215554088354,0.0039141299203038216,0.0,0.0,0.02529130131006241,0.005419564433395863,0.0,0.00451630400493741,0.006322825327515602,0.00030108692590147257,0.0012043477036058903,0.0013548911083489656,0.0,0.0,0.0,0.0,0.0,0.0012043477036058903,0.0012043477036058903,0.0,0.0,0.0,0.0,0.014452172443270683,0.0,0.0,0.0018065215554088354,0.0,0.007226086221635342,0.2041369378566742,0.0,0.0,0.0,0.03462499752640724,0.0,0.0,0.0,0.0,0.003613043110817671,0.0,0.0,0.0,0.0,0.00045163038885220885,0.025140758603811264,0.0,0.0,0.0,0.004094782285392284,0.01225423812866211,0.00879173818975687,0.0,0.0,0.021738475188612938,0.0,0.0,0.007497064303606749,0.002107608364894986,0.00030108692590147257,0.0017463041003793478,0.0,0.002107608364894986,0.0,0.0017764128278940916,0.0,0.0,0.0017463041003793478,0.0,0.0,0.0015656519681215286,0.0,0.0,0.12272302806377411,0.0,0.0,0.0,0.0,0.0,0.0,0.0,0.0,0.0,0.00015054346295073628,0.001686086761765182,0.0004817390872631222,0.0005419564549811184,0.0,0.0,0.0007226086454465985,0.0015054346295073628,0.0,0.0,0.0,0.0018065215554088354,0.002107608364894986,0.0,0.0,0.0,0.0,0.0,0.0,0.0,0.0007527173147536814,0.0,0.0,0.0,0.00045163038885220885,0.0,0.0,0.0,0.0,0.0,0.0,0.0,0.0006021738518029451,0.0,0.0,0.0015355433570221066,0.00015054346295073628,0.0027097822166979313,0.0,0.0,0.0,0.0,0.0,0.0,0.0,0.0010839129099622369,0.0,0.0,0.0,0.0,0.0,0.0,0.0,0.0,0.0,0.0,0.0,0.00030108692590147257,0.0,0.0,0.0,0.0,0.0,0.0,0.0,0.00015054346295073628,0.0,9.032608068082482e-05,0.0,9.032608068082482e-05,9.032608068082482e-05,0.00030108692590147257,0.0,0.0,0.0,0.0,0.0002709782274905592,0.0,0.0006021738518029451,0.0,0.0,0.00015054346295073628,0.0007828259840607643,0.0,0.0,0.0,0.0,0.0,0.0,0.00012043477181578055,0.0,0.0,0.0,0.0,0.0,0.0,0.00021076084522064775,0.0,0.0,0.0,0.0,0.0,0.0,0.00018065216136164963,0.000632282521110028,0.0,0.0,3.0108692953945138e-05,0.0002408695436315611,0.00021076084522064775,0.00039141299203038216,0.0,0.0,0.0,0.0009333694470115006,0.0,0.0,0.0,0.0,0.0,0.0,0.0017463041003793478,0.0,0.0,0.01427152007818222,0.0,0.0,0.0,0.0,0.0,0.002047391142696142,0.004094782285392284,0.0017463041003793478,0.0,0.0,0.0082798907533288,0.0,0.0,0.0,0.0,0.016379129141569138,0.0,0.0,0.0,0.0,0.0,0.0,0.0,0.0,0.0,0.0,0.0,0.0,0.0,0.0,0.0,0.026074128225445747,0.0,0.0019871736876666546,0.0,0.0,0.0,0.0,0.0,0.0,0.0,0.0,0.0,0.0,0.0,0.0,0.0,0.00045163038885220885,0.0,0.0,0.0,0.0,0.0,0.0,0.0,0.0,0.0,0.0,0.0,0.0,0.0006924999179318547,0.0,0.0013548911083489656,0.0,0.0,0.0,0.0,0.001686086761765182,0.0,0.0,0.0,0.0,0.0,0.0,0.0,0.0,0.0,0.00015054346295073628,0.0,0.0,0.0,0.0,0.0,0.0,0.0,0.0,0.0,0.0,0.0,0.0,0.0,0.0,0.0,0.0,0.0,0.0
1780146610278467651,33139,1,0.03621111065149307,0.0009052777895703912,0.21998250484466553,0.017502035945653915,0.016294999048113823,0.007212046068161726,0.0,0.0,0.007845740765333176,0.011466851457953453,0.027158332988619804,0.0,0.0,0.0,0.0,0.00512990728020668,0.0,0.007242222316563129,0.004526388831436634,0.0003017592534888536,0.007845740765333176,0.0018105555791407824,0.0036211111582815647,0.0,0.0018105555791407824,0.003922870382666588,0.0,0.0,0.02534777671098709,0.005431666504591703,0.0,0.004526388831436634,0.006336944177746773,0.0003017592534888536,0.0012070370139554143,0.0013579166261479259,0.0,0.0,0.0,0.0,0.0,0.0012070370139554143,0.0012070370139554143,0.0,0.0,0.0,0.0,0.014484444633126259,0.0,0.0,0.0018105555791407824,0.0,0.007242222316563129,0.2045927792787552,0.0,0.0,0.0,0.03470231592655182,0.0,0.0,0.0,0.0,0.0036211111582815647,0.0,0.0,0.0,0.0,0.0004526388947851956,0.02389933355152607,0.0,0.0,0.0,0.004194453824311495,0.011285795830190182,0.008690666407346725,0.0,0.0,0.020610157400369644,0.0,0.0,0.007332750130444765,0.0022330184001475573,0.000331935181748122,0.0017200277652591467,0.0,0.002263194415718317,0.0,0.0017803795635700226,0.0,0.0,0.0017803795635700226,0.0,0.0,0.0015389722539111972,0.0,0.0,0.1220012679696083,0.0,0.0,6.0351852880558e-05,0.0,0.0,0.0,0.0,0.0,0.0,0.0001508796267444268,0.001599324052222073,0.0003017592534888536,0.000482814823044464,0.0,0.0,0.0007543981191702187,0.0014182685408741236,0.0,0.0,0.0,0.0016898518661037087,0.0021123148035258055,0.0,3.0175926440279e-05,0.0,0.0,3.0175926440279e-05,0.0,0.0,0.0007845740765333176,0.0,0.0,0.0,0.000331935181748122,0.0,0.0,0.0,0.0,0.0,0.0,0.0,0.0005431666504591703,0.0,0.0,0.00129756482783705,9.05277775018476e-05,0.0027158332522958517,0.0,0.0,0.0,0.0,0.0,3.0175926440279e-05,0.0,0.0005129907513037324,0.0,0.0,0.0,0.0,0.0,0.0,0.0,0.0,0.0,0.0,0.0,0.0003017592534888536,0.0,0.0,0.0,0.0,0.0,0.0,0.0,0.0001508796267444268,0.0,9.05277775018476e-05,0.0,0.000120703705761116,0.000120703705761116,0.0003017592534888536,0.0,0.0,0.0,0.0,0.0001508796267444268,0.0,0.000663870363496244,0.0,0.0,0.0001508796267444268,0.0006940462626516819,0.0,0.0,0.0,0.0,0.0,0.0,9.05277775018476e-05,0.0,0.0,0.0,0.0,0.0,0.0,0.0001810555550036952,0.0,0.0,0.0,0.0,0.0,0.0,0.0001508796267444268,0.0005733426078222692,0.0,0.0,0.000120703705761116,0.000241407411522232,0.0001810555550036952,0.0001810555550036952,0.0,0.0,0.0,0.000965629646088928,0.0,0.0,0.0,0.0,0.0001810555550036952,0.0,0.0016596759669482708,0.0,0.0,0.013156703673303127,0.0,0.0,0.0,0.0,0.0,0.00202178698964417,0.003832342568784952,0.001629499951377511,3.0175926440279e-05,0.0,0.007393101695924997,0.0,0.0,0.0,0.0,0.015118138864636421,0.0,0.0,0.0,0.0,0.0,0.0,0.0,0.0,0.0,0.0,0.0,0.0,0.0,0.0,0.0,0.026373758912086487,0.0,0.0017803795635700226,0.0,0.0,0.0,3.0175926440279e-05,0.0,0.0,0.0,0.0,0.0,0.0,0.0,0.0,0.0,0.000331935181748122,0.0,0.0,0.0,0.0,0.0,0.0,0.0,0.0,0.0,0.0,0.0,0.0,0.0006940462626516819,0.0,0.00129756482783705,0.0,0.0,0.0,0.0,0.001599324052222073,0.0,0.0,0.0,0.0,0.0,0.0,0.0,0.0,0.0,6.0351852880558e-05,0.0,0.0,0.0,0.0,0.0,0.0,0.0,0.0,0.0,0.0,0.0,0.0,0.0,0.0,0.0,0.0,0.0,0.0
1780146615278467651,33191,1,0.036154378205537796,0.0009038595017045736,0.21963785588741302,0.017474615946412086,0.016269471496343613,0.008767437189817429,0.0,0.0,0.0078334491699934,0.011448887176811695,0.02711578458547592,0.0,0.0,0.0,0.0,0.005121870432049036,0.0,0.007230876013636589,0.0045192972756922245,0.0003012864908669144,0.0078334491699934,0.0018077190034091473,0.0036154380068182945,0.0,0.0018077190034091473,0.0039167245849967,0.0,0.0,0.025308065116405487,0.005423157010227442,0.0,0.0045192972756922245,0.006327016279101372,0.0003012864908669144,0.0012051459634676576,0.0013557892525568604,0.0,0.0,0.0,0.0,0.0,0.0012051459634676576,0.0012051459634676576,0.0,0.0,0.0,0.0,0.014461752027273178,0.0,0.0,0.0018077190034091473,0.0,0.007230876013636589,0.20427224040031433,0.0,0.0,0.0,0.03464794531464577,0.0,0.0,0.0,0.0,0.0036154380068182945,0.0,0.0,0.0,0.0,0.0004519297508522868,0.02440420538187027,0.0,0.0,0.0,0.004187882412225008,0.011328372173011303,0.008827694691717625,0.0,0.0,0.021572113037109375,0.0,0.0,0.007230876013636589,0.00219939136877656,0.00036154378904029727,0.0016269470797851682,0.0,0.00219939136877656,0.0,0.001747461617924273,0.0,0.0,0.0017775902524590492,0.0,0.0,0.0013256606180220842,0.0,0.0,0.12178000062704086,0.0,0.0,3.012864908669144e-05,0.0,0.0,0.0,0.0,0.0,0.0,0.00012051459634676576,0.001596818445250392,0.00033141515450552106,0.00039167245267890394,0.0,0.0,0.0007532162126153708,0.0015064324252307415,0.0,0.0,0.0,0.0016570757143199444,0.0020186195615679026,0.0,0.0,0.0,0.0,0.0,0.0,0.0,0.0008134735398925841,0.0,0.0,0.0,0.0004519297508522868,0.0,0.0,0.0,0.0,0.0,0.0,0.0,0.0006929589435458183,0.0,0.0,0.0012051459634676576,0.00018077189452014863,0.002681449754163623,0.0,0.0,0.0,3.012864908669144e-05,0.0,6.025729817338288e-05,0.0,0.0008737308089621365,0.0,0.0,0.0,0.0,0.0,0.0,0.0,0.0,0.0,0.0,0.0,0.0003012864908669144,0.0,0.0,0.0,0.0,0.0,0.0,0.0,0.0001506432454334572,0.0,0.00018077189452014863,0.0,0.0001506432454334572,0.0001506432454334572,0.0003012864908669144,0.0,0.0,0.0,0.0,0.00036154378904029727,0.0,0.0006628303090110421,0.0,0.0,0.0001506432454334572,0.0007532162126153708,0.0,0.0,0.0,0.0,0.0,0.0,9.038594726007432e-05,0.0,0.0,0.0,0.0,0.0,0.0,0.000482058385387063,0.0,0.0,0.0,0.0,0.0,0.0,3.012864908669144e-05,0.000632701616268605,0.0,0.0,6.025729817338288e-05,0.0001506432454334572,0.0002410291926935315,0.00018077189452014863,0.0,0.0,0.0,0.0009942454053089023,0.0,0.0,0.0,0.0,9.038594726007432e-05,0.0,0.0016269470797851682,0.0,0.0,0.013708535581827164,0.0,0.0,0.0,0.0,0.0,0.002048748079687357,0.003976981621235609,0.0016269470797851682,3.012864908669144e-05,0.0,0.007291133049875498,0.0,0.0,0.0,0.0,0.016239341348409653,0.0,0.0,0.0,0.0,0.0,0.0,0.0,0.0,0.0,0.0,0.0,0.0,0.0,0.0,0.0,0.0259106382727623,0.0,0.001928233541548252,0.0,0.0,0.0,0.0,0.0,0.0,0.0,0.0,0.0,0.0,0.0,0.0,0.0,0.0004519297508522868,0.0,0.0,0.0,0.0,0.0,0.0,0.0,0.0,0.0,0.0,0.0,0.0,0.0007532162126153708,0.0,0.0013557892525568604,0.0,0.0,0.0,0.0,0.0014763037906959653,0.0,0.0,0.0,0.0,0.0,0.0,0.0,0.0,0.0,6.025729817338288e-05,0.0,0.0,0.0,0.0,0.0,0.0,0.0,0.0,0.0,0.0,0.0,0.0,0.0,0.0,0.0,0.0,0.0,0.0
1780146620278467651,26590,1,0.03610379993915558,0.0009025949402712286,0.2193305790424347,0.01745016872882843,0.01624670997262001,0.01015419326722622,0.0,0.0,0.007822489365935326,0.011432869359850883,0.027077848091721535,0.0,0.0,0.0,0.0,0.0051147048361599445,0.0,0.007220759522169828,0.004512974992394447,0.0003008649800904095,0.007822489365935326,0.001805189880542457,0.003610379761084914,0.0,0.001805189880542457,0.003911244682967663,0.0,0.0,0.025272658094763756,0.005415569990873337,0.0,0.004512974992394447,0.006318164523690939,0.0003008649800904095,0.001203459920361638,0.0013538924977183342,0.0,0.0,0.0,0.0,0.0,0.001203459920361638,0.001203459920361638,0.0,0.0,0.0,0.0,0.014441519044339657,0.0,0.0,0.001805189880542457,0.0,0.007220759522169828,0.20398646593093872,0.0,0.0,0.0,0.03459947183728218,0.0,0.0,0.0,0.0,0.003610379761084914,0.0,0.0,0.0,0.0,0.0004512974701356143,0.02459571324288845,0.0,0.0,0.0,0.00417450163513422,0.01177134271711111,0.008725084364414215,0.0,0.0,0.02154945395886898,0.0,0.0,0.007408800069242716,0.0020684467162936926,0.00033847312442958355,0.0016171493334695697,0.0,0.0020684467162936926,0.0,0.0016171493334695697,0.0,0.0,0.001767581794410944,0.0,0.0,0.0015419330447912216,0.0,0.0,0.12181270867586136,0.0,0.0,0.0,0.0,0.0,0.0,0.0,0.0,0.0,0.00015043249004520476,0.0015795411309227347,0.0005265137297101319,0.0005265137297101319,0.0,0.0,0.0007521624793298542,0.0015043249586597085,0.0,0.0,0.0,0.0017299737082794309,0.0019932305440306664,0.0,0.0,0.0,0.0,0.0,0.0,0.0,0.0007897705654613674,0.0,0.0,0.0,0.0004136893549002707,0.0,0.0,0.0,0.0,0.0,0.0,0.0,0.0006393381045199931,0.0,0.0,0.0012786762090399861,0.00022564873506780714,0.0027077849954366684,0.0,0.0,0.0,3.760812251130119e-05,0.0,7.521624502260238e-05,0.0,0.0008273787098005414,0.0,0.0,0.0,0.0,0.0,0.0,0.0,0.0,0.0,0.0,0.0,0.0003008649800904095,0.0,0.0,0.0,0.0,0.0,0.0,0.0,0.00015043249004520476,0.0,7.521624502260238e-05,0.0,0.00018804061983246356,0.00022564873506780714,0.0003008649800904095,0.0,0.0,0.0,0.0,0.00015043249004520476,0.0,0.0005641218740493059,0.0,0.0,0.00015043249004520476,0.0007897705654613674,0.0,0.0,0.0,0.0,0.0,0.0,0.0,0.0,0.0,0.0,0.0,0.0,0.0,0.0003008649800904095,0.0,0.0,0.0,0.0,0.0,0.0,0.00015043249004520476,0.0009778111707419157,0.0,0.0,0.00015043249004520476,0.0003008649800904095,0.00026325686485506594,0.0003760812396649271,0.0,0.0,0.0,0.0010154193732887506,0.0,0.0,0.0,0.0,0.0,0.0,0.0016171493334695697,0.0,0.0,0.014065437950193882,0.0,0.0,0.0,0.0,0.0,0.0019932305440306664,0.004024069290608168,0.0016547574196010828,0.0,0.0,0.007860098034143448,0.0,0.0,0.0,0.0,0.016171492636203766,0.0,0.0,0.0,0.0,0.0,0.0,0.0,0.0,0.0,0.0,0.0,0.0,0.0,0.0,0.0,0.026024822145700455,0.0,0.0019556223414838314,0.0,0.0,0.0,0.0,0.0,0.0,0.0,0.0,0.0,0.0,0.0,0.0,0.0,0.0004136893549002707,0.0,0.0,0.0,0.0,0.0,0.0,0.0,0.0,0.0,0.0,0.0,0.0,0.0007521624793298542,0.0,0.0013538924977183342,0.0,0.0,0.0,0.0,0.0015043249586597085,0.0,0.0,0.0,0.0,0.0,0.0,0.0,0.0,0.0,0.00015043249004520476,0.0,0.0,0.0,3.760812251130119e-05,0.0,0.0,0.0,0.0,0.0,0.0,0.0,0.0,0.0,0.0,0.0,0.0,0.0,0.0
1780146625278467651,33179,1,0.0361674539744854,0.0009041863959282637,0.21971729397773743,0.017480935901403427,0.016275355592370033,0.008408932946622372,0.0,0.0,0.00783628225326538,0.011453027836978436,0.027125591412186623,0.0,0.0,0.0,0.0,0.005123722832649946,0.0,0.007233491167426109,0.004520931746810675,0.0003013954556081444,0.00783628225326538,0.0018083727918565273,0.0036167455837130547,0.0,0.0018083727918565273,0.00391814112663269,0.0,0.0,0.025317218154668808,0.005425118375569582,0.0,0.004520931746810675,0.006329304538667202,0.0003013954556081444,0.0012055818224325776,0.0013562795938923955,0.0,0.0,0.0,0.0,0.0,0.0012055818224325776,0.0012055818224325776,0.0,0.0,0.0,0.0,0.014466982334852219,0.0,0.0,0.0018083727918565273,0.0,0.007233491167426109,0.20434612035751343,0.0,0.0,0.0,0.03466047719120979,0.0,0.0,0.0,0.0,0.0036167455837130547,0.0,0.0,0.0,0.0,0.00045209319796413183,0.024202056229114532,0.0,0.0,0.0,0.004219536669552326,0.011453027836978436,0.008680189028382301,0.0,0.0,0.021429216489195824,0.0,0.0,0.007444467861205339,0.002049489179626107,0.0003616745525505394,0.0017179541755467653,0.0,0.0019892100244760513,0.0,0.0017480936367064714,0.0,9.041863813763484e-05,0.0018686518305912614,0.0,0.0,0.0014768377877771854,0.0,0.0,0.12176376581192017,0.0,0.0,0.0,0.0,0.0,0.0,0.0,0.0,0.0,0.00012055818660883233,0.0015069772489368916,0.00042195364949293435,0.0005123722949065268,0.0,0.0,0.0007534886244684458,0.0015371168265119195,6.0279093304416165e-05,0.0,0.0,0.0018083727918565273,0.0021700472570955753,0.0,0.0,0.0,0.0,0.0,0.0,0.0,0.0007836282020434737,0.0,0.0,0.0,0.00039181410102173686,0.0,0.0,0.0,0.0,0.0,0.0,0.0,0.0006027909112162888,0.0,0.0,0.0015672564040869474,0.0001808372762752697,0.0026824194937944412,0.0,0.0,0.0,3.0139546652208082e-05,0.0,0.0,0.0,0.0008439072989858687,0.0,0.0,0.0,0.0,0.0,0.0,0.0,0.0,0.0,0.0,0.0,0.0003013954556081444,0.0,0.0,0.0,0.0,0.0,0.0,0.0,0.00012055818660883233,0.0,0.00024111637321766466,0.0,0.0002712559071369469,0.00024111637321766466,0.0003013954556081444,0.0,0.0,0.0,0.0,0.00024111637321766466,0.0,0.0006329304887913167,0.0,0.0,0.0001506977278040722,0.0006329304887913167,0.0,0.0,0.0,0.0,0.0,0.0,9.041863813763484e-05,0.0,0.0,0.0,3.0139546652208082e-05,0.0,0.0,0.0003616745525505394,0.0,0.0,0.0,0.0,0.0,0.0,0.00012055818660883233,0.0005726513918489218,0.0,0.0,3.0139546652208082e-05,0.0001506977278040722,0.0001808372762752697,0.00012055818660883233,0.0,0.0,0.0,0.0009644654928706586,0.0,0.0,0.0,0.0,0.0,0.0,0.0017179541755467653,0.0,0.0,0.01365321408957243,0.0,0.0,0.0,0.0,6.0279093304416165e-05,0.0019289309857413173,0.0038880014326423407,0.0016576750203967094,0.0,0.0,0.0076554445549845695,0.0,0.0,0.0,0.0,0.016034238040447235,0.0,0.0,0.0,0.0,0.0,0.0,0.0,0.0,0.0,0.0,0.0,0.0,0.0,0.0,0.0,0.026281684637069702,6.0279093304416165e-05,0.0018987914081662893,0.0,0.0,0.0,0.0,0.0,0.0,0.0,0.0,0.0,0.0,0.0,0.0,0.0,0.00039181410102173686,0.0,0.0,0.0,0.0,0.0,0.0,0.0,0.0,0.0,0.0,0.0,0.0,0.0007233491051010787,0.0,0.0013261400163173676,0.0,0.0,0.0,0.0,0.0015069772489368916,0.0,0.0,0.0,0.0,0.0,0.0,0.0,0.0,0.0,0.00012055818660883233,0.0,0.0,0.0,0.0,0.0,0.0,0.0,0.0,0.0,0.0,0.0,0.0,0.0,0.0,0.0,0.0,0.0,0.0
