window_start_ns,total_events,label,sc_mmap,sc_clock_gettime,sc_close,sc_read,sc_mprotect,sc_switch,sc_open,sc_fstat,sc_access,sc_brk,sc_rt_sigaction,sc_futex,sc_times,sc_stat,sc_lstat,sc_munmap,sc_dup,sc_arch_prctl,sc_execve,sc_gettimeofday,sc_write,sc_procexit,sc_geteuid,sc_getppid,sc_exit_group,sc_getpid,sc_epoll_ctl,sc_epoll_wait,sc_rt_sigprocmask,sc_clone,sc_setsid,sc_ioctl,sc_wait4,sc_uname,sc_statfs,sc_signaldeliver,sc_chdir,sc_sigreturn,sc_recvfrom,sc_getpeername,sc_getsockname,sc_socket,sc_connect,sc_setsockopt,sc_sendto,sc_sched_yield,sc_select,sc_pread,sc_io_getevents,sc_getcwd,sc_lseek,sc_gettid,sc_set_robust_list,sc_fcntl,sc_pwrite,sc_getdents,sc_container,sc_openat,sc_sigaltstack,sc_getrlimit,sc_fsync,sc_unlink,sc_set_tid_address,sc_sched_getaffinity,sc_setrlimit,sc_madvise,sc_exit,bg_clock_gettime_clock_gettime,bg_mmap_mmap,bg_fstat_mmap,bg_times_times,bg_access_open,bg_mmap_close,bg_mprotect_mprotect,bg_read_read,bg_open_fstat,bg_clock_gettime_futex,bg_rt_sigaction_rt_sigaction,bg_lstat_lstat,bg_futex_switch,bg_brk_brk,bg_mmap_mprotect,bg_close_access,bg_mmap_arch_prctl,bg_mprotect_munmap,bg_mprotect_mmap,bg_read_fstat,bg_mmap_access,bg_open_read,bg_access_mmap,bg_close_mmap,bg_brk_access,bg_arch_prctl_mprotect,bg_execve_brk,bg_switch_clock_gettime,bg_futex_clock_gettime,bg_close_close,bg_rt_sigaction_geteuid,bg_getpid_rt_sigaction,bg_close_munmap,bg_stat_stat,bg_getppid_stat,bg_dup_dup,bg_brk_getppid,bg_geteuid_brk,bg_munmap_getpid,bg_gettimeofday_gettimeofday,bg_exit_group_procexit,bg_switch_read,bg_read_switch,bg_rt_sigaction_read,bg_close_open,bg_mmap_read,bg_read_close,bg_ioctl_rt_sigaction,bg_uname_statfs,bg_fstat_close,bg_close_exit_group,bg_close_rt_sigprocmask,bg_statfs_stat,bg_rt_sigprocmask_execve,bg_dup_setsid,bg_stat_uname,bg_read_clone,bg_signaldeliver_sigreturn,bg_lstat_stat,bg_munmap_close,bg_stat_ioctl,bg_stat_rt_sigaction,bg_dup_close,bg_rt_sigaction_execve,bg_mmap_write,bg_stat_fstat,bg_brk_open,bg_munmap_lstat,bg_sigreturn_write,bg_procexit_signaldeliver,bg_chdir_dup,bg_close_execve,bg_munmap_brk,bg_setsid_close,bg_wait4_switch,bg_write_switch,bg_write_read,bg_switch_open,bg_switch_futex,bg_open_dup,bg_clone_wait4,bg_read_chdir,bg_switch_exit_group,bg_epoll_wait_switch,bg_switch_close,bg_clock_gettime_socket,bg_getsockname_getpeername,bg_epoll_ctl_close,bg_setsockopt_connect,bg_connect_epoll_ctl,bg_socket_setsockopt,bg_futex_futex,bg_getpeername_clock_gettime,bg_procexit_clock_gettime,bg_epoll_ctl_getsockname,bg_recvfrom_switch,bg_clock_gettime_write,bg_read_futex,bg_gettimeofday_sendto,bg_gettimeofday_recvfrom,bg_clock_gettime_gettimeofday,bg_epoll_wait_epoll_wait,bg_switch_recvfrom,bg_switch_epoll_wait,bg_clock_gettime_read,bg_recvfrom_clock_gettime,bg_switch_switch,bg_clock_gettime_epoll_ctl,bg_switch_procexit,bg_exit_group_switch,bg_close_clock_gettime,bg_futex_read,bg_clock_gettime_epoll_wait,bg_read_clock_gettime,bg_clock_gettime_sched_yield,bg_switch_brk,bg_sched_yield_clock_gettime,bg_write_close,bg_sendto_gettimeofday,bg_select_switch,bg_write_clock_gettime,bg_execve_switch,bg_close_futex,bg_switch_gettimeofday,bg_clock_gettime_stat,bg_read_epoll_ctl,bg_sendto_switch,bg_read_exit_group,bg_procexit_read,bg_switch_select,bg_epoll_ctl_switch,bg_switch_chdir,bg_clock_gettime_switch,bg_stat_clock_gettime,bg_switch_getsockname,bg_switch_mprotect,bg_switch_dup,bg_procexit_select,bg_futex_epoll_wait,bg_procexit_futex,bg_epoll_wait_clock_gettime,bg_stat_futex,bg_munmap_switch,bg_close_switch,bg_getpeername_epoll_ctl,bg_open_switch,bg_arch_prctl_switch,bg_switch_mmap,bg_procexit_switch,bg_mmap_switch,tg_times_times_times,tg_clock_gettime_clock_gettime_clock_gettime,tg_open_fstat_mmap,tg_read_read_read,tg_close_access_open,tg_mmap_close_access,tg_fstat_mmap_close,tg_fstat_mmap_mprotect,tg_mmap_mprotect_mmap,tg_read_fstat_mmap,tg_mmap_mmap_arch_prctl,tg_access_open_read,tg_mprotect_mprotect_munmap,tg_mmap_mmap_mmap,tg_lstat_lstat_lstat,tg_open_read_fstat,tg_mmap_access_open,tg_access_open_fstat,tg_access_mmap_access,tg_mprotect_mmap_mmap,tg_mmap_mmap_close,tg_close_mmap_mmap,tg_mmap_close_mmap,tg_brk_access_mmap,tg_mprotect_mprotect_mprotect,tg_mmap_arch_prctl_mprotect,tg_arch_prctl_mprotect_mprotect,tg_execve_brk_access,tg_clock_gettime_futex_switch,tg_rt_sigaction_rt_sigaction_rt_sigaction,tg_getpid_rt_sigaction_geteuid,tg_brk_brk_getppid,tg_getppid_stat_stat,tg_brk_getppid_stat,tg_rt_sigaction_geteuid_brk,tg_geteuid_brk_brk,tg_munmap_getpid_rt_sigaction,tg_mprotect_munmap_getpid,tg_clock_gettime_clock_gettime_futex,tg_futex_clock_gettime_clock_gettime,tg_futex_switch_clock_gettime,tg_switch_clock_gettime_futex,tg_clock_gettime_futex_clock_gettime,tg_gettimeofday_gettimeofday_gettimeofday,tg_rt_sigaction_rt_sigaction_read,tg_close_close_close,tg_ioctl_rt_sigaction_rt_sigaction,tg_close_close_rt_sigprocmask,tg_uname_statfs_stat,tg_fstat_mmap_read,tg_read_close_munmap,tg_close_rt_sigprocmask_execve,tg_rt_sigaction_read_clone,tg_fstat_close_open,tg_stat_uname_statfs,tg_close_munmap_close,tg_dup_dup_setsid,tg_stat_ioctl_rt_sigaction,tg_munmap_close_exit_group,tg_stat_rt_sigaction_rt_sigaction,tg_lstat_lstat_stat,tg_rt_sigaction_rt_sigaction_execve,tg_stat_stat_ioctl,tg_lstat_stat_uname,tg_dup_dup_dup,tg_open_fstat_close,tg_stat_stat_rt_sigaction,tg_fstat_mmap_write,tg_stat_fstat_mmap,tg_statfs_stat_fstat,tg_brk_brk_open,tg_close_munmap_lstat,tg_munmap_lstat_lstat,tg_brk_open_fstat,tg_mmap_read_read,tg_signaldeliver_sigreturn_write,tg_read_read_close,tg_procexit_signaldeliver_sigreturn,tg_close_open_fstat,tg_chdir_dup_dup,tg_dup_close_execve,tg_close_exit_group_procexit,tg_munmap_brk_brk,tg_mprotect_munmap_brk,tg_setsid_close_close,tg_exit_group_procexit_signaldeliver,tg_dup_setsid_close,tg_rt_sigprocmask_execve_brk,tg_open_dup_close,tg_switch_open_dup,tg_close_execve_brk,tg_switch_read_read,tg_read_clone_wait4,tg_wait4_switch_open,tg_rt_sigaction_execve_brk,tg_clone_wait4_switch,tg_read_chdir_dup,tg_read_read_chdir,tg_write_read_switch,tg_read_switch_exit_group,proc_sh,proc_df,proc_user,proc_erl_child_setup,proc_mysqld,proc_mongod,proc_container:011fdbdbf777,proc_container:95cf5d7c594f,proc_container:f8cd5974589d,proc_container:7aeb4e77cfbf
1780276935715121534,32450,0,0.03697996959090233,0.0009244992397725582,0.21787364780902863,0.017873652279376984,0.016640985384583473,0.008936826139688492,0.0,0.0,0.008012326434254646,0.01171032339334488,0.027734976261854172,0.0,0.0,0.0,0.0,0.005238829180598259,0.0,0.007395993918180466,0.004622496198862791,0.0003081664035562426,0.008012326434254646,0.0018489984795451164,0.003697996959090233,0.0,0.0018489984795451164,0.004006163217127323,0.0,0.0,0.02588597871363163,0.005546995438635349,0.0,0.004622496198862791,0.0064714946784079075,0.0003081664035562426,0.0012326656142249703,0.0013867488596588373,0.0,0.0,0.0,0.0,0.0,0.0012326656142249703,0.0012326656142249703,0.0,0.0,0.0,0.0,0.014791987836360931,0.0,0.0,0.0018489984795451164,0.0,0.007395993918180466,0.20154082775115967,0.0,0.0,0.0,0.03482280299067497,0.0,0.0,0.0,0.0,0.003697996959090233,0.0,0.0,0.0,0.0,0.0004622496198862791,0.025485362857580185,0.0,0.0,0.0,0.004160246346145868,0.012203389778733253,0.00890600960701704,0.0,0.0,0.022095531225204468,0.0,0.0,0.007519260514527559,0.002126348204910755,0.0003081664035562426,0.0018489984795451164,0.0,0.0021571649704128504,0.0,0.0017873651813715696,0.0,0.0,0.001818181830458343,0.0,3.081664181081578e-05,0.0015408321050927043,0.0,0.0,0.1219414472579956,0.0,0.0,3.081664181081578e-05,0.0,0.0,0.0,0.0,0.0,0.0,0.0001540832017781213,0.0016949152341112494,0.0004314329707995057,0.0005546995089389384,0.0,0.0,0.0008012326434254646,0.0015716486377641559,0.0,0.0,0.0,0.001818181830458343,0.002033898374065757,0.0,0.0,0.0,0.0,0.0,0.0,0.0,0.0008012326434254646,0.0,0.0,0.0,0.0004622496198862791,0.0,0.0,0.0,0.0,0.0,0.0,0.0,0.0006163328071124852,0.0,0.0,0.0016332819359377027,0.00012326656724326313,0.0027734977193176746,0.0,0.0,0.0,6.163328362163156e-05,0.0,3.081664181081578e-05,0.0,0.0007395994034595788,0.0,0.0,0.0,0.0,0.0,0.0,0.0,0.0,0.0,0.0,0.0,0.0003081664035562426,0.0,0.0,0.0,0.0,0.0,0.0,0.0,0.0001540832017781213,0.0,0.0004314329707995057,0.0,0.00012326656724326313,0.00012326656724326313,0.0003081664035562426,0.0,0.0,0.0,0.0,0.00024653313448652625,0.0,0.0006471494561992586,0.0,0.0,0.0001540832017781213,0.0007704160525463521,0.0,0.0,0.0,0.0,0.0,0.0,0.00012326656724326313,0.0,0.0,0.0,0.0,0.0,0.0,0.000338983052643016,0.0,0.0,0.0,0.0,0.0,0.0,9.244992543244734e-05,0.0004930662689730525,0.0,0.0,3.081664181081578e-05,0.00021571648539975286,0.00021571648539975286,0.00024653313448652625,0.0,0.0,0.0,0.0010169491870328784,0.0,0.0,0.0,0.0,0.0,0.0,0.0018489984795451164,0.0,0.0,0.014607087709009647,0.0,0.0,0.0,0.0,0.0,0.0020955316722393036,0.004067796748131514,0.0017873651813715696,0.0,0.0,0.008104776963591576,0.0,0.0,0.0,0.0,0.016733435913920403,0.0,0.0,0.0,0.0,0.0,0.0,0.0,0.0,0.0,0.0,0.0,0.0,0.0,0.0,0.0,0.026379045099020004,0.0,0.002033898374065757,0.0,0.0,0.0,0.0,0.0,0.0,0.0,3.081664181081578e-05,0.0,0.0,0.0,0.0,0.0,0.0004622496198862791,0.0,0.0,0.0,0.0,0.0,0.0,0.0,0.0,0.0,0.0,0.0,0.0,0.0007087827543728054,0.0,0.0013867488596588373,0.0,0.0,0.0,0.0,0.001664098585024476,0.0,0.0,0.0,0.0,0.0,0.0,0.0,0.0,0.0,9.244992543244734e-05,0.0,0.0,0.0,6.163328362163156e-05,0.0,0.0,0.0,0.0,0.0,0.0,0.0,0.0,0.0,0.0,0.0,0.0,0.0,0.0
1780276940715121534,32377,0,0.0370633490383625,0.0009265837143175304,0.2183648943901062,0.017913950607180595,0.01667850650846958,0.006702288519591093,0.0,0.0,0.008030392229557037,0.011736726388335228,0.027797510847449303,0.0,0.0,0.0,0.0,0.00525064067915082,0.0,0.007412669714540243,0.004632918629795313,0.00030886122840456665,0.008030392229557037,0.0018531674286350608,0.0037063348572701216,0.0,0.0018531674286350608,0.004015196114778519,0.0,0.0,0.025944342836737633,0.0055595021694898605,0.0,0.004632918629795313,0.006486085709184408,0.00030886122840456665,0.0012354449136182666,0.0013898755423724651,0.0,0.0,0.0,0.0,0.0,0.0012354449136182666,0.0012354449136182666,0.0,0.0,0.0,0.0,0.014825339429080486,0.0,0.0,0.0018531674286350608,0.0,0.007412669714540243,0.20199523866176605,0.0,0.0,0.0,0.034901317209005356,0.0,0.0,0.0,0.0,0.0037063348572701216,0.0,0.0,0.0,0.0,0.0004632918571587652,0.024523582309484482,0.0,0.0,0.0,0.004478487651795149,0.011705840937793255,0.00877165887504816,0.0,0.0,0.022052692249417305,0.0,0.0,0.007474441546946764,0.002131142420694232,0.000277975108474493,0.0018222812796011567,6.177224713610485e-05,0.002162028569728136,0.0,0.0017605089815333486,0.0,9.265836706617847e-05,0.0019767119083553553,3.0886123568052426e-05,0.0,0.0015134200220927596,0.0,0.0,0.12122803181409836,0.0,0.0,6.177224713610485e-05,0.0,0.0,0.0,0.0,0.0,0.0,0.00015443061420228332,0.0016987367998808622,0.0004015195881947875,0.0003706334682647139,3.0886123568052426e-05,0.0,0.0008339253254234791,0.001636964501813054,0.0,0.0,0.0,0.0018222812796011567,0.002131142420694232,0.0,0.0,0.0,0.0,0.0,0.0,0.0,0.000803039176389575,0.0,0.0,0.0,0.0004632918571587652,0.0,0.0,0.0,0.0,0.0,0.0,0.0,0.0006794946966692805,0.0,0.0,0.0014825338730588555,0.0001235444942722097,0.0027797510847449303,0.0,0.0,0.0,0.0,0.0,0.0,0.0,0.0004632918571587652,0.0,0.0,0.0,0.0,0.0,0.0,0.0,0.0,0.0,0.0,0.0,0.00030886122840456665,0.0,0.0,0.0,0.0,0.0,0.0,0.0,0.00015443061420228332,0.0,0.00021620285406243056,0.0,6.177224713610485e-05,6.177224713610485e-05,0.00030886122840456665,0.0,0.0,0.0,0.0,0.00018531673413235694,0.0,0.0006794946966692805,0.0,0.0,0.00015443061420228332,0.0007721530855633318,0.0,0.0,0.0,0.0,0.0,0.0,9.265836706617847e-05,0.0,0.0,0.0,0.0,0.0,0.0,0.00015443061420228332,0.0,0.0,0.0,0.0,0.0,0.0,3.0886123568052426e-05,0.0003706334682647139,0.0,0.0,0.0001235444942722097,0.00021620285406243056,0.00018531673413235694,9.265836706617847e-05,0.0,0.0,0.0,0.0008956975652836263,0.0,0.0,0.0,0.0,9.265836706617847e-05,0.0,0.0017296228324994445,0.0,0.0,0.013682552613317966,0.0,0.0,0.0,0.0,3.0886123568052426e-05,0.0020075980573892593,0.004015196114778519,0.0016987367998808622,0.0001235444942722097,0.0,0.007721530739217997,0.0,0.0,0.0,0.0,0.01658584736287594,0.0,0.0,0.0,0.0,0.0,0.0,0.0,0.0,0.0,0.0,0.0,0.0,0.0,0.0,3.0886123568052426e-05,0.026037001982331276,0.0,0.002069370122626424,0.0,0.0,0.0,0.0,0.0,0.0,0.0,0.0,0.0,0.0,0.0,0.0,0.0,0.0004632918571587652,0.0,0.0,0.0,0.0,0.0,0.0,0.0,0.0,0.0,0.0,0.0,0.0,0.0007721530855633318,0.0,0.001358989393338561,0.0,0.0,0.0,0.0,0.0016987367998808622,0.0,0.0,0.0,0.0,0.0,0.0,0.0,0.0,0.0,0.0001235444942722097,0.0,0.0,0.0,0.0,0.0,0.0,0.0,0.0,0.0,0.0,0.0,0.0,0.0,0.0,0.0,0.0,0.0,0.0
1780276945715121534,32490,0,0.036934442818164825,0.0009233610471710563,0.21760541200637817,0.01785164698958397,0.016620498150587082,0.010156971402466297,0.0,0.0,0.00800246186554432,0.011695906519889832,0.02770083025097847,0.0,0.0,0.0,0.0,0.0052323793061077595,0.0,0.00738688837736845,0.004616805352270603,0.0003077870060224086,0.00800246186554432,0.0018467220943421125,0.003693444188684225,0.0,0.0018467220943421125,0.00400123093277216,0.0,0.0,0.02585410885512829,0.005540166050195694,0.0,0.004616805352270603,0.006463527213782072,0.0003077870060224086,0.0012311480240896344,0.0013850415125489235,0.0,0.0,0.0,0.0,0.0,0.0012311480240896344,0.0012311480240896344,0.0,0.0,0.0,0.0,0.0147737767547369,0.0,0.0,0.0018467220943421125,0.0,0.00738688837736845,0.2012927085161209,0.0,0.0,0.0,0.03477993234992027,0.0,0.0,0.0,0.0,0.003693444188684225,0.0,0.0,0.0,0.0,0.00046168052358552814,0.02474607527256012,0.0,0.0,0.0,0.004247460979968309,0.011788242496550083,0.008895044215023518,0.0,0.0,0.022037550806999207,0.0,0.0,0.007479224354028702,0.0022160664666444063,0.0003077870060224086,0.001754386001266539,3.077870132983662e-05,0.0021545090712606907,0.0,0.0016620499081909657,0.0,0.0,0.001939058187417686,3.077870132983662e-05,0.0,0.0013542628148570657,0.0,0.0,0.12166820466518402,0.0,3.077870132983662e-05,3.077870132983662e-05,0.0,0.0,0.0,0.0,0.0,0.0,0.0001538935030112043,0.0015081563033163548,0.000492459221277386,0.0006771314074285328,0.0,0.0,0.0008310249540954828,0.0015389350010082126,0.0,0.0,0.0,0.001785164698958397,0.0018775007920339704,0.0,0.0,0.0,0.0,0.0,0.0,0.0,0.0007694675005041063,0.0,0.0,0.0,0.00046168052358552814,0.0,0.0,0.0,0.0,0.0,0.0,0.0,0.0005847953143529594,0.0,0.0,0.0015389350010082126,0.0001538935030112043,0.002770083025097847,0.0,0.0,0.0,3.077870132983662e-05,0.0,6.155740265967324e-05,0.0,0.0007694675005041063,0.0,0.0,0.0,0.0,0.0,0.0,0.0,0.0,0.0,0.0,0.0,0.0003077870060224086,0.0,0.0,0.0,0.0,0.0,0.0,0.0,0.0001538935030112043,0.0,0.0005540166166611016,0.0,0.0003385657037142664,0.0003385657037142664,0.0003077870060224086,0.0,0.0,0.0,0.0,0.0004001231282018125,0.0,0.000646352709736675,0.0,0.0,0.0001538935030112043,0.0009541397448629141,0.0,0.0,0.0,0.0,0.0,0.0,0.0001231148053193465,0.0,0.0,0.0,0.0,0.0,0.0,0.0006155740120448172,0.0,0.0,0.0,0.0,0.0,0.0,0.0001538935030112043,0.0005232379189692438,0.0,0.0,3.077870132983662e-05,0.00018467220070306212,0.0002770083083305508,0.00021545091294683516,0.0,0.0,0.0,0.000984918442554772,0.0,0.0,0.0,0.0,6.155740265967324e-05,0.0,0.001754386001266539,0.0,0.0,0.013665743172168732,0.0,0.0,0.0,0.0,0.0,0.0020313942804932594,0.004032009746879339,0.001754386001266539,0.0001231148053193465,0.0,0.007663896773010492,0.0,0.0,0.0,0.0,0.016712835058569908,0.0,0.0,0.0,0.0,0.0,0.0,0.0,0.0,0.0,0.0,0.0,0.0,0.0,0.0,0.0,0.026531239971518517,0.0,0.0018775007920339704,0.0,0.0,0.0,0.0,0.0,0.0,0.0,0.0,0.0,0.0,0.0,0.0,0.0,0.00046168052358552814,0.0,0.0,0.0,0.0,0.0,0.0,0.0,0.0,0.0,0.0,0.0,0.0,0.0007694675005041063,0.0,0.0013542628148570657,0.0,0.0,0.0,0.0,0.0014465989079326391,0.0,0.0,0.0,0.0,0.0,0.0,0.0,0.0,0.0,0.0001538935030112043,0.0,0.0,0.0,3.077870132983662e-05,0.0,0.0,3.077870132983662e-05,3.077870132983662e-05,0.0,0.0,0.0,0.0,0.0,0.0,0.0,0.0,0.0,0.0
1780276950715121534,32442,0,0.03698908910155296,0.0009247271809726954,0.21792738139629364,0.017878059297800064,0.01664508879184723,0.008692435920238495,0.0,0.0,0.00801430270075798,0.011713211424648762,0.027741815894842148,0.0,0.0,0.0,0.0,0.005240120925009251,0.0,0.007397817447781563,0.00462363613769412,0.0003082423936575651,0.00801430270075798,0.0018494543619453907,0.0036989087238907814,0.0,0.0018494543619453907,0.00400715135037899,0.0,0.0,0.025892361998558044,0.005548363085836172,0.0,0.00462363613769412,0.006473090499639511,0.0003082423936575651,0.0012329695746302605,0.001387090771459043,0.0,0.0,0.0,0.0,0.0,0.0012329695746302605,0.0012329695746302605,0.0,0.0,0.0,0.0,0.014795634895563126,0.0,0.0,0.0018494543619453907,0.0,0.007397817447781563,0.20159053802490234,0.0,0.0,0.0,0.03483138978481293,0.0,0.0,0.0,0.0,0.0036989087238907814,0.0,0.0,0.0,0.0,0.0004623635904863477,0.024351149797439575,0.0,0.0,0.0,0.00400715135037899,0.011312495917081833,0.00887738075107336,0.0,0.0,0.021792737767100334,0.0,0.0,0.0073361690156161785,0.002188520971685648,0.00043153937440365553,0.0017261574976146221,0.0,0.002188520971685648,0.0,0.0017878059297800064,0.0,0.00015412119682878256,0.0018494543619453907,0.0,6.164848309708759e-05,0.001417915103957057,0.0,0.0,0.12076937407255173,0.0,0.0,3.0824241548543796e-05,0.0,0.0,0.0,0.0,0.0,3.0824241548543796e-05,0.00015412119682878256,0.0016028605168685317,0.0004007151292171329,0.0004007151292171329,0.0,0.0,0.0007706059841439128,0.001664508949033916,0.0,0.0,0.0,0.0018494543619453907,0.0020652241073548794,0.0,0.0,0.0,0.0,0.0,0.0,0.0,0.0008014302584342659,0.0,0.0,0.0,0.00043153937440365553,0.0,0.0,0.0,0.0,0.0,0.0,0.0,0.0005856605712324381,0.0,0.0,0.0014795635361224413,0.00015412119682878256,0.002774181542918086,0.0,0.0,0.0,3.0824241548543796e-05,0.0,0.0,0.0,0.0006781332776881754,0.0,0.0,0.0,0.0,0.0,0.0,0.0,0.0,0.0,0.0,0.0,0.0003082423936575651,0.0,0.0,0.0,0.0,0.0,0.0,0.0,0.00015412119682878256,0.0,0.00024659393238835037,0.0,0.00015412119682878256,0.00015412119682878256,0.0003082423936575651,0.0,0.0,0.0,0.0,0.0003698908840306103,0.0,0.0006473090616054833,0.0,0.0,0.00015412119682878256,0.0006781332776881754,0.0,0.0,0.0,0.0,0.0,0.0,6.164848309708759e-05,0.0,0.0,0.0,0.0,0.0,0.0,0.0003082423936575651,0.0,0.0,0.0,0.0,0.0,0.0,0.0,0.0003698908840306103,0.0,0.0,9.247272100765258e-05,0.0003082423936575651,0.0003390666388440877,0.00024659393238835037,0.0,0.0,0.0,0.001078848377801478,0.0,0.0,0.0,0.0,0.00012329696619417518,0.0,0.0016953331651166081,0.0,0.0,0.013685962185263634,0.0,0.0,0.0,0.0,6.164848309708759e-05,0.002003575675189495,0.0038222058210521936,0.0015720363007858396,0.0,0.0,0.007366993464529514,0.0,0.0,0.0,0.0,0.016367672011256218,0.0,0.0,0.0,0.0,0.0,0.0,0.0,0.0,0.0,0.0,0.0,0.0,0.0,0.0,0.0,0.02601565793156624,0.0,0.0019111029105260968,0.0,0.0,0.0,0.0,0.0,0.0,0.0,3.0824241548543796e-05,0.0,0.0,0.0,0.0,0.0,0.00043153937440365553,0.0,0.0,0.0,0.0,0.0,0.0,0.0,0.0,0.0,0.0,0.0,0.0,0.0007397817680612206,0.0,0.001387090771459043,0.0,0.0,0.0,0.0,0.0016028605168685317,0.0,0.0,0.0,0.0,0.0,0.0,0.0,0.0,0.0,0.00012329696619417518,0.0,0.0,0.0,3.0824241548543796e-05,0.0,0.0,0.0,0.0,0.0,0.0,0.0,0.0,0.0,0.0,0.0,0.0,0.0,0.0
1780276955715121534,25960,0,0.03697996959090233,0.0009244992397725582,0.21787364780902863,0.017873652279376984,0.016640985384583473,0.008936826139688492,0.0,0.0,0.008012326434254646,0.01171032339334488,0.027734976261854172,0.0,0.0,0.0,0.0,0.005238829180598259,0.0,0.007395993918180466,0.004622496198862791,0.0003081664035562426,0.008012326434254646,0.0018489984795451164,0.003697996959090233,0.0,0.0018489984795451164,0.004006163217127323,0.0,0.0,0.02588597871363163,0.005546995438635349,0.0,0.004622496198862791,0.0064714946784079075,0.0003081664035562426,0.0012326656142249703,0.0013867488596588373,0.0,0.0,0.0,0.0,0.0,0.0012326656142249703,0.0012326656142249703,0.0,0.0,0.0,0.0,0.014791987836360931,0.0,0.0,0.0018489984795451164,0.0,0.007395993918180466,0.20154082775115967,0.0,0.0,0.0,0.03482280299067497,0.0,0.0,0.0,0.0,0.003697996959090233,0.0,0.0,0.0,0.0,0.0004622496198862791,0.024807395413517952,0.0,0.0,0.0,0.0041217259131371975,0.011941448785364628,0.008859784342348576,0.0,0.0,0.021956857293844223,0.0,0.0,0.007511556148529053,0.002080123173072934,0.0003081664035562426,0.0016949152341112494,0.0,0.002080123173072934,0.0,0.001926040044054389,0.0,0.0001540832017781213,0.0018489984795451164,0.0,0.0,0.0015408321050927043,0.0,0.0,0.12153312563896179,0.0,0.0,3.852080044453032e-05,0.0,0.0,0.0,0.0,0.0,0.0,0.0001540832017781213,0.0016563944518566132,0.0003852080262731761,0.0005007704021409154,0.0,0.0,0.0007704160525463521,0.0015408321050927043,0.0,0.0,0.0,0.0017334360163658857,0.0018875192617997527,0.0,0.0,0.0,0.0,3.852080044453032e-05,0.0,0.0,0.0008089368348009884,0.0,0.0,0.0,0.0004622496198862791,0.0,0.0,0.0,0.0,0.0,0.0,0.0,0.0005778120248578489,0.0,0.0,0.0015023112064227462,0.00019260401313658804,0.0027734977193176746,0.0,0.0,0.0,3.852080044453032e-05,0.0,0.00011556240497156978,0.0,0.0007704160525463521,0.0,0.0,0.0,0.0,0.0,0.0,0.0,0.0,0.0,0.0,0.0,0.0003081664035562426,0.0,0.0,0.0,0.0,0.0,0.0,0.0,0.0001540832017781213,0.0,0.0004622496198862791,0.0,0.00011556240497156978,7.704160088906065e-05,0.0003081664035562426,0.0,0.0,0.0,0.0,0.0002696456213016063,0.0,0.0006163328071124852,0.0,0.0,0.0001540832017781213,0.000731895212084055,0.0,0.0,0.0,0.0,0.0,0.0,0.0001540832017781213,0.0,0.0,0.0,0.0,0.0,0.0,0.0005392912426032126,0.0,0.0,0.0,0.0,0.0,0.0,0.0001540832017781213,0.0009244992397725582,0.0,0.0,0.00011556240497156978,0.00042372880852781236,0.0001540832017781213,0.0003852080262731761,0.0,0.0,0.0,0.0009630200220271945,0.0,0.0,0.0,0.0,0.0,0.0,0.0016563944518566132,0.0,0.0,0.014021571725606918,0.0,0.0,0.0,0.0,3.852080044453032e-05,0.001926040044054389,0.003967642318457365,0.001771956798620522,0.0,0.0,0.007781201973557472,0.0,0.0,0.0,0.0,0.016602465882897377,0.0,0.0,0.0,0.0,0.0,0.0,0.0,0.0,0.0,0.0,0.0,0.0,0.0,0.0,0.0,0.02615562453866005,0.0,0.0018875192617997527,0.0,0.0,0.0,0.0,0.0,0.0,0.0,3.852080044453032e-05,0.0,0.0,0.0,0.0,0.0,0.0004622496198862791,0.0,0.0,0.0,0.0,0.0,0.0,0.0,0.0,0.0,0.0,0.0,0.0,0.000731895212084055,0.0,0.0013867488596588373,0.0,0.0,0.0,0.0,0.0015408321050927043,0.0,0.0,0.0,0.0,0.0,0.0,0.0,0.0,0.0,0.00011556240497156978,0.0,0.0,0.0,3.852080044453032e-05,0.0,0.0,0.0,0.0,0.0,0.0,0.0,0.0,0.0,0.0,0.0,0.0,0.0,0.0
1780276960715121534,32498,0,0.03692534938454628,0.0009231337462551892,0.2175518423318863,0.017847253009676933,0.01661640778183937,0.010400639846920967,0.0,0.0,0.008000492118299007,0.01169302687048912,0.027694011107087135,0.0,0.0,0.0,0.0,0.005231091286987066,0.0,0.0073850699700415134,0.004615668673068285,0.0003077112487517297,0.008000492118299007,0.0018462674925103784,0.0036925349850207567,0.0,0.0018462674925103784,0.004000246059149504,0.0,0.0,0.025847744196653366,0.005538802593946457,0.0,0.004615668673068285,0.0064619360491633415,0.0003077112487517297,0.001230844995006919,0.0013847006484866142,0.0,0.0,0.0,0.0,0.0,0.001230844995006919,0.001230844995006919,0.0,0.0,0.0,0.0,0.014770139940083027,0.0,0.0,0.0018462674925103784,0.0,0.0073850699700415134,0.20124314725399017,0.0,0.0,0.0,0.03477137163281441,0.0,0.0,0.0,0.0,0.0036925349850207567,0.0,0.0,0.0,0.0,0.0004615668731275946,0.024739984422922134,0.0,0.0,0.0,0.004061788320541382,0.011477629654109478,0.008585143834352493,0.0,0.0,0.02181672677397728,0.0,0.0,0.007600467652082443,0.0021847498137503862,0.00040002461173571646,0.001661640708334744,0.0,0.0022155209444463253,0.0,0.0018154963618144393,0.0,3.077112341998145e-05,0.0017847252311185002,3.077112341998145e-05,3.077112341998145e-05,0.0014462427934631705,0.0,0.0,0.12136131525039673,3.077112341998145e-05,0.0,3.077112341998145e-05,0.0,0.0,0.0,0.0,0.0,0.0,0.00015385562437586486,0.001661640708334744,0.0006461936281993985,0.0008000492234714329,6.15422468399629e-05,0.0,0.000830820354167372,0.0015693273162469268,0.0,0.0,0.0,0.0017847252311185002,0.002030894160270691,0.0,0.0,0.0,0.0,0.0,0.0,0.0,0.0008000492234714329,0.0,0.0,0.0,0.0004307957424316555,0.0,0.0,0.0,0.0,0.0,0.0,0.0,0.0005538802361115813,0.0,0.0,0.0014770139241591096,0.00021539787121582776,0.0027386301662772894,0.0,0.0,0.0,3.077112341998145e-05,0.0,3.077112341998145e-05,0.0,0.0011077604722231627,0.0,0.0,0.0,0.0,0.0,0.0,0.0,0.0,0.0,0.0,0.0,0.00027694011805579066,0.0,0.0,0.0,0.0,0.0,0.0,0.0,0.00015385562437586486,0.0,0.00040002461173571646,0.0,0.0001230844936799258,0.0001230844936799258,0.0003077112487517297,0.0,0.0,0.0,0.0,0.0001846267405198887,0.0,0.0006461936281993985,0.0,0.0,0.00015385562437586486,0.0006461936281993985,0.0,0.0,0.0,0.0,0.0,0.0,0.0001230844936799258,0.0,0.0,0.0,3.077112341998145e-05,0.0,0.0,0.0005231091054156423,0.0,0.0,0.0,0.0,0.0,0.0,6.15422468399629e-05,0.0005846513668075204,0.0,0.0,9.231337025994435e-05,0.0002461689873598516,0.0001846267405198887,0.0001846267405198887,0.0,0.0,0.0,0.0009539048769511282,0.0,0.0,0.0,0.0,0.0,0.0,0.001630869577638805,0.0,0.0,0.01366237923502922,0.0,0.0,0.0,0.0,0.0,0.00206166529096663,0.003938703797757626,0.0017539541004225612,6.15422468399629e-05,0.0,0.0072312140837311745,0.0,0.0,0.0,0.0,0.01643178053200245,0.0,0.0,0.0,0.0,0.0,0.0,0.0,0.0,0.0,0.0,0.0,0.0,0.0,0.0,3.077112341998145e-05,0.02615545503795147,0.0,0.001969351898878813,0.0,0.0,0.0,0.0,0.0,0.0,0.0,3.077112341998145e-05,0.0,0.0,0.0,0.0,0.0,0.0004307957424316555,0.0,0.0,0.0,0.0,0.0,0.0,0.0,0.0,0.0,0.0,0.0,0.0,0.0005538802361115813,0.0,0.0013847006484866142,0.0,0.0,0.0,0.0,0.001630869577638805,0.0,0.0,0.0,0.0,0.0,0.0,0.0,0.0,0.0,0.0001230844936799258,0.0,0.0,0.0,3.077112341998145e-05,0.0,0.0,3.077112341998145e-05,0.0,0.0,0.0,0.0,0.0,0.0,0.0,0.0,0.0,0.0,0.0
1780276965715121534,32458,0,0.03697085380554199,0.000924271356780082,0.2178199589252472,0.017869247123599052,0.016636883839964867,0.009181095287203789,0.0,0.0,0.008010352030396461,0.011707437224686146,0.027728140354156494,0.0,0.0,0.0,0.0,0.005237537901848555,0.0,0.007394170854240656,0.004621356725692749,0.0003080904425587505,0.008010352030396461,0.001848542713560164,0.003697085427120328,0.0,0.001848542713560164,0.004005176015198231,0.0,0.0,0.025879599153995514,0.005545628257095814,0.0,0.004621356725692749,0.0064698997884988785,0.0003080904425587505,0.001232361770235002,0.0013864070642739534,0.0,0.0,0.0,0.0,0.0,0.001232361770235002,0.001232361770235002,0.0,0.0,0.0,0.0,0.014788341708481312,0.0,0.0,0.001848542713560164,0.0,0.007394170854240656,0.20149116218090057,0.0,0.0,0.0,0.034814219921827316,0.0,0.0,0.0,0.0,0.003697085427120328,0.0,0.0,0.0,0.0,0.000462135678390041,0.025756362825632095,0.0,0.0,0.0,0.004251648206263781,0.012508472427725792,0.00896543264389038,0.0,0.0,0.022336557507514954,0.0,0.0,0.00767145212739706,0.002156633185222745,0.0003080904425587505,0.001848542713560164,0.0,0.002156633185222745,0.0,0.001848542713560164,0.0,0.0,0.0018177336314693093,0.0,0.0,0.0016020704060792923,0.0,0.0,0.12203463166952133,0.0,0.0,0.0,0.0,0.0,0.0,0.0,0.0,0.0,0.00015404522127937526,0.0016636884538456798,0.0004313266254030168,0.0006469899672083557,0.0,0.0,0.0007702261209487915,0.001540452241897583,0.0,0.0,0.0,0.001848542713560164,0.0020950150210410357,0.0,0.0,0.0,0.0,0.0,0.0,0.0,0.0007702261209487915,0.0,0.0,0.0,0.000462135678390041,0.0,0.0,0.0,0.0,0.0,0.0,0.0,0.000616180885117501,0.0,0.0,0.0018177336314693093,0.00018485427426639944,0.002772814128547907,0.0,0.0,0.0,0.0,0.0,0.0,0.0,0.0006777989910915494,0.0,0.0,0.0,0.0,0.0,0.0,0.0,0.0,0.0,0.0,0.0,0.0003080904425587505,0.0,0.0,0.0,0.0,0.0,0.0,0.0,0.00015404522127937526,0.0,0.0002156633127015084,0.0,0.0001232361828442663,0.0001232361828442663,0.0003080904425587505,0.0,0.0,0.0,0.0,0.0002772814186755568,0.0,0.000616180885117501,0.0,0.0,0.00015404522127937526,0.0008626532508060336,0.0,0.0,0.0,0.0,0.0,0.0,0.00015404522127937526,0.0,0.0,0.0,0.0,0.0,0.0,0.0003697085485327989,0.0,0.0,0.0,0.0,0.0,0.0,0.00015404522127937526,0.000616180885117501,0.0,0.0,0.0001232361828442663,0.0003080904425587505,0.0002156633127015084,0.00018485427426639944,0.0,0.0,0.0,0.001016698544844985,0.0,0.0,0.0,0.0,0.0,0.0,0.001848542713560164,0.0,0.0,0.014541869051754475,0.0,0.0,0.0,0.0,0.0,0.002156633185222745,0.004251648206263781,0.0018177336314693093,0.0,0.0,0.008380060084164143,0.0,0.0,0.0,0.0,0.016944974660873413,0.0,0.0,0.0,0.0,0.0,0.0,0.0,0.0,0.0,0.0,0.0,0.0,0.0,0.0,0.0,0.02631092444062233,0.0,0.0020950150210410357,0.0,0.0,0.0,0.0,0.0,0.0,0.0,0.0,0.0,0.0,0.0,0.0,0.0,0.000462135678390041,0.0,0.0,0.0,0.0,0.0,0.0,0.0,0.0,0.0,0.0,0.0,0.0,0.000708608073182404,0.0,0.0013864070642739534,0.0,0.0,0.0,0.0,0.0016636884538456798,0.0,0.0,0.0,0.0,0.0,0.0,0.0,0.0,0.0,3.0809045711066574e-05,0.0,0.0,0.0,0.0,0.0,0.0,0.0,0.0,0.0,0.0,0.0,0.0,0.0,0.0,0.0,0.0,0.0,0.0
1780276970715121534,32504,0,0.036918532103300095,0.0009229633142240345,0.21751168370246887,0.017843957990407944,0.016613340005278587,0.010583313181996346,0.0,0.0,0.007999015040695667,0.011690868996083736,0.027688900008797646,0.0,0.0,0.0,0.0,0.00523012550547719,0.0,0.007383706513792276,0.004614816512912512,0.0003076544380746782,0.007999015040695667,0.001845926628448069,0.003691853256896138,0.0,0.001845926628448069,0.003999507520347834,0.0,0.0,0.025842973962426186,0.005537780001759529,0.0,0.004614816512912512,0.006460743490606546,0.0003076544380746782,0.0012306177522987127,0.0013844450004398823,0.0,0.0,0.0,0.0,0.0,0.0012306177522987127,0.0012306177522987127,0.0,0.0,0.0,0.0,0.014767413027584553,0.0,0.0,0.001845926628448069,0.0,0.007383706513792276,0.2012059986591339,0.0,0.0,0.0,0.03476495295763016,0.0,0.0,0.0,0.0,0.003691853256896138,0.0,0.0,0.0,0.0,0.0004614816571120173,0.025627614930272102,0.0,0.0,0.0,0.00421486608684063,0.012306177988648415,0.00895274430513382,0.0,0.0,0.02208958938717842,0.0,0.0,0.00762983039021492,0.0021535810083150864,0.0003384198935236782,0.0018151612021028996,0.0,0.0021535810083150864,0.0,0.001845926628448069,0.0,0.0,0.00178439577575773,0.0,0.0,0.0016305685276165605,0.0,0.0,0.12176962941884995,3.076544453506358e-05,0.0,0.0,0.0,0.0,0.0,0.0,0.0,0.0,0.0001538272190373391,0.0015382722485810518,0.00043071623076684773,0.0006153088761493564,0.0,0.0,0.0007383706397376955,0.0015382722485810518,0.0,0.0,0.0,0.0018151612021028996,0.0021535810083150864,0.0,0.0,0.0,0.0,3.076544453506358e-05,0.0,0.0,0.0007691361242905259,0.0,0.0,0.0,0.0004922471125610173,0.0,0.0,0.0,0.0,0.0,0.0,0.0,0.0005845434498041868,0.0,0.0,0.0015382722485810518,0.00018459265993442386,0.0027688900008797646,0.0,0.0,0.0,6.153088907012716e-05,0.0,0.0,0.0,0.0008614324615336955,0.0,0.0,0.0,0.0,0.0,0.0,0.0,0.0,0.0,0.0,0.0,0.00027688901172950864,0.0,0.0,0.0,0.0,0.0,0.0,0.0,0.0001538272190373391,0.0,0.0005537780234590173,0.0,0.00021535811538342386,0.00021535811538342386,0.0003076544380746782,0.0,0.0,0.0,0.0,0.00021535811538342386,0.0,0.0006460743024945259,0.0,0.0,0.0001538272190373391,0.0009229633142240345,0.0,0.0,0.0,0.0,0.0,0.0,0.00012306177814025432,0.0,0.0,0.0,3.076544453506358e-05,0.0,0.0,0.0004614816571120173,0.0,0.0,0.0,0.0,0.0,0.0,0.00012306177814025432,0.0006768397870473564,0.0,0.0,0.00012306177814025432,0.00036918531986884773,0.00018459265993442386,0.00036918531986884773,0.0,0.0,0.0,0.001015259651467204,0.0,0.0,0.0,0.0,0.0,0.0,0.0018151612021028996,0.0,0.0,0.014521289616823196,0.0,0.0,0.0,0.0,0.0,0.0021228156983852386,0.00421486608684063,0.00178439577575773,0.0,0.0,0.008183607831597328,0.0,0.0,0.0,0.0,0.016736401244997978,0.0,0.0,0.0,0.0,0.0,0.0,0.0,0.0,0.0,0.0,0.0,0.0,0.0,0.0,0.0,0.02618139237165451,0.0,0.0020920501556247473,0.0,0.0,0.0,0.0,0.0,0.0,0.0,0.0,0.0,0.0,0.0,0.0,0.0,0.0004922471125610173,0.0,0.0,0.0,0.0,0.0,0.0,0.0,0.0,0.0,0.0,0.0,0.0,0.0006768397870473564,0.0,0.0013844450004398823,0.0,0.0,0.0,0.0,0.0015382722485810518,0.0,0.0,0.0,0.0,0.0,0.0,0.0,0.0,0.0,9.229632996721193e-05,0.0,0.0,0.0,3.076544453506358e-05,0.0,0.0,0.0,0.0,0.0,0.0,0.0,0.0,0.0,0.0,0.0,0.0,0.0,0.0
1780276975715121534,25949,0,0.036995645612478256,0.0009248911519534886,0.2179660052061081,0.017881227657198906,0.01664804108440876,0.008516705594956875,0.0,0.0,0.008015722967684269,0.01171528734266758,0.027746733278036118,0.0,0.0,0.0,0.0,0.00524104991927743,0.0,0.007399129215627909,0.004624455701559782,0.00030829705065116286,0.008015722967684269,0.0018497823039069772,0.0036995646078139544,0.0,0.0018497823039069772,0.0040078614838421345,0.0,0.0,0.02589695155620575,0.005549347028136253,0.0,0.004624455701559782,0.006474237889051437,0.00030829705065116286,0.0012331882026046515,0.0013873367570340633,0.0,0.0,0.0,0.0,0.0,0.0012331882026046515,0.0012331882026046515,0.0,0.0,0.0,0.0,0.014798258431255817,0.0,0.0,0.0018497823039069772,0.0,0.007399129215627909,0.2016262710094452,0.0,0.0,0.0,0.03483756631612778,0.0,0.0,0.0,0.0,0.0036995646078139544,0.0,0.0,0.0,0.0,0.0004624455759767443,0.024663763120770454,0.0,0.0,0.0,0.004277621395885944,0.01136845350265503,0.008825003169476986,0.0,0.0,0.021889090538024902,0.0,0.0,0.007206443231552839,0.002273690653964877,0.0004239084373693913,0.0016570966690778732,0.0,0.002312227850779891,0.0,0.0017727080266922712,0.0,0.0,0.0018112451070919633,0.0,3.853713133139536e-05,0.0014258738374337554,0.0,0.0,0.12073682993650436,0.0,0.0,3.853713133139536e-05,0.0,0.0,0.0,0.0,0.0,0.0,0.00015414852532558143,0.0015800223918631673,0.0005009826854802668,0.0004624455759767443,0.0,0.0,0.0007707425975240767,0.0016185594722628593,0.0,0.0,0.0,0.0018112451070919633,0.002081005135551095,0.0,0.0,0.0,0.0,0.0,0.0,0.0,0.0008092797361314297,0.0,0.0,0.0,0.00038537129876203835,0.0,0.0,0.0,0.0,0.0,0.0,0.0,0.0006165941013023257,0.0,0.0,0.0014258738374337554,0.00011561139399418607,0.0027746735140681267,0.0,0.0,0.0,0.0,0.0,3.853713133139536e-05,0.0,0.0005395198240876198,0.0,0.0,0.0,0.0,0.0,0.0,0.0,0.0,0.0,0.0,0.0,0.00030829705065116286,0.0,0.0,0.0,0.0,0.0,0.0,0.0,0.00015414852532558143,0.0,0.00019268564938101918,0.0,0.00023122278798837215,0.00023122278798837215,0.00030829705065116286,0.0,0.0,0.0,0.0,0.00023122278798837215,0.0,0.0006551312399096787,0.0,0.0,0.00015414852532558143,0.0008478168747387826,0.0,0.0,0.0,0.0,0.0,0.0,3.853713133139536e-05,0.0,0.0,0.0,0.0,0.0,0.0,0.0002697599120438099,0.0,0.0,0.0,0.0,0.0,0.0,7.707426266279072e-05,0.0005009826854802668,0.0,0.0,3.853713133139536e-05,0.00030829705065116286,0.00019268564938101918,0.00015414852532558143,0.0,0.0,0.0,0.0008092797361314297,0.0,0.0,0.0,0.0,0.00015414852532558143,0.0,0.0016570966690778732,0.0,0.0,0.013796293176710606,0.0,0.0,0.0,0.0,0.0,0.0021195420995354652,0.004046398680657148,0.0016570966690778732,0.0,0.0,0.007437666412442923,0.0,3.853713133139536e-05,0.0,0.0,0.01630120538175106,0.0,0.0,0.0,0.0,0.0,0.0,0.0,0.0,0.0,0.0,0.0,0.0,0.0,0.0,0.0,0.026051100343465805,0.0,0.0020039307419210672,0.0,0.0,0.0,0.0,0.0,0.0,0.0,3.853713133139536e-05,0.0,0.0,0.0,0.0,0.0,0.00038537129876203835,0.0,0.0,0.0,0.0,0.0,0.0,0.0,0.0,0.0,0.0,0.0,0.0,0.0007707425975240767,0.0,0.0013873367570340633,0.0,0.0,0.0,0.0,0.0015414851950481534,0.0,0.0,0.0,0.0,0.0,0.0,0.0,0.0,0.0,0.00019268564938101918,0.0,0.0,0.0,0.0,0.0,0.0,0.0,0.0,0.0,0.0,0.0,0.0,0.0,0.0,0.0,0.0,0.0,0.0
1780276980715121534,32457,0,0.03697199374437332,0.0009242998203262687,0.21782666444778442,0.017869796603918076,0.016637397930026054,0.009150568395853043,0.0,0.0,0.008010598830878735,0.011707797646522522,0.02772899530827999,0.0,0.0,0.0,0.0,0.005237699020653963,0.0,0.007394398562610149,0.004621499218046665,0.00030809995951130986,0.008010598830878735,0.0018485996406525373,0.0036971992813050747,0.0,0.0018485996406525373,0.004005299415439367,0.0,0.0,0.025880396366119385,0.005545799154788256,0.0,0.004621499218046665,0.006470099091529846,0.00030809995951130986,0.0012323998380452394,0.001386449788697064,0.0,0.0,0.0,0.0,0.0,0.0012323998380452394,0.0012323998380452394,0.0,0.0,0.0,0.0,0.014788797125220299,0.0,0.0,0.0018485996406525373,0.0,0.007394398562610149,0.20149736106395721,0.0,0.0,0.0,0.03481529280543327,0.0,0.0,0.0,0.0,0.0036971992813050747,0.0,0.0,0.0,0.0,0.00046214991016313434,0.024617185816168785,0.0,0.0,0.0,0.004066919442266226,0.011954277753829956,0.008719228208065033,0.0,0.0,0.022152386605739594,0.0,0.0,0.007425208576023579,0.0021875095553696156,0.0002772899460978806,0.0017869797302410007,0.0,0.002218319568783045,0.0,0.0018485996406525373,0.0,6.161999044707045e-05,0.0019410296808928251,0.0,3.0809995223535225e-05,0.0014172598021104932,0.0,0.0,0.12136057019233704,0.0,3.0809995223535225e-05,0.0,0.0,0.0,0.0,0.0,0.0,0.0,0.00015404997975565493,0.001602119766175747,0.00046214991016313434,0.0004929599235765636,0.0,0.0,0.0008318698382936418,0.0016637396765872836,0.0,0.0,0.0,0.0017561697168275714,0.0019718396943062544,0.0,0.0,0.0,0.0,3.0809995223535225e-05,0.0,0.0,0.0008010598830878735,0.0,0.0,0.0,0.00043133992585353553,0.0,0.0,0.0,0.0,0.0,0.0,0.0,0.0006161999190226197,0.0,0.0,0.0015713097527623177,9.242998203262687e-05,0.002772899577394128,0.0,0.0,0.0,0.0,0.0,3.0809995223535225e-05,0.0,0.0006470098742283881,0.0,0.0,0.0,0.0,0.0,0.0,0.0,0.0,0.0,0.0,0.0,0.00030809995951130986,0.0,0.0,0.0,0.0,0.0,0.0,0.0,0.00015404997975565493,0.0,0.0002464799617882818,0.0,0.00018485996406525373,0.00018485996406525373,0.00030809995951130986,0.0,0.0,0.0,0.0,0.0002464799617882818,0.0,0.0006778198876418173,0.0,0.0,0.00015404997975565493,0.0008318698382936418,0.0,0.0,0.0,0.0,0.0,0.0,6.161999044707045e-05,0.0,0.0,0.0,0.0,0.0,0.0,0.0002772899460978806,0.0,0.0,0.0,0.0,0.0,0.0,9.242998203262687e-05,0.0004929599235765636,0.0,0.0,9.242998203262687e-05,0.00018485996406525373,9.242998203262687e-05,0.00021566996292676777,0.0,0.0,0.0,0.0008626798517070711,0.0,0.0,0.0,0.0,0.0,0.0,0.0017253597034141421,0.0,0.0,0.013618017546832561,0.0,0.0,0.0,0.0,0.0,0.002033459721133113,0.0038204393349587917,0.0017253597034141421,6.161999044707045e-05,0.0,0.00779492873698473,0.0,3.0809995223535225e-05,0.0,0.0,0.016699017956852913,0.0,0.0,0.0,0.0,0.0,0.0,0.0,0.0,0.0,0.0,0.0,0.0,0.0,0.0,0.0,0.026342544704675674,0.0,0.0019102196674793959,0.0,0.0,0.0,0.0,0.0,0.0,0.0,0.0,0.0,0.0,0.0,0.0,0.0,0.00043133992585353553,0.0,0.0,0.0,0.0,0.0,0.0,0.0,0.0,0.0,0.0,0.0,0.0,0.0007086299010552466,0.0,0.0014172598021104932,0.0,0.0,0.0,0.0,0.0015404997393488884,0.0,0.0,0.0,0.0,0.0,0.0,0.0,0.0,0.0,0.00018485996406525373,0.0,0.0,0.0,0.0,0.0,0.0,0.0,0.0,0.0,0.0,0.0,0.0,0.0,0.0,0.0,0.0,0.0,0.0
1780276985715121534,32473,0,0.03695377707481384,0.0009238444035872817,0.21771933138370514,0.01786099188029766,0.01662920042872429,0.009638777002692223,0.0,0.0,0.008006651885807514,0.011702029034495354,0.027715332806110382,0.0,0.0,0.0,0.0,0.005235118325799704,0.0,0.007390755228698254,0.00461922213435173,0.00030794815393164754,0.008006651885807514,0.0018476888071745634,0.003695377614349127,0.0,0.0018476888071745634,0.004003325942903757,0.0,0.0,0.02586764469742775,0.005543066654354334,0.0,0.00461922213435173,0.006466911174356937,0.00030794815393164754,0.0012317926157265902,0.0013857666635885835,0.0,0.0,0.0,0.0,0.0,0.0012317926157265902,0.0012317926157265902,0.0,0.0,0.0,0.0,0.014781510457396507,0.0,0.0,0.0018476888071745634,0.0,0.007390755228698254,0.2013980895280838,0.0,0.0,0.0,0.034798141568899155,0.0,0.0,0.0,0.0,0.003695377614349127,0.0,0.0,0.0,0.0,0.00046192220179364085,0.024851415306329727,0.0,0.0,0.0,0.004372863564640284,0.01182520855218172,0.009022880345582962,0.0,0.0,0.022018292918801308,0.0,0.0,0.007421550340950489,0.00209404737688601,0.00030794815393164754,0.0017860991647467017,3.079481393797323e-05,0.0022480215411633253,0.0,0.0017860991647467017,0.0,0.0,0.001909278449602425,6.158962787594646e-05,6.158962787594646e-05,0.001478151069022715,0.0,0.0,0.12108521163463593,0.0,0.0,0.0,0.0,0.0,0.0,0.0,0.0,0.0,0.00012317925575189292,0.00169371475931257,0.00046192220179364085,0.0005235118442215025,0.0,0.0,0.0007390755345113575,0.0014473563060164452,0.0,0.0,0.0,0.0018476888071745634,0.001970868092030287,0.0,0.0,0.0,0.0,0.0,0.0,0.0,0.0007698703557252884,0.0,0.0,0.0,0.00043112740968354046,0.0,0.0,0.0,0.0,0.0,0.0,0.0,0.000646691070869565,0.0,0.0,0.00169371475931257,0.00015397407696582377,0.002771533327177167,0.0,0.0,0.0,0.0,0.0,0.0,0.0,0.001047023688443005,0.0,0.0,0.0,0.0,0.0,0.0,0.0,0.0,0.0,0.0,0.0,0.00030794815393164754,0.0,0.0,0.0,0.0,0.0,0.0,0.0,0.00015397407696582377,0.0,0.00015397407696582377,0.0,0.00012317925575189292,0.00012317925575189292,0.00030794815393164754,0.0,0.0,0.0,0.0,0.0001847688836278394,0.0,0.0006158963078632951,0.0,0.0,0.00015397407696582377,0.0007390755345113575,0.0,3.079481393797323e-05,0.0,0.0,0.0,0.0,9.23844418139197e-05,0.0,0.0,0.0,0.0,0.0,0.0,0.00030794815393164754,0.0,0.0,0.0,0.0,0.0,0.0,9.23844418139197e-05,0.0005851014866493642,0.0,0.0,6.158962787594646e-05,0.0002771533327177167,0.0002771533327177167,0.0001847688836278394,0.0,0.0,0.0,0.001077818451449275,0.0,0.0,0.0,0.0,3.079481393797323e-05,0.0,0.0017860991647467017,0.0,0.0,0.013826871290802956,0.0,0.0,0.0,0.0,0.0,0.00215563690289855,0.004034120589494705,0.0017553044017404318,0.0,0.0,0.007729498203843832,0.0,6.158962787594646e-05,0.0,0.0,0.016598405316472054,0.0,0.0,0.0,0.0,0.0,0.0,0.0,0.0,0.0,0.0,0.0,0.0,0.0,0.0,0.0,0.025498105213046074,0.0,0.0019400733290240169,0.0,0.0,0.0,0.0,0.0,0.0,0.0,0.0,0.0,0.0,0.0,0.0,0.0,0.00043112740968354046,0.0,0.0,0.0,0.0,0.0,0.0,0.0,0.0,0.0,0.0,0.0,0.0,0.0007082807132974267,0.0,0.0013549717841669917,0.0,0.0,0.0,0.0,0.00169371475931257,0.0,0.0,0.0,0.0,0.0,0.0,0.0,0.0,0.0,0.00012317925575189292,0.0,0.0,0.0,0.0,0.0,0.0,0.0,0.0,0.0,0.0,0.0,0.0,0.0,0.0,0.0,0.0,0.0,0.0
1780276990715121534,32420,0,0.037014190107584,0.0009253547177650034,0.21807526051998138,0.017890190705657005,0.016656385734677315,0.00801974069327116,0.0,0.0,0.00801974069327116,0.01172115933150053,0.027760641649365425,0.0,0.0,0.0,0.0,0.0052436767145991325,0.0,0.0074028377421200275,0.004626773763448,0.00030845156288705766,0.00801974069327116,0.0018507094355300069,0.0037014188710600138,0.0,0.0018507094355300069,0.00400987034663558,0.0,0.0,0.02590993233025074,0.0055521284230053425,0.0,0.004626773763448,0.006477483082562685,0.00030845156288705766,0.0012338062515482306,0.0013880321057513356,0.0,0.0,0.0,0.0,0.0,0.0012338062515482306,0.0012338062515482306,0.0,0.0,0.0,0.0,0.014805675484240055,0.0,0.0,0.0018507094355300069,0.0,0.0074028377421200275,0.20172733068466187,0.0,0.0,0.0,0.03485502675175667,0.0,0.0,0.0,0.0,0.0037014188710600138,0.0,0.0,0.0,0.0,0.0004626773588825017,0.0246761254966259,0.0,0.0,0.0,0.004349166993051767,0.011967920698225498,0.008852560073137283,0.0,0.0,0.021961752325296402,0.0,0.0,0.0074645280838012695,0.002097470685839653,0.00033929673372767866,0.001758173923008144,0.0,0.002159161027520895,0.0,0.0018507094355300069,0.0,9.25354688661173e-05,0.00200493517331779,0.0,0.0,0.0013880321057513356,0.0,0.0,0.12072794884443283,0.0,0.0,6.169031257741153e-05,0.0,0.0,0.0,0.0,0.0,0.0,0.00015422578144352883,0.0016039481852203608,0.0004626773588825017,0.0004935225006192923,3.0845156288705766e-05,0.0,0.0007711289217695594,0.0016039481852203608,0.0,0.0,0.0,0.001789019093848765,0.002066625514999032,0.0,0.0,0.0,0.0,0.0,0.0,0.0,0.0008945095469243824,0.0,0.0,0.0,0.0004318321880418807,0.0,0.0,0.0,0.0,0.0,0.0,0.0,0.0006169031257741153,0.0,0.0,0.0014805675018578768,0.00012338062515482306,0.0027760642115026712,0.0,0.0,0.0,0.0,0.0,3.0845156288705766e-05,0.0,0.0008019740926101804,0.0,0.0,0.0,0.0,0.0,0.0,0.0,0.0,0.0,0.0,0.0,0.00030845156288705766,0.0,0.0,0.0,0.0,0.0,0.0,0.0,0.00015422578144352883,0.0,0.0003701418754644692,0.0,0.00021591609402094036,0.00021591609402094036,0.00030845156288705766,0.0,0.0,0.0,0.0,0.0002776064211502671,0.0,0.0006477482966147363,0.0,0.0,0.00015422578144352883,0.0008019740926101804,0.0,0.0,0.0,0.0,0.0,0.0,6.169031257741153e-05,0.0,0.0,0.0,0.0,0.0,0.0,0.0002776064211502671,0.0,0.0,0.0,0.0,0.0,0.0,0.0,0.0006169031257741153,0.0,0.0,3.0845156288705766e-05,0.0001850709377322346,0.00033929673372767866,9.25354688661173e-05,0.0,0.0,0.0,0.0009561998886056244,0.0,0.0,0.0,0.0,0.0,0.0,0.001727328752167523,0.0,0.0,0.013880320824682713,0.0,0.0,0.0,0.0,0.0,0.00200493517331779,0.003979025408625603,0.0016964836977422237,6.169031257741153e-05,0.0,0.008173966780304909,0.0,0.0,0.0,0.0,0.01650215871632099,0.0,0.0,0.0,0.0,0.0,0.0,0.0,0.0,0.0,0.0,0.0,0.0,0.0,0.0,3.0845156288705766e-05,0.02590993233025074,0.0,0.001974090002477169,0.0,0.0,0.0,0.0,0.0,0.0,0.0,6.169031257741153e-05,0.0,0.0,0.0,0.0,0.0,0.0004318321880418807,0.0,0.0,0.0,0.0,0.0,0.0,0.0,0.0,0.0,0.0,0.0,0.0,0.0007402837509289384,0.0,0.0013880321057513356,0.0,0.0,0.0,0.0,0.0015731030143797398,0.0,0.0,0.0,0.0,0.0,0.0,0.0,0.0,0.0,0.00015422578144352883,0.0,0.0,0.0,0.0,0.0,0.0,0.0,0.0,0.0,0.0,0.0,0.0,0.0,0.0,0.0,0.0,0.0,0.0
1780276995715121534,36453,1,0.035936687141656876,0.01695333793759346,0.20135517418384552,0.020766466856002808,0.0161303598433733,0.015389679931104183,0.0,0.0,0.007735988590866327,0.011357089504599571,0.03308369591832161,0.003017584327608347,0.0,0.0,0.0,0.00521219102665782,0.0001645955053390935,0.0069130114279687405,0.0042520505376160145,0.00043892135727219284,0.00735193258151412,0.0018105505732819438,0.003950292244553566,0.00021946067863609642,0.0016733875963836908,0.004444078542292118,0.0,0.0,0.024963652715086937,0.005020163021981716,0.0,0.006638685241341591,0.005788275506347418,0.000329191010678187,0.0010973033495247364,0.0016459550242871046,0.0,0.0,0.0,5.4865169659024104e-05,0.0,0.0012618988985195756,0.0012618988985195756,0.0,0.0,0.0002743258373811841,0.0,0.013826022855937481,0.0,5.4865169659024104e-05,0.005815708078444004,0.000329191010678187,0.007077606860548258,0.1834142655134201,0.0,0.0,0.0,0.03494911268353462,0.0005486516747623682,0.0,0.0,0.0,0.0034565057139843702,0.0,0.0,0.0,0.0,0.012262364849448204,0.02364688739180565,0.0,0.0,0.0,0.003977724816650152,0.010918168351054192,0.010122623294591904,0.0,0.00046635392936877906,0.02762461267411709,0.0,0.0008504101424477994,0.007022741716355085,0.002084876410663128,0.0002743258373811841,0.0016733875963836908,8.229775266954675e-05,0.002084876410663128,0.0,0.0016459550242871046,0.0,5.4865169659024104e-05,0.0018654157174751163,2.7432584829512052e-05,2.7432584829512052e-05,0.0012344663264229894,2.7432584829512052e-05,0.0001645955053390935,0.11165061593055725,2.7432584829512052e-05,2.7432584829512052e-05,0.0,0.0,0.0,8.229775266954675e-05,2.7432584829512052e-05,0.0,0.0,0.00019202809198759496,0.0014264944475144148,0.001453927019611001,0.0012893314706161618,2.7432584829512052e-05,0.0,0.0007132472237572074,0.002359202364459634,5.4865169659024104e-05,0.0,0.0,0.0016185224521905184,0.0016733875963836908,0.0,0.0,0.0,0.0,0.0,0.0,0.0,0.000658382021356374,0.0,0.0,8.229775266954675e-05,0.00041148875607177615,0.0,0.0,0.0,0.0,0.0,0.0,0.0,0.0005760842468589544,0.0,0.0,0.001453927019611001,0.0002468932652845979,0.0024689326528459787,0.0,0.0006858145934529603,0.0,8.229775266954675e-05,0.0,0.0,0.0,0.0007132472237572074,0.0,0.0,0.0,0.0,0.0,0.0,0.0010973033495247364,0.0,0.0,0.0,0.0,0.0002743258373811841,2.7432584829512052e-05,0.0,0.0,0.0,0.0,0.0,0.0,0.00013716291869059205,0.0,0.0012070337543264031,0.0,0.00021946067863609642,0.00021946067863609642,0.0002743258373811841,5.4865169659024104e-05,0.0,0.0,2.7432584829512052e-05,0.0002743258373811841,0.0,0.0005760842468589544,0.0,0.0,0.00013716291869059205,0.0006035168771632016,2.7432584829512052e-05,0.0,0.0,0.0,0.0,0.0,5.4865169659024104e-05,0.0,0.0,0.0,0.0,0.0,0.0,0.00041148875607177615,0.0,0.0,0.0,2.7432584829512052e-05,0.0,0.0,0.00019202809198759496,0.0007681123679503798,0.0,0.0,0.00013716291869059205,0.0003017584385816008,0.0002468932652845979,0.00021946067863609642,0.0,0.007681123446673155,0.0,0.001975146122276783,0.0,2.7432584829512052e-05,0.0,0.0,2.7432584829512052e-05,0.0,0.0016733875963836908,0.0,5.4865169659024104e-05,0.013140208087861538,0.0,0.0,0.0,0.0,0.0,0.0018654157174751163,0.003785696579143405,0.0016459550242871046,0.0,0.0,0.007022741716355085,0.0,0.0,0.0,0.00021946067863609642,0.022522151470184326,0.0,2.7432584829512052e-05,0.0,0.0,0.0,0.0,0.0,0.0,0.00046635392936877906,0.0001645955053390935,0.0,0.0,0.0,0.0,2.7432584829512052e-05,0.02350972406566143,5.4865169659024104e-05,0.0016733875963836908,0.0,0.0,0.0,0.0,0.0,0.0,0.0,0.0,0.0,0.0,0.0,0.0,0.0,0.0003840561839751899,0.0,0.0,0.0,0.0,0.0,0.0,0.0,0.0,0.0,0.0,0.0,0.0,0.0006035168771632016,0.0,0.0020574438385665417,0.0,0.0,0.0,0.0,0.0013990617590025067,0.0,0.0,0.0,0.0,0.0,0.0,0.0,0.0,0.0,0.0009601404308341444,0.0,0.0,0.0,8.229775266954675e-05,0.0,0.0,0.0,0.0,0.0034016405697911978,0.0,0.0,0.0,0.0,0.0,0.0,0.0,0.0,0.0
1780277000715121534,26569,1,0.0361323356628418,0.0009033083915710449,0.21950393915176392,0.017463961616158485,0.01625955104827881,0.009371824562549591,0.0,0.0,0.007828672416508198,0.011441905982792377,0.027099251747131348,0.0,0.0,0.0,0.0,0.005118747241795063,0.0,0.007226467132568359,0.004516541957855225,0.0003011027874890715,0.007828672416508198,0.0018066167831420898,0.0036132335662841797,0.0,0.0018066167831420898,0.003914336208254099,0.0,0.0,0.025292634963989258,0.0054198503494262695,0.0,0.004516541957855225,0.0063231587409973145,0.0003011027874890715,0.001204411149956286,0.0013549625873565674,0.0,0.0,0.0,0.0,0.0,0.001204411149956286,0.001204411149956286,0.0,0.0,0.0,0.0,0.014452934265136719,0.0,0.0,0.0018066167831420898,0.0,0.007226467132568359,0.20414769649505615,0.0,0.0,0.0,0.03462681919336319,0.0,0.0,0.0,0.0,0.0036132335662841797,0.0,0.0,0.0,0.0,0.00045165419578552246,0.024615153670310974,0.0,0.0,0.0,0.004215438850224018,0.011592457070946693,0.008769618347287178,0.0,0.0,0.02171703800559044,0.0,0.0,0.007301742676645517,0.0022582709789276123,0.0004140163364354521,0.0017313410062342882,0.0,0.0023335465230047703,0.0,0.001768978894688189,0.0,0.0,0.0018818924436345696,0.0,3.7637848436133936e-05,0.001505513908341527,0.0,0.0,0.12202190607786179,0.0,0.0,7.527569687226787e-05,0.0,0.0,0.0,0.0,7.527569687226787e-05,0.0,0.00015055139374453574,0.0015431517967954278,0.00026346492813900113,0.0004892920260317624,0.0,0.0,0.0007151191239245236,0.001505513908341527,0.0,0.0,0.0,0.0018066167831420898,0.0019571681041270494,0.0,0.0,0.0,0.0,7.527569687226787e-05,0.0,0.0,0.0007903948426246643,0.0,0.0,0.0,0.0004140163364354521,0.0,0.0,0.0,0.0,0.0,0.0,0.0,0.000602205574978143,0.0,0.0,0.001467876136302948,0.00018818923854269087,0.0027099251747131348,0.0,0.0,0.0,0.0,0.0,0.0,0.0,0.0006774812936782837,0.0,0.0,0.0,0.0,0.0,0.0,0.0,0.0,0.0,0.0,0.0,0.00026346492813900113,0.0,0.0,0.0,0.0,0.0,0.0,0.0,0.00015055139374453574,0.0,0.00011291354894638062,0.0,0.00018818923854269087,0.00015055139374453574,0.0003011027874890715,0.0,0.0,0.0,0.0,0.00018818923854269087,0.0,0.000602205574978143,0.0,0.0,0.00015055139374453574,0.0005645677447319031,0.0,0.0,0.0,0.0,0.0,0.0,0.00022582709789276123,0.0,0.0,0.0,3.7637848436133936e-05,0.0,0.0,0.00022582709789276123,0.0,0.0,0.0,0.0,0.0,0.0,0.00011291354894638062,0.0009409462218172848,0.0,0.0,3.7637848436133936e-05,0.00011291354894638062,0.00011291354894638062,0.00015055139374453574,0.0,0.0,0.0,0.0009785840520635247,0.0,0.0,0.0,0.0,0.00018818923854269087,0.0,0.0017313410062342882,0.0,0.0,0.01381309051066637,0.0,0.0,0.0,0.0,0.0,0.002107719425112009,0.0041025253012776375,0.0017313410062342882,0.0,0.0,0.0076028453186154366,0.0,3.7637848436133936e-05,0.0,0.0,0.01644773967564106,0.0,0.0,0.0,0.0,0.0,0.0,0.0,0.0,0.0,0.0,0.0,0.0,0.0,0.0,0.0,0.02566901221871376,0.0,0.0019571681041270494,0.0,0.0,0.0,0.0,0.0,0.0,0.0,3.7637848436133936e-05,0.0,0.0,0.0,0.0,0.0,0.0004140163364354521,0.0,0.0,0.0,0.0,0.0,0.0,0.0,0.0,0.0,0.0,0.0,0.0,0.0007151191239245236,0.0,0.0013173246989026666,0.0,0.0,0.0,0.0,0.0015431517967954278,0.0,0.0,0.0,0.0,0.0,0.0,0.0,0.0,0.0,7.527569687226787e-05,0.0,0.0,0.0,0.0,0.0,0.0,0.0,0.0,0.0,0.0,0.0,0.0,0.0,0.0,0.0,0.0,0.0,0.0
1780277005715121534,33224,1,0.03611847013235092,0.0009029617067426443,0.2194197028875351,0.017457259818911552,0.016253311187028885,0.009751986712217331,0.0,0.0,0.007825667969882488,0.011437514796853065,0.027088850736618042,0.0,0.0,0.0,0.0,0.005116783082485199,0.0,0.0072236936539411545,0.004514808766543865,0.00030098724528215826,0.007825667969882488,0.0018059234134852886,0.0036118468269705772,0.0,0.0018059234134852886,0.003912833984941244,0.0,0.0,0.025282928720116615,0.005417770240455866,0.0,0.004514808766543865,0.006320732180029154,0.00030098724528215826,0.001203948981128633,0.0013544425601139665,0.0,0.0,0.0,0.0,0.0,0.001203948981128633,0.001203948981128633,0.0,0.0,0.0,0.0,0.014447387307882309,0.0,0.0,0.0018059234134852886,0.0,0.0072236936539411545,0.2040693461894989,0.0,0.0,0.0,0.034613531082868576,0.0,0.0,0.0,0.0,0.0036118468269705772,0.0,0.0,0.0,0.0,0.00045148085337132215,0.024349868297576904,0.0,0.0,0.0,0.004243920091539621,0.011467614211142063,0.00860823504626751,0.0,0.0,0.02121959999203682,0.0,0.0,0.007313990034162998,0.002137009287253022,0.00033108596107922494,0.0017457259818911552,0.0,0.0021972069516777992,0.0,0.0017156272660940886,0.0,6.0197446146048605e-05,0.001866120845079422,3.0098723073024303e-05,3.0098723073024303e-05,0.0014447387075051665,0.0,0.0,0.12180953472852707,3.0098723073024303e-05,0.0,3.0098723073024303e-05,0.0,0.0,0.0,0.0,0.0,3.0098723073024303e-05,0.00012039489229209721,0.0014748374233022332,0.0005718757747672498,0.0006621719221584499,0.0,0.0,0.00075246806954965,0.0014748374233022332,0.0,0.0,0.0,0.001775824697688222,0.0019263182766735554,0.0,3.0098723073024303e-05,0.0,0.0,0.0,0.0,0.0,0.00075246806954965,0.0,0.0,0.0,0.00042138213757425547,0.0,0.0,0.0,0.0,0.0,0.0,0.0,0.0006019744905643165,0.0,0.0,0.0014748374233022332,0.00012039489229209721,0.002708885120227933,0.0,0.0,0.0,0.0,0.0,0.0,0.0,0.0009631591383367777,0.0,0.0,0.0,0.0,0.0,0.0,0.0,0.0,0.0,0.0,0.0,0.00030098724528215826,0.0,0.0,0.0,0.0,0.0,0.0,0.0,0.00015049362264107913,0.0,0.00012039489229209721,0.0,0.00030098724528215826,0.00030098724528215826,0.00030098724528215826,0.0,0.0,0.0,0.0,0.00018059233843814582,0.0,0.0006621719221584499,0.0,0.0,0.00015049362264107913,0.0006922706379555166,0.0,0.0,0.0,0.0,0.0,0.0,3.0098723073024303e-05,0.0,0.0,0.0,0.0,0.0,0.0,0.0002708885003812611,0.0,0.0,0.0,0.0,0.0,0.0,6.0197446146048605e-05,0.0009932578541338444,0.0,0.0,6.0197446146048605e-05,0.0002708885003812611,0.00030098724528215826,0.00018059233843814582,0.0,0.0,0.0,0.0009029617067426443,0.0,0.0,0.0,0.0,0.00015049362264107913,0.0,0.0017156272660940886,0.0,0.0,0.013725018128752708,0.0,0.0,0.0,0.0,0.0,0.002076811855658889,0.003912833984941244,0.0016253311187028885,9.029616921907291e-05,0.0,0.007494582328945398,0.0,3.0098723073024303e-05,0.0,0.0,0.015922224149107933,0.0,0.0,0.0,0.0,0.0,0.0,0.0,0.0,0.0,0.0,0.0,0.0,0.0,0.0,0.0,0.026065494865179062,0.0,0.001866120845079422,0.0,0.0,0.0,0.0,0.0,0.0,0.0,0.0,0.0,0.0,0.0,0.0,0.0,0.00042138213757425547,0.0,0.0,0.0,0.0,0.0,0.0,0.0,0.0,0.0,0.0,0.0,0.0,0.0006922706379555166,0.0,0.0013544425601139665,0.0,0.0,0.0,0.0,0.0014748374233022332,0.0,0.0,0.0,0.0,0.0,0.0,0.0,0.0,0.0,0.00021069106878712773,0.0,0.0,0.0,0.0,0.0,0.0,0.0,0.0,0.0,0.0,0.0,0.0,0.0,0.0,0.0,0.0,0.0,0.0
1780277010715121534,33164,1,0.03618381544947624,0.0009045953629538417,0.2198166698217392,0.017488842830061913,0.016282716765999794,0.00796043872833252,0.0,0.0,0.007839825935661793,0.011458207853138447,0.027137860655784607,0.0,0.0,0.0,0.0,0.005126040428876877,0.0,0.0072367629036307335,0.00452297693118453,0.00030153177795000374,0.007839825935661793,0.0018091907259076834,0.0036183814518153667,0.0,0.0018091907259076834,0.003919912967830896,0.0,0.0,0.02532866969704628,0.0054275719448924065,0.0,0.00452297693118453,0.00633216742426157,0.00030153177795000374,0.001206127111800015,0.0013568929862231016,0.0,0.0,0.0,0.0,0.0,0.001206127111800015,0.001206127111800015,0.0,0.0,0.0,0.0,0.014473525807261467,0.0,0.0,0.0018091907259076834,0.0,0.0072367629036307335,0.20443855226039886,0.0,0.0,0.0,0.03467615321278572,0.0,0.0,0.0,0.0,0.0036183814518153667,0.0,0.0,0.0,0.0,0.00045229768147692084,0.024484381079673767,0.0,0.0,0.0,0.004130985587835312,0.011880352161824703,0.008653962053358555,0.0,0.0,0.021499216556549072,0.0,0.0,0.007417681626975536,0.00217102887108922,0.00030153177795000374,0.00174888432957232,0.0,0.00217102887108922,0.0,0.0018091907259076834,0.0,9.045953629538417e-05,0.0018091907259076834,3.0153178158798255e-05,3.0153178158798255e-05,0.0015981184551492333,0.0,0.0,0.12257266789674759,0.0,0.0,0.0,0.0,0.0,0.0,0.0,0.0,0.0,0.00012061271263519302,0.0015981184551492333,0.00042214448330923915,0.0006935230921953917,0.0,0.0,0.0007538294303230941,0.001417199382558465,0.0,0.0,0.0,0.00174888432957232,0.0018996502039954066,0.0,0.0,0.0,0.0,0.0,0.0,0.0,0.0007538294303230941,0.0,0.0,0.0,0.00042214448330923915,0.0,0.0,0.0,0.0,0.0,0.0,0.0,0.0005729103577323258,0.0,0.0,0.0014473525807261467,0.00021107224165461957,0.0027137859724462032,0.0,0.0,0.0,3.0153178158798255e-05,0.0,0.0,0.0,0.00045229768147692084,0.0,0.0,0.0,0.0,0.0,0.0,0.0,0.0,0.0,0.0,0.0,0.00030153177795000374,0.0,0.0,0.0,0.0,0.0,0.0,0.0,0.00015076588897500187,0.0,0.0003919913142453879,0.0,0.00012061271263519302,0.00012061271263519302,0.00030153177795000374,0.0,0.0,0.0,0.0,9.045953629538417e-05,0.0,0.0006332167540676892,0.0,0.0,0.00015076588897500187,0.0005729103577323258,0.0,0.0,0.0,0.0,0.0,0.0,0.00012061271263519302,0.0,0.0,0.0,0.0,0.0,0.0,0.00021107224165461957,0.0,0.0,0.0,0.0,0.0,0.0,3.0153178158798255e-05,0.000542757217772305,0.0,0.0,0.0,0.00021107224165461957,0.00018091907259076834,0.00015076588897500187,0.0,0.0,0.0,0.0009649017010815442,0.0,0.0,0.0,0.0,3.0153178158798255e-05,0.0,0.0017187311314046383,0.0,0.0,0.013719695620238781,0.0,0.0,0.0,0.0,6.030635631759651e-05,0.0020504160784184933,0.0038897600024938583,0.001628271653316915,3.0153178158798255e-05,0.0,0.007990592159330845,0.0,0.0,0.0,0.0,0.01610179804265499,0.0,0.0,0.0,0.0,0.0,0.0,0.0,0.0,0.0,0.0,0.0,0.0,0.0,0.0,0.0,0.026142805814743042,0.0,0.0018996502039954066,0.0,0.0,0.0,0.0,0.0,0.0,0.0,0.0,0.0,0.0,0.0,0.0,0.0,0.0003919913142453879,0.0,0.0,0.0,0.0,0.0,0.0,0.0,0.0,0.0,0.0,0.0,0.0,0.0007236762903630733,0.0,0.00129658670630306,0.0,0.0,0.0,0.0,0.0015981184551492333,0.0,0.0,0.0,0.0,0.0,0.0,0.0,0.0,0.0,9.045953629538417e-05,0.0,0.0,0.0,0.0,0.0,0.0,0.0,0.0,0.0,0.0,0.0,0.0,0.0,0.0,0.0,0.0,0.0,0.0
1780277015715121534,33265,1,0.0360739529132843,0.0009018487762659788,0.21914926171302795,0.017435742542147636,0.016233278438448906,0.010972493328154087,0.0,0.0,0.00781602319329977,0.011423418298363686,0.027055462822318077,0.0,0.0,0.0,0.0,0.00511047663167119,0.0,0.0072147902101278305,0.004509244114160538,0.00030061625875532627,0.00781602319329977,0.0018036975525319576,0.0036073951050639153,0.0,0.0018036975525319576,0.003908011596649885,0.0,0.0,0.02525176666676998,0.005411092657595873,0.0,0.004509244114160538,0.006312941666692495,0.00030061625875532627,0.001202465035021305,0.0013527731643989682,0.0,0.0,0.0,0.0,0.0,0.001202465035021305,0.001202465035021305,0.0,0.0,0.0,0.0,0.014429580420255661,0.0,0.0,0.0018036975525319576,0.0,0.0072147902101278305,0.20381782948970795,0.0,0.0,0.0,0.03457086905837059,0.0,0.0,0.0,0.0,0.0036073951050639153,0.0,0.0,0.0,0.0,0.0004509243881329894,0.024710657075047493,0.0,0.0,0.0,0.003938072826713324,0.011633849702775478,0.008747933432459831,0.0,0.0,0.021584248170256615,0.0,0.0,0.0073951599188148975,0.002254622057080269,0.00030061625875532627,0.0017135126981884241,0.0,0.002224560361355543,0.0,0.0017736359732225537,0.0,3.006162660312839e-05,0.0016834511188790202,0.0,0.0,0.0014128964394330978,0.0,0.0,0.12253119051456451,0.0,0.0,3.006162660312839e-05,0.0,0.0,0.0,0.0,0.0,0.0,0.00015030812937766314,0.0014730197144672275,0.0004809860256500542,0.0006613557925447822,0.0,0.0,0.0007515406468883157,0.0014730197144672275,0.0,0.0,0.0,0.0018036975525319576,0.0019840672612190247,0.0,0.0,0.0,0.0,0.0,0.0,0.0,0.0007816022844053805,0.0,0.0,0.0,0.0004509243881329894,0.0,0.0,0.0,0.0,0.0,0.0,0.0,0.0005711708799935877,0.0,0.0,0.001382834860123694,0.00021043138985987753,0.0027055463287979364,0.0,0.0,0.0,0.0,0.0,0.0,0.0,0.0009018487762659788,0.0,0.0,0.0,0.0,0.0,0.0,0.0,0.0,0.0,0.0,0.0,0.00030061625875532627,0.0,0.0,0.0,0.0,0.0,0.0,0.0,0.00015030812937766314,0.0,0.00018036975234281272,0.0,0.0003306778962723911,0.0003306778962723911,0.00030061625875532627,0.0,0.0,0.0,0.0,0.00042086277971975505,0.0,0.0006012325175106525,0.0,0.0,0.00015030812937766314,0.0011423417599871755,0.0,3.006162660312839e-05,0.0,0.0,0.0,0.0,6.012325320625678e-05,0.0,0.0,0.0,0.0,0.0,0.0,0.00030061625875532627,0.0,0.0,0.0,0.0,0.0,0.0,0.00012024650641251355,0.0006613557925447822,0.0,0.0,3.006162660312839e-05,0.0002404930128250271,0.0002705546503420919,0.0002404930128250271,0.0,0.0,0.0,0.001022095326334238,0.0,0.0,0.0,0.0,0.00012024650641251355,0.0,0.0016834511188790202,0.0,0.0,0.013918532989919186,0.0,0.0,0.0,0.0,0.0,0.002104313811287284,0.0038478882052004337,0.0016233278438448906,3.006162660312839e-05,0.0,0.00760559132322669,0.0,0.0,0.0,0.0,0.016293400898575783,0.0,0.0,0.0,0.0,0.0,0.0,0.0,0.0,0.0,0.0,0.0,0.0,0.0,0.0,0.0,0.026213739067316055,0.0,0.0019840672612190247,0.0,0.0,0.0,0.0,0.0,0.0,0.0,0.0,0.0,0.0,0.0,0.0,0.0,0.00042086277971975505,0.0,0.0,0.0,0.0,0.0,0.0,0.0,0.0,0.0,0.0,0.0,0.0,0.0007214790093712509,0.0,0.0013227115850895643,0.0,0.0,0.0,0.0,0.0014730197144672275,0.0,0.0,0.0,0.0,0.0,0.0,0.0,0.0,0.0,0.00012024650641251355,0.0,0.0,0.0,0.0,0.0,0.0,0.0,0.0,0.0,0.0,0.0,0.0,0.0,0.0,0.0,0.0,0.0,0.0
1780277020715121534,33157,1,0.03619145229458809,0.0009047863422892988,0.21986307203769684,0.01749253459274769,0.016286153346300125,0.007751002907752991,0.0,0.0,0.007841481827199459,0.011460626497864723,0.02714359015226364,0.0,0.0,0.0,0.0,0.00512712262570858,0.0,0.00723829073831439,0.004523931536823511,0.0003015954280272126,0.007841481827199459,0.0018095726845785975,0.003619145369157195,0.0,0.0018095726845785975,0.0039207409135997295,0.0,0.0,0.025334017351269722,0.005428717937320471,0.0,0.004523931536823511,0.0063335043378174305,0.0003015954280272126,0.0012063817121088505,0.0013571794843301177,0.0,0.0,0.0,0.0,0.0,0.0012063817121088505,0.0012063817121088505,0.0,0.0,0.0,0.0,0.01447658147662878,0.0,0.0,0.0018095726845785975,0.0,0.00723829073831439,0.20448170602321625,0.0,0.0,0.0,0.0346834771335125,0.0,0.0,0.0,0.0,0.003619145369157195,0.0,0.0,0.0,0.0,0.0004523931711446494,0.02397683821618557,0.0,0.0,0.0,0.00419217674061656,0.011309828609228134,0.008625629357993603,0.0,0.0,0.021533913910388947,0.0,0.0,0.007298609707504511,0.002412763424217701,0.0003317549708299339,0.0017190939979627728,3.0159544621710666e-05,0.0023524444550275803,0.0,0.0018095726845785975,0.0,9.047862840816379e-05,0.00186989177018404,0.0,3.0159544621710666e-05,0.0014476580545306206,0.0,0.0,0.12235727161169052,0.0,0.0,0.0,0.0,0.0,0.0,0.0,0.0,0.0,0.0001507977140136063,0.0016889345133677125,0.0004222336283419281,0.0004222336283419281,0.0,0.0,0.0007539886282756925,0.0015381367411464453,0.0,0.0,0.0,0.0017794130835682154,0.0020206894259899855,0.0,0.0,0.0,0.0,3.0159544621710666e-05,0.0,0.0,0.0007539886282756925,0.0,0.0,0.0,0.00039207408553920686,0.0,0.0,0.0,0.0,0.0,0.0,0.0,0.0006333503988571465,3.0159544621710666e-05,0.0,0.0014174985699355602,9.047862840816379e-05,0.0027143589686602354,0.0,0.0,0.0,0.0,0.0,0.0,0.0,0.000693669484462589,0.0,0.0,0.0,0.0,0.0,0.0,0.0,0.0,0.0,0.0,0.0,0.00027143588522449136,0.0,0.0,0.0,0.0,0.0,0.0,0.0,0.0001507977140136063,0.0,6.031908924342133e-05,0.0,9.047862840816379e-05,9.047862840816379e-05,0.0003015954280272126,0.0,0.0,0.0,0.0,0.0003015954280272126,0.0,0.0006635099416598678,0.0,0.0,0.0001507977140136063,0.000693669484462589,0.0,3.0159544621710666e-05,0.0,0.0,0.0,0.0,0.0001507977140136063,0.0,0.0,0.0,3.0159544621710666e-05,0.0,0.0,0.00024127635697368532,0.0,0.0,0.0,0.0,0.0,0.0,9.047862840816379e-05,0.0005127122276462615,0.0,0.0,9.047862840816379e-05,0.0001507977140136063,0.0001507977140136063,9.047862840816379e-05,0.0,0.0,0.0,0.001025424455292523,0.0,0.0,0.0,0.0,0.0003015954280272126,0.0,0.0017190939979627728,0.0,0.0,0.013330518268048763,0.0,0.0,0.0,0.0,3.0159544621710666e-05,0.002050848910585046,0.00398105988278985,0.0017794130835682154,3.0159544621710666e-05,0.0,0.007389088161289692,0.0,0.0,0.0,0.0,0.01619567535817623,0.0,0.0,0.0,0.0,0.0,0.0,0.0,0.0,0.0,0.0,0.0,0.0,0.0,0.0,0.0,0.02620864287018776,0.0,0.001839732169173658,0.0,0.0,0.0,0.0,0.0,0.0,0.0,0.0,0.0,0.0,0.0,0.0,0.0,0.00039207408553920686,0.0,0.0,0.0,0.0,0.0,0.0,0.0,0.0,0.0,0.0,0.0,0.0,0.0006635099416598678,0.0,0.0013571794843301177,0.0,0.0,0.0,0.0,0.0016889345133677125,0.0,0.0,0.0,0.0,0.0,0.0,0.0,0.0,0.0,9.047862840816379e-05,0.0,0.0,0.0,0.0,0.0,0.0,0.0,0.0,0.0,0.0,0.0,0.0,0.0,0.0,0.0,0.0,0.0,0.0
1780277025715121534,26509,1,0.03621411696076393,0.0009053528774529696,0.220000758767128,0.017503488808870316,0.016296351328492165,0.007129654288291931,0.0,0.0,0.007846391759812832,0.01146780326962471,0.027160586789250374,0.0,0.0,0.0,0.0,0.00513033289462328,0.0,0.007242823019623756,0.004526764620095491,0.0003017843118868768,0.007846391759812832,0.001810705754905939,0.003621411509811878,0.0,0.001810705754905939,0.003923195879906416,0.0,0.0,0.025349881500005722,0.005432117264717817,0.0,0.004526764620095491,0.0063374703750014305,0.0003017843118868768,0.0012071372475475073,0.0013580293161794543,0.0,0.0,0.0,0.0,0.0,0.0012071372475475073,0.0012071372475475073,0.0,0.0,0.0,0.0,0.014485646039247513,0.0,0.0,0.001810705754905939,0.0,0.007242823019623756,0.20460975170135498,0.0,0.0,0.0,0.03470519557595253,0.0,0.0,0.0,0.0,0.003621411509811878,0.0,0.0,0.0,0.0,0.0004526764387264848,0.025274435058236122,0.0,0.0,0.0,0.004149534273892641,0.01225998718291521,0.008827190846204758,0.0,0.0,0.02187936194241047,0.0,0.0,0.0075068846344947815,0.002112490125000477,0.0003017843118868768,0.0017729827668517828,0.0,0.002112490125000477,0.0,0.001810705754905939,0.0,0.0,0.001810705754905939,0.0,0.0,0.0016975366743281484,0.0,0.0,0.12309027463197708,0.0,0.0,0.0,0.0,0.0,0.0,0.0,0.0,0.0,0.0001508921559434384,0.001622090581804514,0.0003395073290448636,0.0006035686237737536,0.0,0.0,0.0007544607506133616,0.0015089215012267232,0.0,0.0,0.0,0.0017729827668517828,0.0019993209280073643,0.0,0.0,0.0,0.0,0.0,0.0,0.0,0.0007544607506133616,0.0,0.0,0.0,0.0004526764387264848,0.0,0.0,0.0,0.0,0.0,0.0,0.0,0.0005658455775119364,0.0,0.0,0.0015466444892808795,0.0001508921559434384,0.0027160586323589087,0.0,0.0,0.0,3.77230389858596e-05,0.0,0.0,0.0,0.00064129161182791,0.0,0.0,0.0,0.0,0.0,0.0,0.0,0.0,0.0,0.0,0.0,0.0003017843118868768,0.0,0.0,0.0,0.0,0.0,0.0,0.0,0.0001508921559434384,0.0,0.0001508921559434384,0.0,0.0001131691096816212,0.0001131691096816212,0.0003017843118868768,0.0,0.0,0.0,0.0,0.0001508921559434384,0.0,0.0006035686237737536,0.0,0.0,0.0001508921559434384,0.0006035686237737536,0.0,0.0,0.0,0.0,0.0,0.0,0.0001886151876533404,0.0,0.0,0.0,0.0,0.0,0.0,0.0002640612656250596,0.0,0.0,0.0,0.0,0.0,0.0,3.77230389858596e-05,0.0006035686237737536,0.0,0.0,0.0001508921559434384,0.0002263382193632424,0.0001508921559434384,0.0001886151876533404,0.0,0.0,0.0,0.0010562450625002384,0.0,0.0,0.0,0.0,0.0,0.0,0.0017729827668517828,0.0,0.0,0.014334754087030888,0.0,0.0,0.0,0.0,0.0,0.002112490125000477,0.004149534273892641,0.001810705754905939,0.0,0.0,0.008261345326900482,0.0,0.0,0.0,0.0,0.016598137095570564,0.0,0.0,0.0,0.0,0.0,0.0,0.0,0.0,0.0,0.0,0.0,0.0,0.0,0.0,0.0,0.026255233213305473,0.0,0.0019993209280073643,0.0,0.0,0.0,0.0,0.0,0.0,0.0,0.0,0.0,0.0,0.0,0.0,0.0,0.0004526764387264848,0.0,0.0,0.0,0.0,0.0,0.0,0.0,0.0,0.0,0.0,0.0,0.0,0.0006790146580897272,0.0,0.0013580293161794543,0.0,0.0,0.0,0.0,0.001622090581804514,0.0,0.0,0.0,0.0,0.0,0.0,0.0,0.0,0.0,0.0,0.0,0.0,0.0,0.0,0.0,0.0,0.0,0.0,0.0,0.0,0.0,0.0,0.0,0.0,0.0,0.0,0.0,0.0
1780277030715121534,33116,1,0.03623626008629799,0.0009059064905159175,0.22013528645038605,0.017514193430542946,0.01630631648004055,0.00652252696454525,0.0,0.0,0.00785118993371725,0.011474816128611565,0.027177195996046066,0.0,0.0,0.0,0.0,0.005133470054715872,0.0,0.00724725192412734,0.004529532510787249,0.0003019688301719725,0.00785118993371725,0.001811812981031835,0.00362362596206367,0.0,0.001811812981031835,0.003925594966858625,0.0,0.0,0.025365382432937622,0.005435439292341471,0.0,0.004529532510787249,0.0063413456082344055,0.0003019688301719725,0.00120787532068789,0.0013588598230853677,0.0,0.0,0.0,0.0,0.0,0.00120787532068789,0.00120787532068789,0.0,0.0,0.0,0.0,0.01449450384825468,0.0,0.0,0.001811812981031835,0.0,0.00724725192412734,0.20473487675189972,0.0,0.0,0.0,0.03472641482949257,0.0,0.0,0.0,0.0,0.00362362596206367,0.0,0.0,0.0,0.0,0.00045295324525795877,0.023674357682466507,0.0,0.0,0.0,0.0040765791200101376,0.01129363477230072,0.008636308833956718,0.0,0.0,0.02119821310043335,0.0,0.0,0.00724725192412734,0.002294963225722313,0.00039255947922356427,0.0016004348872229457,0.0,0.002174175577238202,0.0,0.0017212224192917347,0.0,0.00021137818112038076,0.001932600513100624,3.019688301719725e-05,3.019688301719725e-05,0.0012682691449299455,0.0,0.0,0.1218746230006218,0.0,3.019688301719725e-05,3.019688301719725e-05,0.0,0.0,0.0,0.0,0.0,0.0,0.000120787532068789,0.0016004348872229457,0.00039255947922356427,0.000362362596206367,0.0,0.0,0.000724725192412734,0.001570237916894257,0.0,0.0,0.0,0.0017514192732051015,0.0020231911912560463,0.0,0.0,0.0,0.0,0.0,0.0,0.0,0.0007549221045337617,0.0,0.0,0.0,0.0004227563622407615,0.0,0.0,0.0,0.0,0.0,0.0,0.0,0.0006341345724649727,3.019688301719725e-05,0.0,0.0015098442090675235,0.00015098441508598626,0.0027177196461707354,0.0,0.0,0.0,0.0,0.0,3.019688301719725e-05,0.0,0.0008153158705681562,0.0,0.0,0.0,0.0,0.0,0.0,0.0,0.0,0.0,0.0,0.0,0.0003019688301719725,0.0,0.0,0.0,0.0,0.0,0.0,0.0,0.00015098441508598626,0.0,0.00015098441508598626,0.0,0.00015098441508598626,0.00015098441508598626,0.0003019688301719725,0.0,0.0,0.0,0.0,0.00027177194715477526,0.0,0.0006341345724649727,0.0,0.0,0.00015098441508598626,0.0005435438943095505,0.0,0.0,0.0,0.0,0.0,0.0,3.019688301719725e-05,0.0,0.0,0.0,0.0,0.0,0.0,0.00015098441508598626,0.0,0.0,0.0,0.0,0.0,0.0,6.03937660343945e-05,0.00039255947922356427,0.0,0.0,3.019688301719725e-05,6.03937660343945e-05,0.00021137818112038076,0.0001811812981031835,0.0,0.0,0.0,0.0009361034026369452,0.0,0.0,0.0,0.0,0.000120787532068789,0.0,0.001570237916894257,0.0,0.0,0.013075250200927258,0.0,0.0,0.0,0.0,3.019688301719725e-05,0.0019627974834293127,0.003744413610547781,0.0016608285950496793,9.059064905159175e-05,0.0,0.00739823654294014,0.0,3.019688301719725e-05,0.0,0.0,0.015732577070593834,0.0,0.0,0.0,0.0,0.0,0.0,0.0,0.0,0.0,0.0,0.0,0.0,0.0,0.0,0.0,0.026150500401854515,0.0,0.0019627974834293127,0.0,0.0,0.0,0.0,0.0,0.0,0.0,0.0,0.0,0.0,0.0,0.0,0.0,0.0004227563622407615,0.0,0.0,0.0,0.0,0.0,0.0,0.0,0.0,0.0,0.0,0.0,0.0,0.000724725192412734,0.0,0.001328662852756679,0.0,0.0,0.0,0.0,0.001570237916894257,3.019688301719725e-05,0.0,0.0,0.0,0.0,0.0,0.0,0.0,0.0,0.00015098441508598626,0.0,0.0,0.0,0.0,0.0,0.0,0.0,0.0,0.0,0.0,0.0,0.0,0.0,0.0,0.0,0.0,0.0,0.0
1780277035715121534,33147,1,0.03620237112045288,0.000905059278011322,0.21992941200733185,0.01749781332910061,0.016291067004203796,0.007451654877513647,0.0,0.0,0.007843847386538982,0.01146408449858427,0.02715177834033966,0.0,0.0,0.0,0.0,0.005128669086843729,0.0,0.007240474224090576,0.00452529639005661,0.0003016864357050508,0.007843847386538982,0.001810118556022644,0.003620237112045288,0.0,0.001810118556022644,0.003921923693269491,0.0,0.0,0.025341659784317017,0.005430355668067932,0.0,0.00452529639005661,0.006335414946079254,0.0003016864357050508,0.0012067457428202033,0.001357588917016983,0.0,0.0,0.0,0.0,0.0,0.0012067457428202033,0.0012067457428202033,0.0,0.0,0.0,0.0,0.014480948448181152,0.0,0.0,0.001810118556022644,0.0,0.007240474224090576,0.20454339683055878,0.0,0.0,0.0,0.03469393774867058,0.0,0.0,0.0,0.0,0.003620237112045288,0.0,0.0,0.0,0.0,0.000452529639005661,0.024677949026226997,0.0,0.0,0.0,0.004163272678852081,0.011795938946306705,0.008688569068908691,0.0,0.0,0.02172142267227173,0.0,0.0,0.007391317281872034,0.0021118049044162035,0.0003016864357050508,0.0017799498746171594,0.0,0.00214197370223701,0.0,0.0016894439468160272,0.0,0.0,0.001810118556022644,3.0168643206707202e-05,0.0,0.0015084320912137628,0.0,0.0,0.12263553589582443,0.0,0.0,0.0,0.0,0.0,0.0,0.0,0.0,0.0,0.00012067457282682881,0.0016291067004203796,0.0003620237112045288,0.0006938787992112339,0.0,0.0,0.0007843847270123661,0.0014782635262236,0.0,0.0,0.0,0.0017799498746171594,0.0019911304116249084,0.0,0.0,0.0,0.0,0.0,0.0,0.0,0.0007542160456068814,0.0,0.0,0.0,0.0004223609867040068,0.0,0.0,0.0,0.0,0.0,0.0,0.0,0.0006033728714101017,0.0,0.0,0.0016894439468160272,0.0001508432178525254,0.002715177834033966,0.0,0.0,0.0,3.0168643206707202e-05,0.0,0.0,0.0,0.0006033728714101017,0.0,0.0,0.0,0.0,0.0,0.0,0.0,0.0,0.0,0.0,0.0,0.0003016864357050508,0.0,0.0,0.0,0.0,0.0,0.0,0.0,0.0001508432178525254,0.0,0.0001810118556022644,0.0,0.00012067457282682881,0.00012067457282682881,0.0003016864357050508,0.0,0.0,0.0,0.0,0.0001810118556022644,0.0,0.0006335414946079254,0.0,0.0,0.0001508432178525254,0.00048269829130731523,0.0,0.0,0.0,0.0,0.0,0.0,0.0001508432178525254,0.0,0.0,0.0,0.0,0.0,0.0,0.0003016864357050508,0.0,0.0,0.0,0.0,0.0,0.0,0.0001508432178525254,0.0003318550589028746,0.0,0.0,0.0,9.05059278011322e-05,0.0002111804933520034,0.00012067457282682881,0.0,0.0,0.0,0.0009653965826146305,0.0,0.0,0.0,0.0,6.0337286413414404e-05,0.0,0.0017799498746171594,0.0,0.0,0.013998250477015972,0.0,0.0,0.0,0.0,0.0,0.0020212989766150713,0.004072766751050949,0.0017799498746171594,6.0337286413414404e-05,0.0,0.007723172660917044,0.0,0.0,0.0,0.0,0.01638157293200493,0.0,0.0,0.0,0.0,0.0,0.0,0.0,0.0,0.0,0.0,0.0,0.0,0.0,0.0,0.0,0.026095876470208168,0.0,0.0019609618466347456,0.0,0.0,0.0,0.0,0.0,0.0,0.0,0.0,0.0,0.0,0.0,0.0,0.0,0.0004223609867040068,0.0,0.0,0.0,0.0,0.0,0.0,0.0,0.0,0.0,0.0,0.0,0.0,0.0007240474224090576,0.0,0.001357588917016983,0.0,0.0,0.0,0.0,0.0016291067004203796,0.0,0.0,0.0,0.0,0.0,0.0,0.0,0.0,0.0,6.0337286413414404e-05,0.0,0.0,0.0,3.0168643206707202e-05,0.0,0.0,0.0,0.0,0.0,0.0,0.0,0.0,0.0,0.0,0.0,0.0,0.0,0.0
1780277040715121534,33201,1,0.03614348918199539,0.0009035872644744813,0.21957169473171234,0.01746935397386551,0.016264570876955986,0.009065992198884487,0.0,0.0,0.007831089198589325,0.011445438489317894,0.027107616886496544,0.0,0.0,0.0,0.0,0.0051203276962041855,0.0,0.007228698115795851,0.004517936147749424,0.0003011957451235503,0.007831089198589325,0.0018071745289489627,0.0036143490578979254,0.0,0.0018071745289489627,0.0039155445992946625,0.0,0.0,0.025300443172454834,0.005421523470431566,0.0,0.004517936147749424,0.0063251107931137085,0.0003011957451235503,0.0012047829804942012,0.0013553808676078916,0.0,0.0,0.0,0.0,0.0,0.0012047829804942012,0.0012047829804942012,0.0,0.0,0.0,0.0,0.014457396231591702,0.0,0.0,0.0018071745289489627,0.0,0.007228698115795851,0.20421071350574493,0.0,0.0,0.0,0.034637510776519775,0.0,0.0,0.0,0.0,0.0036143490578979254,0.0,0.0,0.0,0.0,0.00045179363223724067,0.02430649660527706,0.0,0.0,0.0,0.004367338493466377,0.011264720931649208,0.008584078401327133,0.0,0.0,0.021475257351994514,0.0,0.0,0.007228698115795851,0.002138489857316017,0.00033131532836705446,0.0016264570876955986,0.0,0.002138489857316017,0.0,0.0017168157501146197,0.0,0.0,0.0018975331913679838,0.0,0.0,0.001505978754721582,0.0,0.0,0.1218336820602417,0.0,0.0,3.011957414855715e-05,0.0,0.0,0.0,0.0,0.0,0.0,0.00015059787256177515,0.001596337417140603,0.0004819131863769144,0.0004819131863769144,0.0,0.0,0.000752989377360791,0.0015360983088612556,0.0,0.0,0.0,0.0017770548583939672,0.0019577722996473312,0.0,0.0,0.0,0.0,0.0,0.0,0.0,0.0007831089315004647,0.0,0.0,0.0,0.0004216740489937365,0.0,0.0,0.0,0.0,0.0,0.0,0.0,0.0006325110443867743,0.0,0.0,0.0014457395300269127,0.0002409565931884572,0.0026806420646607876,0.0,0.0,0.0,3.011957414855715e-05,0.0,0.0,0.0,0.0009638263727538288,0.0,0.0,0.0,0.0,0.0,0.0,0.0,0.0,0.0,0.0,0.0,0.0003011957451235503,0.0,0.0,0.0,0.0,0.0,0.0,0.0,0.00015059787256177515,0.0,9.035872062668204e-05,0.0,9.035872062668204e-05,0.0001204782965942286,0.0003011957451235503,0.0,0.0,0.0,0.0,0.00015059787256177515,0.0,0.0006023914902471006,0.0,0.0,0.00015059787256177515,0.0006325110443867743,0.0,0.0,0.0,0.0,0.0,0.0,9.035872062668204e-05,0.0,0.0,0.0,0.0,0.0,0.0,0.00027107616188004613,0.0,0.0,0.0,0.0,0.0,0.0,9.035872062668204e-05,0.0006023914902471006,0.0,0.0,9.035872062668204e-05,0.00039155446575023234,0.00021083702449686825,0.00033131532836705446,0.0,0.0,0.0,0.0009939459851011634,0.0,0.0,0.0,0.0,3.011957414855715e-05,0.0,0.001596337417140603,0.0,0.0,0.013734526000916958,0.0,0.0,0.0,0.0,0.0,0.002048131078481674,0.003945664502680302,0.0016565766418352723,3.011957414855715e-05,0.0,0.007228698115795851,0.0,0.0,0.0,0.0,0.016234450042247772,0.0,0.0,0.0,0.0,0.0,0.0,0.0,0.0,0.0,0.0,0.0,0.0,0.0,0.0,0.0,0.025932954624295235,0.0,0.0018372940830886364,0.0,0.0,3.011957414855715e-05,0.0,0.0,0.0,0.0,3.011957414855715e-05,0.0,0.0,0.0,0.0,0.0,0.0004216740489937365,0.0,0.0,0.0,0.0,0.0,0.0,0.0,0.0,0.0,0.0,0.0,0.0,0.0006626306567341089,0.0,0.0013553808676078916,0.0,0.0,0.0,0.0,0.001596337417140603,0.0,0.0,0.0,0.0,0.0,0.0,0.0,0.0,0.0,0.0001204782965942286,0.0,0.0,0.0,0.0,0.0,0.0,0.0,0.0,0.0,0.0,0.0,0.0,0.0,0.0,0.0,0.0,0.0,0.0
1780277045715121534,33176,1,0.03617072477936745,0.0009042681194841862,0.21973715722560883,0.017482517287135124,0.016276827082037926,0.008319267071783543,0.0,0.0,0.007836990989744663,0.011454063467681408,0.02712804451584816,0.0,0.0,0.0,0.0,0.005124186165630817,0.0,0.007234144955873489,0.004521340597420931,0.00030142272589728236,0.007836990989744663,0.0018085362389683723,0.0036170724779367447,0.0,0.0018085362389683723,0.003918495494872332,0.0,0.0,0.025319507345557213,0.005425608716905117,0.0,0.004521340597420931,0.006329876836389303,0.00030142272589728236,0.0012056909035891294,0.0013564021792262793,0.0,0.0,0.0,0.0,0.0,0.0012056909035891294,0.0012056909035891294,0.0,0.0,0.0,0.0,0.014468289911746979,0.0,0.0,0.0018085362389683723,0.0,0.007234144955873489,0.2043645977973938,0.0,0.0,0.0,0.0346636138856411,0.0,0.0,0.0,0.0,0.0036170724779367447,0.0,0.0,0.0,0.0,0.0004521340597420931,0.02390282042324543,0.0,0.0,0.0,0.004250060301274061,0.011243067681789398,0.008500120602548122,0.0,0.0,0.02146129682660103,0.0,0.0,0.0071135759353637695,0.0020195322576910257,0.0003315649810247123,0.0017181094735860825,0.0,0.0020195322576910257,0.0,0.0016578249633312225,0.0,6.028454299666919e-05,0.001898963120765984,0.0,0.0,0.0013564021792262793,0.0,0.0,0.12153363972902298,6.028454299666919e-05,0.0,3.0142271498334594e-05,0.0,0.0,0.0,0.0,0.0,0.0,0.00015071136294864118,0.0016578249633312225,0.0006329877069219947,0.0005425608833320439,0.0,0.0,0.0008439836092293262,0.0015975403366610408,0.0,0.0,0.0,0.0017783939838409424,0.0020496745128184557,0.0,0.0,0.0,0.0,0.0,0.0,0.0,0.0007836990407668054,0.0,0.0,0.0,0.0003918495203834027,0.0,0.0,0.0,0.0,0.0,0.0,0.0,0.0006329877069219947,0.0,0.0,0.001446829061023891,0.00015071136294864118,0.0027128043584525585,0.0,0.0,0.0,3.0142271498334594e-05,0.0,3.0142271498334594e-05,0.0,0.0009042681194841862,0.0,0.0,0.0,0.0,0.0,0.0,0.0,0.0,0.0,0.0,0.0,0.00030142272589728236,0.0,0.0,0.0,0.0,0.0,0.0,0.0,0.00015071136294864118,0.0,0.00024113817198667675,0.0,0.00015071136294864118,0.00015071136294864118,0.00030142272589728236,0.0,0.0,0.0,0.0,0.00027128044166602194,0.0,0.0006329877069219947,0.0,0.0,0.00015071136294864118,0.0006329877069219947,0.0,0.0,0.0,0.0,0.0,0.0,6.028454299666919e-05,0.0,0.0,0.0,0.0,0.0,0.0,0.00030142272589728236,0.0,0.0,0.0,0.0,0.0,0.0,6.028454299666919e-05,0.0006028454517945647,0.0,0.0,9.042681631399319e-05,0.00012056908599333838,0.00027128044166602194,0.00012056908599333838,0.0,0.0,0.0,0.000964552687946707,0.0,0.0,0.0,0.0,0.0,0.0,0.0016879672184586525,0.0,0.0,0.01323245745152235,0.0,0.0,0.0,0.0,3.0142271498334594e-05,0.001959247747436166,0.003948637749999762,0.0017181094735860825,0.0,0.0,0.0073547144420444965,0.0,0.0,0.0,0.0,0.01618639938533306,0.0,0.0,0.0,0.0,0.0,0.0,0.0,0.0,0.0,0.0,0.0,0.0,0.0,0.0,0.0,0.026073064655065536,0.0,0.0018386786105111241,0.0,0.0,0.0,0.0,0.0,0.0,0.0,3.0142271498334594e-05,0.0,0.0,0.0,0.0,0.0,0.0003918495203834027,0.0,0.0,0.0,0.0,0.0,0.0,0.0,0.0,0.0,0.0,0.0,0.0,0.0006631299620494246,0.0,0.0013564021792262793,0.0,0.0,0.0,0.0,0.0016276827082037926,0.0,0.0,0.0,0.0,0.0,0.0,0.0,0.0,0.0,0.00018085363262798637,0.0,0.0,0.0,3.0142271498334594e-05,0.0,0.0,0.0,3.0142271498334594e-05,0.0,0.0,0.0,0.0,0.0,0.0,0.0,0.0,0.0,0.0
1780277050715121534,26572,1,0.03612825646996498,0.0009032064117491245,0.21947914361953735,0.0174619909375906,0.016257714480161667,0.009483667090535164,0.0,0.0,0.007827788591384888,0.011440614238381386,0.02709619142115116,0.0,0.0,0.0,0.0,0.005118169356137514,0.0,0.007225651293992996,0.004516032058745623,0.000301068794215098,0.007827788591384888,0.001806412823498249,0.003612825646996498,0.0,0.001806412823498249,0.003913894295692444,0.0,0.0,0.025289779528975487,0.005419238470494747,0.0,0.004516032058745623,0.006322444882243872,0.000301068794215098,0.001204275176860392,0.0013548096176236868,0.0,0.0,0.0,0.0,0.0,0.001204275176860392,0.001204275176860392,0.0,0.0,0.0,0.0,0.014451302587985992,0.0,0.0,0.001806412823498249,0.0,0.007225651293992996,0.20412464439868927,0.0,0.0,0.0,0.0346229113638401,0.0,0.0,0.0,0.0,0.003612825646996498,0.0,0.0,0.0,0.0,0.00045160320587456226,0.02461237460374832,0.0,0.0,0.0,0.00417732959613204,0.011779316700994968,0.008693361654877663,0.0,0.0,0.02152641862630844,0.0,0.0,0.007376185618340969,0.002107481472194195,0.0003763359854929149,0.0016935119638219476,0.0,0.0020698478911072016,0.0,0.0016935119638219476,0.0,0.0,0.0019193135667592287,0.0,0.0,0.00139244319871068,3.763359927688725e-05,0.0,0.12155652791261673,0.0,0.0,7.52671985537745e-05,0.0,0.0,0.0,0.0,0.0,0.0,0.000150534397107549,0.0015429775230586529,0.000602137588430196,0.000602137588430196,0.0,0.0,0.0007150383898988366,0.0015429775230586529,0.0,0.0,0.0,0.001768779125995934,0.001994580728933215,0.0,0.0,0.0,0.0,0.0,0.0,0.0,0.0008279391913674772,0.0,0.0,0.0,0.0004139695956837386,0.0,0.0,0.0,0.0,0.0,0.0,0.0,0.0007150383898988366,0.0,0.0,0.0017311455449089408,0.000150534397107549,0.0027096192352473736,0.0,0.0,0.0,0.0,0.0,3.763359927688725e-05,0.0,0.0008279391913674772,0.0,0.0,0.0,0.0,0.0,0.0,0.0,0.0,0.0,0.0,0.0,0.000301068794215098,0.0,0.0,0.0,0.0,0.0,0.0,0.0,0.000150534397107549,0.0,0.0005268703680485487,0.0,0.00022580160293728113,0.00026343518402427435,0.00026343518402427435,0.0,0.0,0.0,0.0,0.0003387024044059217,0.0,0.0006397711695171893,0.0,0.0,0.000150534397107549,0.0010161071550101042,0.0,0.0,0.0,0.0,0.0,0.0,7.52671985537745e-05,0.0,0.0,0.0,0.0,0.0,0.0,0.00022580160293728113,0.0,0.0,0.0,0.0,0.0,0.0,0.00018816799274645746,0.0006774048088118434,0.0,0.0,0.0,0.000150534397107549,0.000301068794215098,0.00018816799274645746,0.0,0.0,0.0,0.0010161071550101042,0.0,0.0,0.0,0.0,0.0,0.0,0.0016935119638219476,0.0,0.0,0.013962064869701862,0.0,0.0,0.0,0.0,0.0,0.0020322143100202084,0.004026795271784067,0.0016935119638219476,0.0,0.0,0.00797832291573286,0.0,0.0,0.0,0.0,0.01633298210799694,0.0,0.0,0.0,0.0,0.0,0.0,0.0,0.0,0.0,0.0,0.0,0.0,0.0,0.0,0.0,0.025779016315937042,0.0,0.001956947147846222,0.0,0.0,0.0,0.0,0.0,0.0,0.0,7.52671985537745e-05,0.0,0.0,0.0,0.0,0.0,0.0004139695956837386,0.0,0.0,0.0,0.0,0.0,0.0,0.0,0.0,0.0,0.0,0.0,0.0,0.000602137588430196,0.0,0.0013548096176236868,0.0,0.0,0.0,0.0,0.0015053439419716597,0.0,0.0,0.0,0.0,0.0,0.0,0.0,0.0,0.0,0.000150534397107549,0.0,0.0,0.0,0.0,0.0,0.0,0.0,0.0,0.0,0.0,0.0,0.0,0.0,0.0,0.0,0.0,0.0,0.0
1780277055715121534,33145,1,0.03620455414056778,0.0009051138767972589,0.21994267404079437,0.017498869448900223,0.01629205048084259,0.007391763385385275,0.0,0.0,0.007844320498406887,0.011464775539934635,0.027153417468070984,0.0,0.0,0.0,0.0,0.005128978751599789,0.0,0.007240911014378071,0.0045255692675709724,0.0003017046255990863,0.007844320498406887,0.0018102277535945177,0.0036204555071890354,0.0,0.0018102277535945177,0.0039221602492034435,0.0,0.0,0.025343189015984535,0.005430683493614197,0.0,0.0045255692675709724,0.006335797253996134,0.0003017046255990863,0.0012068185023963451,0.0013576708734035492,0.0,0.0,0.0,0.0,0.0,0.0012068185023963451,0.0012068185023963451,0.0,0.0,0.0,0.0,0.014481822028756142,0.0,0.0,0.0018102277535945177,0.0,0.007240911014378071,0.20455573499202728,0.0,0.0,0.0,0.034696031361818314,0.0,0.0,0.0,0.0,0.0036204555071890354,0.0,0.0,0.0,0.0,0.0004525569383986294,0.024045858532190323,0.0,0.0,0.0,0.004223864991217852,0.011585458181798458,0.00859858188778162,0.0,0.0,0.02148137055337429,0.0,0.0,0.0073615931905806065,0.002051591407507658,0.0004223864816594869,0.0017197163542732596,0.0,0.002051591407507658,0.0,0.0018705687252804637,0.0,6.03409280302003e-05,0.0018403982976451516,0.0,0.0,0.0015085231279954314,0.0,0.0,0.12249208241701126,0.0,3.017046401510015e-05,0.0,0.0,0.0,0.0,0.0,0.0,0.0,9.051139204530045e-05,0.0016895459266379476,0.00039221602492034435,0.0004827274242416024,0.0,0.0,0.0008447729633189738,0.0014481822727248073,0.0,0.0,0.0,0.0017800573259592056,0.002051591407507658,0.0,0.0,0.0,0.0,0.0,0.0,0.0,0.0007844320498406887,0.0,0.0,0.0,0.0004223864816594869,0.0,0.0,0.0,0.0,0.0,0.0,0.0,0.0005430683377198875,0.0,0.0,0.0014481822727248073,0.0001810227840906009,0.0026851713191717863,0.0,0.0,0.0,3.017046401510015e-05,0.0,0.0,0.0,0.0007844320498406887,0.0,0.0,0.0,0.0,0.0,0.0,0.0,0.0,0.0,0.0,0.0,0.0003017046255990863,0.0,0.0,0.0,0.0,0.0,0.0,0.0,0.00015085231279954314,0.0,0.00021119324082974344,0.0,3.017046401510015e-05,3.017046401510015e-05,0.0003017046255990863,0.0,0.0,0.0,0.0,0.00021119324082974344,0.0,0.0006335797370411456,0.0,0.0,0.00015085231279954314,0.0005128978518769145,0.0,0.0,0.0,0.0,0.0,0.0,0.0001206818560604006,0.0,0.0,0.0,0.0,0.0,0.0,0.0004525569383986294,0.0,0.0,0.0,0.0,0.0,0.0,0.0,0.0005732388235628605,0.0,0.0,3.017046401510015e-05,0.0002413637121208012,0.00015085231279954314,0.0001810227840906009,0.0,0.0,0.0,0.0008749434491619468,0.0,0.0,0.0,0.0,0.0,0.0,0.0016895459266379476,0.0,0.0,0.013395685702562332,0.0,0.0,0.0,0.0,3.017046401510015e-05,0.0018403982976451516,0.0038919898215681314,0.0017197163542732596,9.051139204530045e-05,0.0,0.007693468127399683,0.0,0.0,0.0,0.0,0.016080856323242188,0.0,0.0,0.0,0.0,0.0,0.0,0.0,0.0,0.0,0.0,0.0,0.0,0.0,0.0,0.0,0.026429325342178345,0.0,0.002051591407507658,0.0,0.0,0.0,0.0,0.0,0.0,0.0,0.0,0.0,0.0,0.0,0.0,0.0,0.0004223864816594869,0.0,0.0,0.0,0.0,0.0,0.0,0.0,0.0,0.0,0.0,0.0,0.0,0.0007240911363624036,0.0,0.0013275003293529153,0.0,0.0,0.0,0.0,0.0016895459266379476,0.0,0.0,0.0,0.0,0.0,0.0,0.0,0.0,0.0,0.00015085231279954314,0.0,0.0,0.0,0.0,0.0,0.0,0.0,0.0,0.0,0.0,0.0,0.0,0.0,0.0,0.0,0.0,0.0,0.0
1780277060715121534,33192,1,0.036153290420770645,0.0009038322605192661,0.21963123977184296,0.017474090680480003,0.016268979758024216,0.008797300979495049,0.0,0.0,0.007833212614059448,0.011448541656136513,0.02711496688425541,0.0,0.0,0.0,0.0,0.005121716298162937,0.0,0.007230658084154129,0.004519161302596331,0.0003012774104718119,0.007833212614059448,0.0018076645210385323,0.0036153290420770645,0.0,0.0018076645210385323,0.003916606307029724,0.0,0.0,0.02530730329453945,0.005422993563115597,0.0,0.004519161302596331,0.006326825823634863,0.0003012774104718119,0.0012051096418872476,0.0013557483907788992,0.0,0.0,0.0,0.0,0.0,0.0012051096418872476,0.0012051096418872476,0.0,0.0,0.0,0.0,0.014461316168308258,0.0,0.0,0.0018076645210385323,0.0,0.007230658084154129,0.20426608622074127,0.0,0.0,0.0,0.0346469022333622,0.0,0.0,0.0,0.0,0.0036153290420770645,0.0,0.0,0.0,0.0,0.00045191613025963306,0.025186792016029358,0.0,0.0,0.0,0.004097372759133577,0.012231863103806973,0.008797300979495049,0.0,0.0,0.021842611953616142,0.0,0.0,0.007531935349106789,0.0021089420188218355,0.0003012774104718119,0.0017775367014110088,0.0,0.0021089420188218355,0.0,0.0017775367014110088,0.0,0.0,0.0017775367014110088,0.0,0.0,0.0015365148428827524,0.0,0.0,0.12289106100797653,0.0,0.0,0.0,0.0,0.0,0.0,0.0,0.0,0.0,0.00015063870523590595,0.0015365148428827524,0.0003916606365237385,0.0004820438625756651,0.0,0.0,0.0007531935116276145,0.001506387023255229,0.0,0.0,0.0,0.0017172812949866056,0.002018558792769909,0.0,0.0,0.0,0.0,6.025548282195814e-05,0.0,0.0,0.0007531935116276145,0.0,0.0,0.0,0.0004820438625756651,0.0,0.0,0.0,0.0,0.0,0.0,0.0,0.0006025548209436238,0.0,0.0,0.001566642546094954,0.00015063870523590595,0.0027114967815577984,0.0,0.0,0.0,0.0,0.0,3.012774141097907e-05,0.0,0.0010544710094109178,0.0,0.0,0.0,0.0,0.0,0.0,0.0,0.0,0.0,0.0,0.0,0.0003012774104718119,0.0,0.0,0.0,0.0,0.0,0.0,0.0,0.00015063870523590595,0.0,0.0003314051718916744,0.0,0.00021089418441988528,0.00021089418441988528,0.0003012774104718119,0.0,0.0,0.0,0.0,0.00024102193128783256,0.0,0.0006025548209436238,0.0,0.0,0.00015063870523590595,0.0007230658084154129,0.0,0.0,0.0,0.0,0.0,0.0,0.00012051096564391628,0.0,0.0,0.0,0.0,0.0,0.0,0.00021089418441988528,0.0,0.0,0.0,0.0,0.0,0.0,9.038322605192661e-05,0.0006025548209436238,0.0,0.0,6.025548282195814e-05,0.00021089418441988528,0.00018076645210385323,0.0003012774104718119,0.0,0.0,0.0,0.0009942154865711927,0.0,0.0,0.0,0.0,0.0,0.0,0.0017172812949866056,0.0,0.0,0.014370933175086975,0.0,0.0,0.0,0.0,0.0,0.002078814199194312,0.004097372759133577,0.0017172812949866056,0.0,0.0,0.008194745518267155,0.0,0.0,0.0,0.0,0.016570257022976875,0.0,0.0,0.0,0.0,0.0,0.0,0.0,0.0,0.0,0.0,0.0,0.0,0.0,0.0,0.0,0.02621113508939743,0.0,0.002018558792769909,0.0,0.0,0.0,0.0,0.0,0.0,0.0,0.0,0.0,0.0,0.0,0.0,0.0,0.0004820438625756651,0.0,0.0,0.0,0.0,0.0,0.0,0.0,0.0,0.0,0.0,0.0,0.0,0.0007230658084154129,0.0,0.0013557483907788992,0.0,0.0,0.0,0.0,0.001506387023255229,0.0,0.0,0.0,0.0,0.0,0.0,0.0,0.0,0.0,9.038322605192661e-05,0.0,0.0,0.0,0.0,0.0,0.0,0.0,0.0,0.0,0.0,0.0,0.0,0.0,0.0,0.0,0.0,0.0,0.0
1780277065715121534,33045,1,0.03631411865353584,0.0009078529546968639,0.21927674114704132,0.01755182258784771,0.016341352835297585,0.008745649829506874,0.0,0.0,0.007868058979511261,0.011499470099806786,0.027235588058829308,0.0,0.0,0.0,0.0,0.005144499707967043,0.0,0.007262823637574911,0.00453926483169198,0.0003026176418643445,0.007868058979511261,0.0018157059093937278,0.0036314118187874556,0.0,0.0018157059093937278,0.0039340294897556305,0.0,0.0,0.02541988156735897,0.0054471176117658615,0.0,0.00453926483169198,0.006354970391839743,0.0003026176418643445,0.001210470567457378,0.0013617794029414654,0.0,0.0,0.0,0.0,0.0,0.001210470567457378,0.001210470567457378,0.0,0.0,0.0,0.0,0.014525647275149822,0.0,0.0,0.0018157059093937278,0.0,0.007262823637574911,0.20372219383716583,0.0,0.0,0.0,0.03467998281121254,0.0,0.0,0.0,0.0,0.0036314118187874556,0.0,0.0,0.0,0.0,0.00045392647734843194,0.024784384295344353,0.0,0.0,0.0,0.00426690885797143,0.01195339672267437,0.008775911293923855,0.0,0.0,0.0212740208953619,0.0,0.0,0.007535179145634174,0.0021485851611942053,0.0004236646927893162,0.001724920584820211,0.0,0.0021485851611942053,0.0,0.001724920584820211,0.0,3.026176455023233e-05,0.0018762294203042984,0.0,0.0,0.0015130882384255528,3.026176455023233e-05,0.0,0.12192464619874954,3.026176455023233e-05,0.0,0.0,0.0,0.0,0.0,0.0,0.0,0.0,0.00015130882093217224,0.0015433499356731772,0.00039340293733403087,0.00039340293733403087,0.0,0.0,0.0007868058746680617,0.0015736117493361235,0.0,0.0,0.0,0.001724920584820211,0.0019972764421254396,0.0,0.0,0.0,0.0,3.026176455023233e-05,0.0,0.0,0.0007868058746680617,0.0,0.0,0.0,0.0004236646927893162,0.0,0.0,0.0,0.0,0.0,0.0,0.0,0.0006657587946392596,0.0,0.0,0.0015736117493361235,9.078529546968639e-05,0.0027235588058829308,0.0,0.0,0.0,0.0,0.0,0.0,0.0,0.0007565441192127764,0.0,0.0,0.0,0.0,0.0,0.0,0.0,0.0,0.0,0.0,0.0,0.0003026176418643445,0.0,0.0,0.0,0.0,0.0,0.0,0.0,0.00015130882093217224,0.0,0.00039340293733403087,0.0,0.00012104705820092931,0.00015130882093217224,0.00027235588640905917,0.0,0.0,0.0,0.0,0.00024209411640185863,0.0,0.0006657587946392596,0.0,0.0,0.00015130882093217224,0.000817067630123347,0.0,0.0,0.0,0.0,0.0,3.026176455023233e-05,3.026176455023233e-05,0.0,0.0,0.0,0.0,0.0,0.0,0.0004236646927893162,0.0,0.0,0.0,0.0,0.0,0.0,9.078529546968639e-05,0.00045392647734843194,0.0,0.0,0.0,6.052352910046466e-05,0.00015130882093217224,9.078529546968639e-05,0.0,0.0,0.0,0.0010591617319732904,0.0,0.0,0.0,0.0,6.052352910046466e-05,0.0,0.001724920584820211,0.0,0.0,0.014071720652282238,0.0,0.0,0.0,0.0,0.0,0.002027538139373064,0.004145861603319645,0.001724920584820211,6.052352910046466e-05,0.0,0.007989105768501759,0.0,0.0,0.0,0.0,0.015947949141263962,0.0,0.0,0.0,0.0,0.0,0.0,0.0,0.0,0.0,0.0,0.0,0.0,0.0,0.0,0.0,0.02611590176820755,0.0,0.001936752931214869,0.0,0.0,0.0,0.0,0.0,0.0,0.0,0.0,0.0,0.0,0.0,0.0,0.0,0.00039340293733403087,0.0,0.0,0.0,0.0,0.0,0.0,0.0,0.0,0.0,0.0,0.0,0.0,0.0007262823637574911,0.0,0.0013617794029414654,0.0,0.0,0.0,0.0,0.0015433499356731772,0.0,0.0,0.0,0.0,0.0,0.0,0.0,0.0,0.0,6.052352910046466e-05,0.0,0.0,0.0,0.0,0.0,0.0,3.026176455023233e-05,0.0,0.0,0.0,0.0,0.0,0.0,0.0,0.0,0.0,0.0,0.0
1780277070715121534,33151,1,0.036198001354932785,0.0009049500804394484,0.2199028730392456,0.01749570108950138,0.016289101913571358,0.007571415510028601,0.0,0.0,0.007842900231480598,0.011462700553238392,0.027148501947522163,0.0,0.0,0.0,0.0,0.005128050222992897,0.0,0.007239600643515587,0.004524750169366598,0.00030165002681314945,0.007842900231480598,0.0018099001608788967,0.0036198003217577934,0.0,0.0018099001608788967,0.003921450115740299,0.0,0.0,0.02533860132098198,0.00542970048263669,0.0,0.004524750169366598,0.006334650330245495,0.00030165002681314945,0.0012066001072525978,0.0013574251206591725,0.0,0.0,0.0,0.0,0.0,0.0012066001072525978,0.0012066001072525978,0.0,0.0,0.0,0.0,0.014479201287031174,0.0,0.0,0.0018099001608788967,0.0,0.007239600643515587,0.20451872050762177,0.0,0.0,0.0,0.034689754247665405,0.0,0.0,0.0,0.0,0.0036198003217577934,0.0,0.0,0.0,0.0,0.0004524750402197242,0.0245241466909647,0.0,0.0,0.0,0.004162770230323076,0.011945340782403946,0.00874785054475069,0.0,0.0,0.02165847271680832,0.0,0.0,0.007299930788576603,0.002081385115161538,0.00036198002635501325,0.0017495701322332025,0.0,0.002081385115161538,0.0,0.0018099001608788967,0.0,9.049500658875331e-05,0.001870230189524591,0.0,0.0,0.0015082501340657473,0.0,0.0,0.122590571641922,0.0,0.0,0.0,0.0,0.0,0.0,0.0,0.0,0.0,0.00015082501340657473,0.0016289101913571358,0.0004524750402197242,0.0004826400545425713,0.0,0.0,0.0008144550956785679,0.001478085177950561,0.0,0.0,0.0,0.0016892401035875082,0.0020210552029311657,0.0,0.0,0.0,0.0,0.0,0.0,0.0,0.0007541250670328736,0.0,0.0,0.0,0.00042231002589687705,0.0,0.0,0.0,0.0,0.0,0.0,0.0,0.000633465067949146,0.0,0.0,0.0015082501340657473,0.00018099001317750663,0.002684685168787837,0.0,0.0,0.0,0.0,0.0,9.049500658875331e-05,0.0,0.0005429700249806046,0.0,0.0,0.0,0.0,0.0,0.0,0.0,0.0,0.0,0.0,0.0,0.00024132002727128565,0.0,0.0,0.0,0.0,0.0,0.0,0.0,0.00015082501340657473,0.0,0.00036198002635501325,0.0,0.00015082501340657473,0.00015082501340657473,0.00030165002681314945,0.0,0.0,0.0,0.0,0.0002714850124903023,0.0,0.000633465067949146,0.0,0.0,0.00015082501340657473,0.0003921450406778604,0.0,0.0,0.0,0.0,0.0,0.0,9.049500658875331e-05,0.0,0.0,0.0,6.033000681782141e-05,0.0,0.0,0.00024132002727128565,0.0,0.0,0.0,0.0,0.0,0.0,0.00012066001363564283,0.0003921450406778604,0.0,0.0,3.0165003408910707e-05,9.049500658875331e-05,0.00024132002727128565,9.049500658875331e-05,0.0,0.0,0.0,0.0008747850661166012,0.0,0.0,0.0,0.0,0.0,0.0,0.0017495701322332025,0.0,0.0,0.013966396450996399,0.0,0.0,0.0,0.0,3.0165003408910707e-05,0.0020512202754616737,0.003951615188270807,0.0017797352047637105,3.0165003408910707e-05,0.0,0.007993726059794426,0.0,0.0,0.0,0.0,0.016289101913571358,0.0,0.0,0.0,0.0,0.0,0.0,0.0,0.0,0.0,0.0,0.0,0.0,0.0,0.0,0.0,0.026394376531243324,0.0,0.0019908901304006577,0.0,0.0,0.0,0.0,0.0,0.0,0.0,0.0,0.0,0.0,0.0,0.0,0.0,0.00042231002589687705,0.0,0.0,0.0,0.0,0.0,0.0,0.0,0.0,0.0,0.0,0.0,0.0,0.0007842900813557208,0.0,0.0013272601645439863,0.0,0.0,0.0,0.0,0.0015685801627114415,0.0,0.0,0.0,0.0,0.0,0.0,0.0,0.0,0.0,0.00015082501340657473,0.0,0.0,0.0,0.0,0.0,0.0,0.0,0.0,0.0,0.0,0.0,0.0,0.0,0.0,0.0,0.0,0.0,0.0
1780277075715121534,26515,1,0.036205921322107315,0.0009051480446942151,0.21995097398757935,0.01749952882528305,0.016292665153741837,0.007354327943176031,0.0,0.0,0.007844616658985615,0.011465208604931831,0.02715444006025791,0.0,0.0,0.0,0.0,0.005129172001034021,0.0,0.0072411843575537205,0.004525740165263414,0.00030171600519679487,0.007844616658985615,0.0018102960893884301,0.0036205921787768602,0.0,0.0018102960893884301,0.003922308329492807,0.0,0.0,0.02534414455294609,0.005430888384580612,0.0,0.004525740165263414,0.006336036138236523,0.00030171600519679487,0.0012068640207871795,0.001357722096145153,0.0,0.0,0.0,0.0,0.0,0.0012068640207871795,0.0012068640207871795,0.0,0.0,0.0,0.0,0.014482368715107441,0.0,0.0,0.0018102960893884301,0.0,0.0072411843575537205,0.2045634537935257,0.0,0.0,0.0,0.03469734266400337,0.0,0.0,0.0,0.0,0.0036205921787768602,0.0,0.0,0.0,0.0,0.00045257402234710753,0.024174995720386505,0.0,0.0,0.0,0.004224024247378111,0.011465208604931831,0.008636620827019215,0.0,0.0,0.021761266514658928,0.0,0.0,0.007505185902118683,0.0021497264970093966,0.00030171600519679487,0.0017348671099171042,0.0,0.0022251554764807224,0.0,0.0018102960893884301,0.0,3.771450064959936e-05,0.0019611541647464037,0.0,0.0,0.0016217235242947936,0.0,0.0,0.12253441661596298,0.0,0.0,3.771450064959936e-05,0.0,0.0,0.0,0.0,0.0,0.0,0.00011314350558677688,0.0016594380140304565,0.0003771450137719512,0.00041485950350761414,0.0,0.0,0.000942862534429878,0.0014708655653521419,0.0,0.0,0.0,0.0017348671099171042,0.0020742975175380707,0.0,3.771450064959936e-05,0.0,0.0,3.771450064959936e-05,0.0,0.0,0.0007542900275439024,0.0,0.0,0.0,0.0004902885411866009,0.0,0.0,0.0,0.0,0.0,0.0,0.0,0.0005280030309222639,0.0,0.0,0.0015085800550878048,0.00015085800259839743,0.002715444192290306,0.0,0.0,0.0,0.0,0.0,3.771450064959936e-05,0.0,0.0004902885411866009,0.0,0.0,0.0,0.0,0.0,0.0,0.0,0.0,0.0,0.0,0.0,0.00030171600519679487,0.0,0.0,0.0,0.0,0.0,0.0,0.0,0.00015085800259839743,0.0,0.00026400151546113193,0.0,0.00011314350558677688,0.00011314350558677688,0.00030171600519679487,0.0,0.0,0.0,0.0,0.00015085800259839743,0.0,0.0006411465001292527,0.0,0.0,0.00015085800259839743,0.00045257402234710753,0.0,0.0,0.0,0.0,0.0,0.0,7.542900129919872e-05,0.0,0.0,0.0,0.0,0.0,0.0,0.00026400151546113193,0.0,0.0,0.0,0.0,0.0,0.0,7.542900129919872e-05,0.0006034320103935897,0.0,0.0,0.0,0.0001885725068859756,0.0001885725068859756,0.00022628701117355376,0.0,0.0,0.0,0.000942862534429878,0.0,0.0,0.0,0.0,7.542900129919872e-05,0.0,0.0016594380140304565,0.0,0.0,0.013426362536847591,0.0,0.0,0.0,0.0,0.0,0.0020742975175380707,0.0038845937233418226,0.0016971525037661195,0.00015085800259839743,0.0,0.007505185902118683,0.0,0.0,0.0,0.0,0.016405807808041573,0.0,0.0,0.0,0.0,0.0,0.0,0.0,0.0,0.0,0.0,0.0,0.0,0.0,0.0,0.0,0.026023006066679955,0.0,0.001998868538066745,0.0,0.0,0.0,0.0,0.0,0.0,0.0,0.0,0.0,0.0,0.0,0.0,0.0,0.0004902885411866009,0.0,0.0,0.0,0.0,0.0,0.0,0.0,0.0,0.0,0.0,0.0,0.0,0.0007920045172795653,0.0,0.0013200074899941683,0.0,0.0,0.0,0.0,0.0015840090345591307,0.0,0.0,0.0,0.0,0.0,0.0,0.0,0.0,0.0,7.542900129919872e-05,0.0,0.0,0.0,0.0,0.0,0.0,0.0,0.0,0.0,0.0,0.0,0.0,0.0,0.0,0.0,0.0,0.0,0.0
1780277080715121534,33256,1,0.03608371317386627,0.000902092840988189,0.21920856833457947,0.017440462484955788,0.016237670555710793,0.010704834945499897,0.0,0.0,0.007818138226866722,0.011426509357988834,0.027062784880399704,0.0,0.0,0.0,0.0,0.005111859645694494,0.0,0.007216742727905512,0.004510464146733284,0.00030069760396145284,0.007818138226866722,0.001804185681976378,0.003608371363952756,0.0,0.001804185681976378,0.003909069113433361,0.0,0.0,0.02525860071182251,0.005412557162344456,0.0,0.004510464146733284,0.0063146501779556274,0.00030069760396145284,0.0012027904158458114,0.001353139290586114,0.0,0.0,0.0,0.0,0.0,0.0012027904158458114,0.0012027904158458114,0.0,0.0,0.0,0.0,0.014433485455811024,0.0,0.0,0.001804185681976378,0.0,0.007216742727905512,0.20387297868728638,0.0,0.0,0.0,0.03458022698760033,0.0,0.0,0.0,0.0,0.003608371363952756,0.0,0.0,0.0,0.0,0.0004510464204940945,0.02513832040131092,0.0,0.0,0.0,0.004119557328522205,0.012178253382444382,0.008750300854444504,0.0,0.0,0.02156001888215542,0.0,0.0,0.007487370632588863,0.0021048833150416613,0.0002706278464756906,0.0017741159535944462,0.0,0.0021048833150416613,0.0,0.001804185681976378,0.0,0.0,0.0017741159535944462,0.0,0.0,0.0014132788637652993,0.0,0.0,0.12268462777137756,0.0,0.0,0.0,0.0,0.0,0.0,0.0,0.0,0.0,0.00015034880198072642,0.0016237671952694654,0.00048111617797985673,0.0006013952079229057,0.0,0.0,0.0007216742960736156,0.0015034880489110947,0.0,0.0,0.0,0.0017741159535944462,0.002134953159838915,0.0,0.0,0.0,0.0,0.0,0.0,0.0,0.0007517440244555473,0.0,0.0,0.0,0.0004510464204940945,0.0,0.0,0.0,0.0,0.0,3.0069761123741046e-05,0.0,0.0005713254795409739,0.0,0.0,0.00156362762209028,0.00021048833150416613,0.002706278581172228,0.0,0.0,0.0,0.0,0.0,0.0,0.0,0.0009321626275777817,0.0,0.0,0.0,0.0,0.0,0.0,0.0,0.0,0.0,0.0,0.0,0.00024055808898992836,0.0,0.0,0.0,0.0,0.0,0.0,0.0,0.00015034880198072642,0.0,0.0003608371480368078,0.0,0.00015034880198072642,0.00015034880198072642,0.00030069760396145284,0.0,0.0,0.0,0.0,0.0003608371480368078,0.0,0.0005713254795409739,0.0,0.0,0.00015034880198072642,0.0007216742960736156,0.0,0.0,0.0,0.0,0.0,0.0,0.00012027904449496418,0.0,0.0,0.0,6.013952224748209e-05,0.0,0.0,0.00024055808898992836,0.0,0.0,0.0,0.0,0.0,0.0,0.00015034880198072642,0.00042097666300833225,0.0,0.0,0.00015034880198072642,0.00030069760396145284,0.00012027904449496418,0.0002706278464756906,0.0,0.0,0.0,0.0009321626275777817,0.0,0.0,0.0,0.0,0.0,0.0,0.0017741159535944462,0.0,0.0,0.01425306685268879,0.0,0.0,0.0,0.0,0.0,0.0021048833150416613,0.004089487716555595,0.0017741159535944462,0.0,0.0,0.008118835277855396,0.0,0.0,0.0,0.0,0.016117392107844353,0.0,0.0,0.0,0.0,0.0,0.0,0.0,0.0,0.0,0.0,0.0,0.0,0.0,0.0,0.0,0.026220832020044327,0.0,0.0020748134702444077,0.0,0.0,0.0,0.0,0.0,0.0,0.0,0.0,0.0,0.0,0.0,0.0,0.0,0.0004510464204940945,0.0,0.0,0.0,0.0,0.0,0.0,0.0,0.0,0.0,0.0,0.0,0.0,0.0006916045094840229,0.0,0.001353139290586114,0.0,0.0,0.0,0.0,0.0016237671952694654,0.0,0.0,0.0,3.0069761123741046e-05,0.0,0.0,0.0,0.0,0.0,0.0001804185740184039,0.0,0.0,0.0,0.0,0.0,0.0,0.0,0.0,0.0,0.0,0.0,0.0,0.0,0.0,0.0,0.0,0.0,0.0
1780277085715121534,33229,1,0.036113034933805466,0.0009028258500620723,0.21938668191432953,0.017454633489251137,0.016250865533947945,0.009900989942252636,0.0,0.0,0.007824490778148174,0.011435793712735176,0.027084775269031525,0.0,0.0,0.0,0.0,0.005116013344377279,0.0,0.007222606800496578,0.004514129366725683,0.0003009419597219676,0.007824490778148174,0.0018056517001241446,0.003611303400248289,0.0,0.0018056517001241446,0.003912245389074087,0.0,0.0,0.025279123336076736,0.00541695486754179,0.0,0.004514129366725683,0.006319780834019184,0.0003009419597219676,0.0012037678388878703,0.0013542387168854475,0.0,0.0,0.0,0.0,0.0,0.0012037678388878703,0.0012037678388878703,0.0,0.0,0.0,0.0,0.014445213600993156,0.0,0.0,0.0018056517001241446,0.0,0.007222606800496578,0.20403863489627838,0.0,0.0,0.0,0.034608323127031326,0.0,0.0,0.0,0.0,0.003611303400248289,0.0,0.0,0.0,0.0,0.00045141292503103614,0.02374432049691677,0.0,0.0,0.0,0.004273375496268272,0.0114658884704113,0.008516657166182995,0.0,0.0,0.02148725464940071,0.0,0.0,0.0072527010925114155,0.0020764993969351053,0.0003611303400248289,0.0017755575245246291,0.0,0.0020764993969351053,0.0,0.0017454633489251137,0.0,6.0188391216797754e-05,0.0020764993969351053,0.0,0.0,0.0013542387168854475,0.0,0.0,0.12115922570228577,0.0,0.0,6.0188391216797754e-05,0.0,0.0,0.0,0.0,0.0,0.0,0.0001504709798609838,0.0015648981789126992,0.0006319780950434506,0.0005717896856367588,0.0,0.0,0.0007523548556491733,0.0015047097112983465,0.0,0.0,0.0,0.0018056517001241446,0.0019561226945370436,0.0,3.0094195608398877e-05,0.0,0.0,0.0,0.0,0.0,0.0007523548556491733,0.0,0.0,0.0,0.00045141292503103614,0.0,0.0,0.0,0.0,0.0,0.0,0.0,0.0006319780950434506,0.0,0.0,0.0015047097112983465,0.0001504709798609838,0.0026783833745867014,0.0,0.0,0.0,0.0,0.0,0.0,0.0,0.001173673546873033,0.0,0.0,0.0,0.0,0.0,0.0,0.0,0.0,0.0,0.0,0.0,0.0003009419597219676,0.0,0.0,0.0,0.0,0.0,0.0,0.0,0.0001504709798609838,0.0,0.0005416955100372434,0.0,0.00024075356486719102,0.00021065936016384512,0.0003009419597219676,0.0,0.0,0.0,0.0,0.0003009419597219676,0.0,0.0006319780950434506,0.0,0.0,0.0001504709798609838,0.0008426374406553805,0.0,0.0,0.0,0.0,0.0,0.0,6.0188391216797754e-05,0.0,0.0,0.0,0.0,0.0,0.0,0.0003912245447281748,0.0,0.0,0.0,0.0,0.0,0.0,0.00018056517001241446,0.00048150712973438203,0.0,0.0,6.0188391216797754e-05,0.00021065936016384512,0.00024075356486719102,0.00018056517001241446,0.0,0.0,0.0,0.0008426374406553805,0.0,0.0,0.0,0.0,0.0,0.0,0.0017153690569102764,0.0,0.0,0.013391916640102863,0.0,0.0,0.0,0.0,3.0094195608398877e-05,0.0019561226945370436,0.00388215109705925,0.0017755575245246291,0.00018056517001241446,0.0,0.007643925491720438,0.0,0.0,0.0,0.0,0.016130488365888596,0.0,0.0,0.0,0.0,0.0,0.0,0.0,0.0,0.0,0.0,0.0,0.0,0.0,0.0,0.0,0.02561016008257866,0.0,0.0019260285189375281,0.0,0.0,0.0,0.0,0.0,0.0,0.0,3.0094195608398877e-05,0.0,0.0,0.0,0.0,0.0,0.00045141292503103614,0.0,0.0,0.0,0.0,0.0,0.0,0.0,0.0,0.0,0.0,0.0,0.0,0.0007222606800496578,0.0,0.001324144541285932,0.0,0.0,0.0,0.0,0.0015648981789126992,0.0,0.0,0.0,0.0,0.0,0.0,0.0,0.0,0.0,0.00018056517001241446,0.0,0.0,0.0,0.0,0.0,0.0,3.0094195608398877e-05,0.0,0.0,0.0,0.0,0.0,0.0,0.0,0.0,0.0,0.0,0.0
1780277090715121534,33194,1,0.036151111125946045,0.0009037777781486511,0.21961800754070282,0.01747303642332554,0.01626800000667572,0.008857022039592266,0.0,0.0,0.007832740433514118,0.011447852477431297,0.027113333344459534,0.0,0.0,0.0,0.0,0.005121407564729452,0.0,0.007230222225189209,0.004518888890743256,0.0003012592496816069,0.007832740433514118,0.0018075555562973022,0.0036151111125946045,0.0,0.0018075555562973022,0.003916370216757059,0.0,0.0,0.02530577778816223,0.005422666668891907,0.0,0.004518888890743256,0.006326444447040558,0.0003012592496816069,0.0012050369987264276,0.0013556666672229767,0.0,0.0,0.0,0.0,0.0,0.0012050369987264276,0.0012050369987264276,0.0,0.0,0.0,0.0,0.014460444450378418,0.0,0.0,0.0018075555562973022,0.0,0.007230222225189209,0.20425377786159515,0.0,0.0,0.0,0.03464481607079506,0.0,0.0,0.0,0.0,0.0036151111125946045,0.0,0.0,0.0,0.0,0.00045188888907432556,0.023016206920146942,0.0,0.0,0.0,0.004157377872616053,0.011267096735537052,0.00873651821166277,0.0,0.0,0.021299030631780624,0.0,0.0,0.007200096268206835,0.002018437022343278,0.000512140744831413,0.001656926004216075,0.0,0.002018437022343278,0.0,0.0016870518447831273,0.0,0.0002108814805978909,0.0019883110653609037,3.012592605955433e-05,0.0,0.0013556666672229767,0.0,0.0,0.12146773189306259,0.0,6.025185211910866e-05,3.012592605955433e-05,0.0,0.0,0.0,0.0,0.0,0.0,9.037777635967359e-05,0.0015364222927019,0.00045188888907432556,0.0003916370333172381,0.0,0.0,0.0007230222108773887,0.0014460444217547774,0.0,0.0,0.0,0.0017473037587478757,0.0018678074702620506,0.0,0.0,0.0,0.0,0.0,0.0,0.0,0.0007832740666344762,0.0,0.0,0.0,0.0004217629611957818,0.0,0.0,0.0,0.0,0.0,0.0,0.0,0.0006627703551203012,0.0,0.0,0.001415918581187725,0.00012050370423821732,0.0027113333344459534,0.0,0.0,0.0,0.0,0.0,0.0,0.0,0.0006928963121026754,0.0,0.0,0.0,0.0,0.0,0.0,0.0,0.0,0.0,0.0,0.0,0.0003012592496816069,0.0,0.0,0.0,0.0,0.0,0.0,0.0,0.00015062962484080344,0.0,0.0002108814805978909,0.0,0.0002108814805978909,0.0002108814805978909,0.0003012592496816069,0.0,0.0,0.0,0.0,0.0003916370333172381,0.0,0.0006627703551203012,0.0,0.0,0.00015062962484080344,0.0006025184993632138,0.0,0.0,0.0,0.0,0.0,0.0,9.037777635967359e-05,0.0,0.0,0.0,0.0,0.0,0.0,0.0003916370333172381,0.0,0.0,0.0,0.0,0.0,0.0,6.025185211910866e-05,0.0004217629611957818,0.0,0.0,6.025185211910866e-05,0.0003313851775601506,0.00024100740847643465,0.00036151110543869436,0.0,0.0,0.0,0.0010544074466452003,0.0,0.0,0.0,0.0,0.0,0.0,0.0016268000472337008,0.0,0.0,0.012652888894081116,0.0,0.0,0.0,0.0,6.025185211910866e-05,0.001897933310829103,0.0037356149405241013,0.0016268000472337008,0.00012050370423821732,0.0,0.007501355838030577,0.0,0.0,0.0,0.0,0.016057118773460388,0.0,0.0,0.0,0.0,0.0,0.0,0.0,0.0,0.0,0.0,0.0,0.0,0.0,0.0,0.0,0.026028800755739212,0.0,0.001777429599314928,0.0,0.0,0.0,0.0,0.0,0.0,0.0,3.012592605955433e-05,0.0,0.0,0.0,0.0,0.0,0.0004217629611957818,0.0,0.0,0.0,0.0,0.0,0.0,0.0,0.0,0.0,0.0,0.0,0.0,0.0006928963121026754,0.0,0.0012954148696735501,0.0,0.0,0.0,0.0,0.0015364222927019,0.0,0.0,0.0,0.0,0.0,0.0,0.0,0.0,0.0,0.00018075555271934718,0.0,0.0,0.0,0.0,0.0,0.0,0.0,0.0,0.0,0.0,0.0,0.0,0.0,0.0,0.0,0.0,0.0,0.0
1780277095715121534,26572,1,0.03612825646996498,0.0009032064117491245,0.21947914361953735,0.0174619909375906,0.016257714480161667,0.009483667090535164,0.0,0.0,0.007827788591384888,0.011440614238381386,0.02709619142115116,0.0,0.0,0.0,0.0,0.005118169356137514,0.0,0.007225651293992996,0.004516032058745623,0.000301068794215098,0.007827788591384888,0.001806412823498249,0.003612825646996498,0.0,0.001806412823498249,0.003913894295692444,0.0,0.0,0.025289779528975487,0.005419238470494747,0.0,0.004516032058745623,0.006322444882243872,0.000301068794215098,0.001204275176860392,0.0013548096176236868,0.0,0.0,0.0,0.0,0.0,0.001204275176860392,0.001204275176860392,0.0,0.0,0.0,0.0,0.014451302587985992,0.0,0.0,0.001806412823498249,0.0,0.007225651293992996,0.20412464439868927,0.0,0.0,0.0,0.0346229113638401,0.0,0.0,0.0,0.0,0.003612825646996498,0.0,0.0,0.0,0.0,0.00045160320587456226,0.024123137816786766,0.0,0.0,0.0,0.004064428620040417,0.011252446100115776,0.00854282733052969,0.0,0.0,0.021451150998473167,0.0,0.0,0.0074514527805149555,0.002145115053281188,0.0003387024044059217,0.0016935119638219476,0.0,0.0022580160293728113,0.0,0.0016935119638219476,0.0,0.0,0.0018440464045852423,0.0,3.763359927688725e-05,0.0013548096176236868,0.0,0.0,0.12189523130655289,0.0,3.763359927688725e-05,0.0,0.0,0.0,0.0,0.0,0.0,0.0,0.00011290080146864057,0.0015429775230586529,0.0004892367869615555,0.000602137588430196,0.0,0.0,0.0007526719709858298,0.0015429775230586529,0.0,0.0,0.0,0.001768779125995934,0.0020322143100202084,0.0,0.0,0.0,0.0,0.0,0.0,0.0,0.0007526719709858298,0.0,0.0,0.0,0.0004139695956837386,0.0,0.0,0.0,0.0,0.0,0.0,0.0,0.0006397711695171893,0.0,0.0,0.0016182448016479611,0.00018816799274645746,0.0027096192352473736,0.0,0.0,0.0,3.763359927688725e-05,0.0,3.763359927688725e-05,0.0,0.0008279391913674772,0.0,0.0,0.0,0.0,0.0,0.0,0.0,0.0,0.0,0.0,0.0,0.000301068794215098,0.0,0.0,0.0,0.0,0.0,0.0,0.0,0.000150534397107549,0.0,0.00045160320587456226,0.0,0.00018816799274645746,0.00018816799274645746,0.000301068794215098,0.0,0.0,0.0,0.0,0.00022580160293728113,0.0,0.000602137588430196,0.0,0.0,0.000150534397107549,0.0007526719709858298,0.0,0.0,0.0,0.0,0.0,0.0,0.00018816799274645746,0.0,0.0,0.0,0.0,0.0,0.0,0.0005645040073432028,0.0,0.0,0.0,0.0,0.0,0.0,0.00011290080146864057,0.0004892367869615555,0.0,0.0,7.52671985537745e-05,0.00018816799274645746,0.00018816799274645746,0.0003763359854929149,0.0,0.0,0.0,0.0009408399928361177,0.0,0.0,0.0,0.0,0.000150534397107549,0.0,0.0016935119638219476,0.0,0.0,0.01335992757230997,0.0,0.0,0.0,0.0,0.0,0.001994580728933215,0.0038386271335184574,0.0016935119638219476,3.763359927688725e-05,0.0,0.007225651293992996,0.0,3.763359927688725e-05,0.0,0.0,0.01614481396973133,0.0,0.0,0.0,0.0,0.0,0.0,0.0,0.0,0.0,0.0,0.0,0.0,0.0,0.0,0.0,0.025816649198532104,0.0,0.0018440464045852423,0.0,0.0,0.0,0.0,0.0,0.0,0.0,0.0,0.0,0.0,0.0,0.0,0.0,0.0004139695956837386,0.0,0.0,0.0,0.0,0.0,0.0,0.0,0.0,0.0,0.0,0.0,0.0,0.0006774048088118434,0.0,0.0013171759201213717,0.0,0.0,0.0,0.0,0.0015429775230586529,0.0,0.0,0.0,0.0,0.0,0.0,0.0,0.0,0.0,3.763359927688725e-05,0.0,0.0,0.0,0.0,0.0,0.0,0.0,0.0,0.0,0.0,0.0,0.0,0.0,0.0,0.0,0.0,0.0,0.0
1780277100715121534,33145,1,0.03620455414056778,0.0009051138767972589,0.21994267404079437,0.017498869448900223,0.01629205048084259,0.007391763385385275,0.0,0.0,0.007844320498406887,0.011464775539934635,0.027153417468070984,0.0,0.0,0.0,0.0,0.005128978751599789,0.0,0.007240911014378071,0.0045255692675709724,0.0003017046255990863,0.007844320498406887,0.0018102277535945177,0.0036204555071890354,0.0,0.0018102277535945177,0.0039221602492034435,0.0,0.0,0.025343189015984535,0.005430683493614197,0.0,0.0045255692675709724,0.006335797253996134,0.0003017046255990863,0.0012068185023963451,0.0013576708734035492,0.0,0.0,0.0,0.0,0.0,0.0012068185023963451,0.0012068185023963451,0.0,0.0,0.0,0.0,0.014481822028756142,0.0,0.0,0.0018102277535945177,0.0,0.007240911014378071,0.20455573499202728,0.0,0.0,0.0,0.034696031361818314,0.0,0.0,0.0,0.0,0.0036204555071890354,0.0,0.0,0.0,0.0,0.0004525569383986294,0.025252677500247955,0.0,0.0,0.0,0.0041635241359472275,0.012309549376368523,0.008719263598322868,0.0,0.0,0.02184341475367546,0.0,0.0,0.007512445095926523,0.002111932495608926,0.0003017046255990863,0.0018102277535945177,0.0,0.002111932495608926,0.0,0.0018102277535945177,0.0,0.0,0.0018102277535945177,0.0,0.0,0.0017197163542732596,0.0,0.0,0.12309549003839493,0.0,0.0,0.0,0.0,0.0,0.0,0.0,0.0,0.0,0.00015085231279954314,0.0015688640996813774,0.0005128978518769145,0.0006637501646764576,0.0,0.0,0.0007542615639977157,0.0015085231279954314,0.0,0.0,0.0,0.0017197163542732596,0.0020817620679736137,0.0,0.0,0.0,0.0,0.0,0.0,0.0,0.0007542615639977157,0.0,0.0,0.0,0.0004223864816594869,0.0,0.0,0.0,0.0,0.0,0.0,0.0,0.0006034092511981726,0.0,0.0,0.0015990345273166895,0.00021119324082974344,0.0027153417468070984,0.0,0.0,0.0,3.017046401510015e-05,0.0,3.017046401510015e-05,0.0,0.0004827274242416024,0.0,0.0,0.0,0.0,0.0,0.0,0.0,0.0,0.0,0.0,0.0,0.0003017046255990863,0.0,0.0,0.0,0.0,0.0,0.0,0.0,0.00015085231279954314,0.0,0.00015085231279954314,0.0,0.0001206818560604006,0.0001206818560604006,0.0003017046255990863,0.0,0.0,0.0,0.0,0.0001206818560604006,0.0,0.0006034092511981726,0.0,0.0,0.00015085231279954314,0.0005430683377198875,0.0,0.0,0.0,0.0,0.0,0.0,0.00015085231279954314,0.0,0.0,0.0,0.0,0.0,0.0,0.0001206818560604006,0.0,0.0,0.0,0.0,0.0,0.0,6.03409280302003e-05,0.0002413637121208012,0.0,0.0,3.017046401510015e-05,0.00021119324082974344,0.00021119324082974344,0.00015085231279954314,0.0,0.0,0.0,0.001055966247804463,0.0,0.0,0.0,0.0,0.0,0.0,0.0018102277535945177,0.0,0.0,0.014300799928605556,0.0,0.0,0.0,0.0,0.0,0.002111932495608926,0.0041635241359472275,0.0018102277535945177,0.0,0.0,0.00841755885630846,0.0,0.0,0.0,0.0,0.016533413901925087,0.0,0.0,0.0,0.0,0.0,0.0,0.0,0.0,0.0,0.0,0.0,0.0,0.0,0.0,0.0,0.026338813826441765,0.0,0.0020817620679736137,0.0,0.0,0.0,0.0,0.0,0.0,0.0,0.0,0.0,0.0,0.0,0.0,0.0,0.0004223864816594869,0.0,0.0,0.0,0.0,0.0,0.0,0.0,0.0,0.0,0.0,0.0,0.0,0.0006335797370411456,0.0,0.0013576708734035492,0.0,0.0,0.0,0.0,0.0015386936720460653,0.0,0.0,0.0,0.0,0.0,0.0,0.0,0.0,0.0,6.03409280302003e-05,0.0,0.0,0.0,0.0,0.0,0.0,0.0,3.017046401510015e-05,0.0,0.0,0.0,0.0,0.0,0.0,0.0,0.0,0.0,0.0
1780277105715121534,33127,1,0.03622422739863396,0.0009056056733243167,0.22006218135356903,0.017508376389741898,0.016300901770591736,0.006852416321635246,0.0,0.0,0.007848583161830902,0.011471005156636238,0.027168171480298042,0.0,0.0,0.0,0.0,0.0051317657344043255,0.0,0.007244845386594534,0.004528028424829245,0.00030186856747604907,0.007848583161830902,0.0018112113466486335,0.003622422693297267,0.0,0.0018112113466486335,0.003924291580915451,0.0,0.0,0.0253569595515728,0.005433634389191866,0.0,0.004528028424829245,0.0063392398878932,0.00030186856747604907,0.0012074742699041963,0.0013584085972979665,0.0,0.0,0.0,0.0,0.0,0.0012074742699041963,0.0012074742699041963,0.0,0.0,0.0,0.0,0.014489690773189068,0.0,0.0,0.0018112113466486335,0.0,0.007244845386594534,0.2046668827533722,0.0,0.0,0.0,0.03471488505601883,0.0,0.0,0.0,0.0,0.003622422693297267,0.0,0.0,0.0,0.0,0.00045280283666215837,0.0249041561037302,0.0,0.0,0.0,0.004316720645874739,0.011833247728645802,0.008814562112092972,0.0,0.0,0.02185528352856636,0.0,0.0,0.00736559322103858,0.002113079885020852,0.00033205540967173874,0.0017810245044529438,0.0,0.0021734535694122314,0.0,0.0018112113466486335,0.0,3.0186856747604907e-05,0.001841398305259645,0.0,3.0186856747604907e-05,0.0015093428082764149,0.0,0.0,0.12292087823152542,0.0,0.0,3.0186856747604907e-05,0.0,0.0,0.0,0.0,0.0,0.0,0.00015093428373802453,0.0016300902934744954,0.00039242912316694856,0.0005131765501573682,0.0,0.0,0.0007546714041382074,0.0014791559660807252,0.0,0.0,0.0,0.0016904639778658748,0.0021432668436318636,0.0,0.0,0.0,0.0,0.0,0.0,0.0,0.0007546714041382074,0.0,0.0,0.0,0.00045280283666215837,0.0,0.0,0.0,0.0,0.0,0.0,0.0,0.0006037371349520981,0.0,0.0,0.0015395296504721045,0.00012074742699041963,0.002716817194595933,0.0,0.0,0.0,0.0,0.0,6.037371349520981e-05,0.0,0.0006339239771477878,0.0,0.0,0.0,0.0,0.0,0.0,0.0,0.0,0.0,0.0,0.0,0.00030186856747604907,0.0,0.0,0.0,0.0,0.0,0.0,0.0,0.00012074742699041963,0.0,9.056057024281472e-05,0.0,9.056057024281472e-05,3.0186856747604907e-05,0.00030186856747604907,0.0,0.0,0.0,0.0,0.00027168169617652893,0.0,0.0006339239771477878,0.0,0.0,0.00015093428373802453,0.0007244845619425178,0.0,0.0,0.0,0.0,0.0,0.0,9.056057024281472e-05,0.0,0.0,0.0,3.0186856747604907e-05,0.0,0.0,0.00024149485398083925,0.0,0.0,0.0,0.0,0.0,0.0,6.037371349520981e-05,0.0003622422809712589,0.0,0.0,0.0,0.00012074742699041963,0.00015093428373802453,0.00015093428373802453,0.0,0.0,0.0,0.0010263531003147364,0.0,0.0,0.0,0.0,3.0186856747604907e-05,0.0,0.0016904639778658748,0.0,0.0,0.01424819603562355,0.0,0.0,0.0,0.0,3.0186856747604907e-05,0.0020527062006294727,0.004135599359869957,0.0017206508200615644,0.0,0.0,0.007878769189119339,0.0,3.0186856747604907e-05,0.0,0.0,0.016572583466768265,0.0,0.0,0.0,0.0,0.0,0.0,0.0,0.0,0.0,0.0,0.0,0.0,0.0,0.0,0.0,0.02650406025350094,0.0,0.0019923325162380934,0.0,0.0,0.0,0.0,0.0,0.0,0.0,0.0,0.0,0.0,0.0,0.0,0.0,0.00045280283666215837,0.0,0.0,0.0,0.0,0.0,0.0,0.0,0.0,0.0,0.0,0.0,0.0,0.0007244845619425178,0.0,0.0013584085972979665,0.0,0.0,0.0,0.0,0.0016300902934744954,0.0,0.0,0.0,0.0,0.0,0.0,0.0,0.0,3.0186856747604907e-05,6.037371349520981e-05,0.0,0.0,0.0,0.0,0.0,0.0,0.0,0.0,0.0,0.0,0.0,0.0,0.0,0.0,0.0,0.0,0.0,0.0
1780277110715121534,33139,1,0.03621111065149307,0.0009052777895703912,0.21998250484466553,0.017502035945653915,0.016294999048113823,0.007212046068161726,0.0,0.0,0.007845740765333176,0.011466851457953453,0.027158332988619804,0.0,0.0,0.0,0.0,0.00512990728020668,0.0,0.007242222316563129,0.004526388831436634,0.0003017592534888536,0.007845740765333176,0.0018105555791407824,0.0036211111582815647,0.0,0.0018105555791407824,0.003922870382666588,0.0,0.0,0.02534777671098709,0.005431666504591703,0.0,0.004526388831436634,0.006336944177746773,0.0003017592534888536,0.0012070370139554143,0.0013579166261479259,0.0,0.0,0.0,0.0,0.0,0.0012070370139554143,0.0012070370139554143,0.0,0.0,0.0,0.0,0.014484444633126259,0.0,0.0,0.0018105555791407824,0.0,0.007242222316563129,0.2045927792787552,0.0,0.0,0.0,0.03470231592655182,0.0,0.0,0.0,0.0,0.0036211111582815647,0.0,0.0,0.0,0.0,0.0004526388947851956,0.025136545300483704,0.0,0.0,0.0,0.004224629607051611,0.011979842558503151,0.00884154625236988,0.0,0.0,0.02163613960146904,0.0,0.0,0.007453453727066517,0.0021123148035258055,0.0003017592534888536,0.0018105555791407824,0.0,0.0020821387879550457,0.0,0.0017502036644145846,0.0,0.0,0.0018105555791407824,0.0,0.0,0.0014786203391849995,0.0,0.0,0.12269531190395355,6.0351852880558e-05,0.0,3.0175926440279e-05,0.0,0.0,0.0,0.0,0.0,0.0,0.0001508796267444268,0.0016596759669482708,0.000331935181748122,0.0005129907513037324,0.0,0.0,0.0007543981191702187,0.0015087962383404374,0.0,0.0,0.0,0.0017200277652591467,0.0020519630052149296,0.0,0.0,0.0,0.0,0.0,0.0,0.0,0.0007845740765333176,0.0,0.0,0.0,0.0004526388947851956,0.0,0.0,0.0,0.0,0.0,0.0,0.0,0.0006035185069777071,0.0,0.0,0.0014786203391849995,0.0001810555550036952,0.0027158332522958517,0.0,0.0,0.0,0.0,0.0,9.05277775018476e-05,0.0,0.0005431666504591703,0.0,0.0,0.0,0.0,0.0,0.0,0.0,0.0,0.0,0.0,0.0,0.0003017592534888536,0.0,0.0,0.0,0.0,0.0,0.0,0.0,0.0001508796267444268,0.0,0.0002112314832629636,0.0,9.05277775018476e-05,9.05277775018476e-05,0.0003017592534888536,0.0,0.0,0.0,0.0,0.0003017592534888536,0.0,0.000633694464340806,0.0,0.0,0.0001508796267444268,0.0005431666504591703,0.0,0.0,0.0,0.0,0.0,0.0,0.000120703705761116,0.0,0.0,0.0,0.0,0.0,0.0,0.0003922870382666588,0.0,0.0,0.0,0.0,0.0,0.0,6.0351852880558e-05,0.000482814823044464,0.0,0.0,9.05277775018476e-05,0.0002112314832629636,0.0001810555550036952,6.0351852880558e-05,0.0,0.0,0.0,0.0010259815026074648,0.0,0.0,0.0,0.0,0.0,0.0,0.0018105555791407824,0.0,0.0,0.014333564788103104,0.0,0.0,0.0,0.0,0.0,0.0020821387879550457,0.004134101793169975,0.0017502036644145846,0.0,0.0,0.007966444827616215,0.0,0.0,0.0,0.0,0.016415704041719437,0.0,0.0,0.0,0.0,0.0,0.0,0.0,0.0,0.0,0.0,0.0,0.0,0.0,0.0,0.0,0.02643411047756672,0.0,0.0018407314782962203,0.0,0.0,0.0,0.0,0.0,0.0,0.0,3.0175926440279e-05,0.0,0.0,0.0,0.0,0.0,0.0004526388947851956,0.0,0.0,0.0,0.0,0.0,0.0,0.0,0.0,0.0,0.0,0.0,0.0,0.0007543981191702187,0.0,0.0013579166261479259,0.0,0.0,0.0,0.0,0.0015691481530666351,0.0,0.0,0.0,0.0,0.0,0.0,0.0,0.0,0.0,6.0351852880558e-05,0.0,0.0,0.0,0.0,0.0,0.0,0.0,0.0,0.0,0.0,0.0,0.0,0.0,0.0,0.0,0.0,0.0,0.0
1780277115715121534,13254,1,0.03621548041701317,0.0009053870453499258,0.22000905871391296,0.017504150047898293,0.01629696786403656,0.007092198356986046,0.0,0.0,0.00784668792039156,0.011468236334621906,0.02716161124408245,0.0,0.0,0.0,0.0,0.0051305266097188,0.0,0.007243096362799406,0.004526935052126646,0.0003017956914845854,0.00784668792039156,0.0018107740906998515,0.003621548181399703,0.0,0.0018107740906998515,0.00392334396019578,0.0,0.0,0.025350837036967278,0.005432322155684233,0.0,0.004526935052126646,0.006337709259241819,0.0003017956914845854,0.0012071827659383416,0.0013580805389210582,0.0,0.0,0.0,0.0,0.0,0.0012071827659383416,0.0012071827659383416,0.0,0.0,0.0,0.0,0.014486192725598812,0.0,0.0,0.0018107740906998515,0.0,0.007243096362799406,0.2046174705028534,0.0,0.0,0.0,0.03470650315284729,0.0,0.0,0.0,0.0,0.003621548181399703,0.0,0.0,0.0,0.0,0.0004526935226749629,0.02519994042813778,0.0,0.0,0.0,0.0041496907360851765,0.012147276662290096,0.008752075023949146,0.0,0.0,0.021578392013907433,0.0,0.0,0.007544891908764839,0.0021125697530806065,0.0003017956914845854,0.0018107740906998515,0.0,0.0021125697530806065,0.0,0.0017353252042084932,0.0,0.0,0.0015844273148104548,0.0,0.0,0.001659876317717135,0.0,0.0,0.12313263863325119,0.0,0.0,0.0,0.0,0.0,0.0,0.0,0.0,0.0,0.0001508978457422927,0.0017353252042084932,0.0004526935226749629,0.0007544892141595483,0.0,0.0,0.0007544892141595483,0.0015089784283190966,0.0,0.0,0.0,0.0017353252042084932,0.00203712098300457,0.0,0.0,0.0,0.0,7.544892287114635e-05,0.0,0.0,0.0007544892141595483,0.0,0.0,0.0,0.0004526935226749629,0.0,0.0,0.0,0.0,0.0,0.0,0.0,0.0006035913829691708,0.0,0.0,0.0010562848765403032,0.0001508978457422927,0.0027161610778421164,0.0,0.0,0.0,0.0,0.0,7.544892287114635e-05,0.0,0.0004526935226749629,0.0,0.0,0.0,0.0,0.0,0.0,0.0,0.0,0.0,0.0,0.0,0.0003017956914845854,0.0,0.0,0.0,0.0,0.0,0.0,0.0,0.0001508978457422927,0.0,0.00022634676133748144,0.0,0.0,0.0,0.0003017956914845854,0.0,0.0,0.0,0.0,0.0001508978457422927,0.0,0.0006035913829691708,0.0,0.0,0.0001508978457422927,0.0006790402694605291,0.0,0.0,0.0,0.0,0.0,0.0,0.00022634676133748144,0.0,0.0,0.0,0.0,0.0,0.0,0.0005281424382701516,0.0,0.0,0.0,0.0,0.0,0.0,7.544892287114635e-05,0.0004526935226749629,0.0,0.0,7.544892287114635e-05,0.0004526935226749629,7.544892287114635e-05,0.0003017956914845854,0.0,0.0,0.0,0.0010562848765403032,0.0,0.0,0.0,0.0,0.0,0.0,0.0018107740906998515,0.0,0.0,0.014410743489861488,0.0,0.0,0.0,0.0,0.0,0.00203712098300457,0.0041496907360851765,0.0015844273148104548,0.0,0.0,0.008073034696280956,0.0,0.0,0.0,0.0,0.016146069392561913,0.0,0.0,0.0,0.0,0.0,0.0,0.0,0.0,0.0,0.0,0.0,0.0,0.0,0.0,0.0,0.026331674307584763,0.0,0.00203712098300457,0.0,0.0,0.0,0.0,0.0,0.0,0.0,0.0,0.0,0.0,0.0,0.0,0.0,0.0004526935226749629,0.0,0.0,0.0,0.0,0.0,0.0,0.0,0.0,0.0,0.0,0.0,0.0,0.0006035913829691708,0.0,0.0013580805389210582,0.0,0.0,0.0,0.0,0.001659876317717135,0.0,0.0,0.0,0.0,0.0,0.0,0.0,0.0,0.0,7.544892287114635e-05,0.0,0.0,0.0,0.0,0.0,0.0,0.0,0.0,0.0,0.0,0.0,0.0,0.0,0.0,0.0,0.0,0.0,0.0
